X,Y,Z,RHO
-40,340,-26.387,53.98255
-40,340,-27.96561429,56.90692
-40,340,-29.6367,59.95788
-40,340,-31.4056,63.09627
-40,340,-33.27792857,66.26
-40,340,-35.25958571,69.36296
-40,340,-37.35674286,72.30149
-40,340,-39.57587143,74.9665
-40,340,-41.92372857,77.25674
-40,340,-44.40741429,79.08911
-40,340,-47.03434286,80.40348
-40,340,-49.81231429,81.16221
-40,340,-52.74951429,81.34625
-40,340,-55.85455714,80.95035
-40,340,-59.13652857,79.97984
-40,340,-62.60502857,78.45002
-40,340,-66.2702,76.38857
-40,340,-70.14277143,73.83943
-40,340,-74.2341,70.86614
-40,340,-78.55624286,67.55203
-40,340,-83.12197143,63.9959
-40,340,-87.94482857,60.30361
-40,340,-93.03922857,56.57727
-40,340,-98.42041429,52.90523
-40,340,-104.1046286,49.35514
-40,340,-110.1090143,45.97156
-40,340,-116.4518286,42.77795
-40,340,-123.1523714,39.78176
-40,340,-130.2311143,36.98106
-40,340,-137.7098143,34.37066
-40,340,-145.6115714,31.9468
-40,340,-153.9608571,29.70948
-40,340,-162.7841429,27.66255
-40,340,-172.109,25.81213
-40,340,-181.9654286,24.16418
-40,340,-192.3851429,22.72202
-40,340,-203.402,21.48431
-40,340,-215.0517143,20.44373
-40,340,-227.3724286,19.58624
-40,340,-240.4041429,18.89086
-40,340,-254.1894286,18.33002
-40,340,-268.773,17.87046
-40,340,-284.2024286,17.47532
-40,340,-300.5278571,17.10779
-40,340,-317.8028571,16.73632
-40,340,-336.0842857,16.34086
-40,340,-355.4322857,15.91858
-40,340,-375.9115714,15.48713
-40,340,-397.5907143,15.08399
-40,340,-420.5428571,14.762
-40,340,-444.8457143,14.58278
-40,340,-470.582,14.61026
-40,340,-497.8394286,14.90629
-40,340,-526.7105714,15.52851
-40,340,-557.294,16.52967
-40,340,-589.6931429,17.95703
-40,340,-624.0175714,19.85094
-40,340,-660.3827143,22.24203
-40,340,-698.9105714,25.14626
-40,340,-739.7294286,28.55628
-40,360,-25.92597143,48.08789
-40,360,-27.47651429,50.54004
-40,360,-29.11798571,53.09735
-40,360,-30.85572857,55.73521
-40,360,-32.69532857,58.41265
-40,360,-34.6427,61.07157
-40,360,-36.704,63.64149
-40,360,-38.8857,66.04787
-40,360,-41.19455714,68.22066
-40,360,-43.63762857,70.09997
-40,360,-46.22231429,71.63759
-40,360,-48.95634286,72.79514
-40,360,-51.84787143,73.54053
-40,360,-54.90538571,73.84496
-40,360,-58.13787143,73.682
-40,360,-61.55478571,73.02966
-40,360,-65.16607143,71.87507
-40,360,-68.98227143,70.22073
-40,360,-73.0145,68.09017
-40,360,-77.27451429,65.53074
-40,360,-81.7748,62.61203
-40,360,-86.52854286,59.41978
-40,360,-91.54975714,56.04658
-40,360,-96.85327143,52.58211
-40,360,-102.4548429,49.1051
-40,360,-108.3712,45.67897
-40,360,-114.6200714,42.35129
-40,360,-121.2203143,39.15628
-40,360,-128.1919143,36.119
-40,360,-135.5561286,33.25947
-40,360,-143.3355714,30.59571
-40,360,-151.5541429,28.14506
-40,360,-160.2375714,25.92397
-40,360,-169.4128571,23.94669
-40,360,-179.109,22.22377
-40,360,-189.3567143,20.76085
-40,360,-200.1885714,19.5581
-40,360,-211.6392857,18.61029
-40,360,-223.7458571,17.90721
-40,360,-236.5471429,17.43413
-40,360,-250.0847143,17.17214
-40,360,-264.4024286,17.09819
-40,360,-279.5467143,17.18518
-40,360,-295.5671429,17.40244
-40,360,-312.5154286,17.71709
-40,360,-330.4471429,18.09658
-40,360,-349.4204286,18.51227
-40,360,-369.4971429,18.94312
-40,360,-390.7427143,19.37842
-40,360,-413.2261429,19.81805
-40,360,-437.0208571,20.26978
-40,360,-462.2041429,20.74414
-40,360,-488.8582857,21.24817
-40,360,-517.0698571,21.78043
-40,360,-546.931,22.32908
-40,360,-578.5391429,22.87438
-40,360,-611.9974286,23.39532
-40,360,-647.4154286,23.87821
-40,360,-684.9087143,24.32355
-40,360,-724.6001429,24.74771
-40,380,-25.81311429,48.97284
-40,380,-27.35765714,51.35555
-40,380,-28.99285714,53.83912
-40,380,-30.72404286,56.40443
-40,380,-32.55685714,59.01765
-40,380,-34.49721429,61.62947
-40,380,-36.55131429,64.17929
-40,380,-38.72565714,66.60253
-40,380,-41.02702857,68.83784
-40,380,-43.46251429,70.83135
-40,380,-46.03955714,72.53714
-40,380,-48.7659,73.91455
-40,380,-51.64968571,74.92423
-40,380,-54.69944286,75.52516
-40,380,-57.92414286,75.67432
-40,380,-61.33321429,75.32998
-40,380,-64.93664286,74.45839
-40,380,-68.7449,73.04252
-40,380,-72.7691,71.09032
-40,380,-77.02098571,68.63956
-40,380,-81.51295714,65.75705
-40,380,-86.2582,62.53187
-40,380,-91.27067143,59.06425
-40,380,-96.56514286,55.45336
-40,380,-102.1573286,51.78722
-40,380,-108.0638571,48.13706
-40,380,-114.3023714,44.55663
-40,380,-120.8916143,41.08546
-40,380,-127.8514429,37.75398
-40,380,-135.203,34.58859
-40,380,-142.9687143,31.61486
-40,380,-151.1727143,28.85844
-40,380,-159.8402857,26.34377
-40,380,-168.9985714,24.09166
-40,380,-178.6768571,22.1168
-40,380,-188.9057143,20.42619
-40,380,-199.7181429,19.01863
-40,380,-211.1491429,17.88527
-40,380,-223.2357143,17.01074
-40,380,-236.017,16.37427
-40,380,-249.535,15.95059
-40,380,-263.8335714,15.71053
-40,380,-278.9594286,15.62159
-40,380,-294.9621429,15.64905
-40,380,-311.8942857,15.75809
-40,380,-329.8112857,15.91729
-40,380,-348.7724286,16.10296
-40,380,-368.8402857,16.30342
-40,380,-390.0815714,16.52157
-40,380,-412.5667143,16.77465
-40,380,-436.3708571,17.09075
-40,380,-461.5731429,17.50301
-40,380,-488.2577143,18.04288
-40,380,-516.5137143,18.73416
-40,380,-546.4351429,19.58905
-40,380,-578.1217143,20.60719
-40,380,-611.6785714,21.77787
-40,380,-647.217,23.08486
-40,380,-684.8544286,24.51187
-40,380,-724.7154286,26.04582
-40,400,-25.79055714,47.69136
-40,400,-27.33402857,49.97568
-40,400,-28.96802857,52.35584
-40,400,-30.69787143,54.81462
-40,400,-32.52921429,57.32131
-40,400,-34.46798571,59.83127
-40,400,-36.52041429,62.29017
-40,400,-38.69302857,64.64111
-40,400,-40.99265714,66.83134
-40,400,-43.42644286,68.81607
-40,400,-46.00184286,70.55834
-40,400,-48.72665714,72.02553
-40,400,-51.60907143,73.18475
-40,400,-54.65762857,73.99876
-40,400,-57.88134286,74.42454
-40,400,-61.28967143,74.41531
-40,400,-64.89254286,73.92629
-40,400,-68.70045714,72.92308
-40,400,-72.72447143,71.39073
-40,400,-76.97628571,69.34071
-40,400,-81.46824286,66.81337
-40,400,-86.21345714,63.87492
-40,400,-91.22575714,60.60948
-40,400,-96.51985714,57.10873
-40,400,-102.1113,53.46203
-40,400,-108.0166143,49.74944
-40,400,-114.2533,46.03872
-40,400,-120.8399429,42.38599
-40,400,-127.7962714,38.83854
-40,400,-135.1432429,35.43825
-40,400,-142.9031429,32.22386
-40,400,-151.0998571,29.2316
-40,400,-159.7584286,26.49405
-40,400,-168.9058571,24.03817
-40,400,-178.5711429,21.88315
-40,400,-188.7845714,20.03919
-40,400,-199.5787143,18.50734
-40,400,-210.9882857,17.28041
-40,400,-223.0502857,16.34449
-40,400,-235.8034286,15.68043
-40,400,-249.2892857,15.26509
-40,400,-263.5518571,15.07185
-40,400,-278.6375714,15.07085
-40,400,-294.5958571,15.22916
-40,400,-311.4788571,15.51171
-40,400,-329.342,15.88331
-40,400,-348.2438571,16.31203
-40,400,-368.2465714,16.7732
-40,400,-389.4157143,17.25281
-40,400,-411.8212857,17.7488
-40,400,-435.5368571,18.26933
-40,400,-460.6404286,18.82826
-40,400,-487.215,19.4391
-40,400,-515.3478571,20.10929
-40,400,-545.1315714,20.83684
-40,400,-576.6642857,21.61074
-40,400,-610.0494286,22.41507
-40,400,-645.3968571,23.23576
-40,400,-682.8225714,24.06686
-40,400,-722.4494286,24.91348
-40,420,-25.76351429,46.73539
-40,420,-27.30551429,48.93829
-40,420,-28.93785714,51.23347
-40,420,-30.66591429,53.6061
-40,420,-32.49528571,56.02894
-40,420,-34.43192857,58.46194
-40,420,-36.48207143,60.85621
-40,420,-38.65225714,63.16064
-40,420,-40.94934286,65.328
-40,420,-43.38048571,67.31828
-40,420,-45.95315714,69.0982
-40,420,-48.67518571,70.63782
-40,420,-51.55477143,71.9059
-40,420,-54.6005,72.86605
-40,420,-57.82138571,73.47524
-40,420,-61.22687143,73.68548
-40,420,-64.82692857,73.44895
-40,420,-68.63202857,72.72568
-40,420,-72.65321429,71.4918
-40,420,-76.90212857,69.74629
-40,420,-81.3911,67.51384
-40,420,-86.13311429,64.84295
-40,420,-91.14197143,61.79989
-40,420,-96.43222857,58.46044
-40,420,-102.0193571,54.90205
-40,420,-107.9197429,51.1985
-40,420,-114.1507286,47.41787
-40,420,-120.7307714,43.6234
-40,420,-127.6794429,39.87563
-40,420,-135.0175571,36.23427
-40,420,-142.7672429,32.75822
-40,420,-150.9521429,29.50353
-40,420,-159.5971429,26.51987
-40,420,-168.7292857,23.84667
-40,420,-178.3768571,21.51044
-40,420,-188.5701429,19.52378
-40,420,-199.3417143,17.8865
-40,420,-210.7258571,16.58804
-40,420,-222.759,15.61052
-40,420,-235.4801429,14.93157
-40,420,-248.9305714,14.52623
-40,420,-263.154,14.36795
-40,420,-278.1968571,14.42857
-40,420,-294.1082857,14.67794
-40,420,-310.9402857,15.08371
-40,420,-328.7482857,15.61195
-40,420,-347.5902857,16.22903
-40,420,-367.5281429,16.90438
-40,420,-388.627,17.61336
-40,420,-410.9558571,18.33882
-40,420,-434.5877143,19.07041
-40,420,-459.5998571,19.80148
-40,420,-486.0738571,20.52449
-40,420,-514.0961429,21.22715
-40,420,-543.758,21.89123
-40,420,-575.1564286,22.49558
-40,420,-608.3935714,23.02291
-40,420,-643.5782857,23.46793
-40,420,-680.825,23.84319
-40,420,-720.2555714,24.17939
-40,440,-25.73428571,46.83444
-40,440,-27.27474286,49.01878
-40,440,-28.90547143,51.29514
-40,440,-30.63178571,53.65054
-40,440,-32.45932857,56.05968
-40,440,-34.39401429,58.48442
-40,440,-36.44211429,60.87747
-40,440,-38.61014286,63.18882
-40,440,-40.90497143,65.37169
-40,440,-43.33374286,67.38597
-40,440,-45.90395714,69.19797
-40,440,-48.62345714,70.77733
-40,440,-51.50044286,72.09272
-40,440,-54.54347143,73.10807
-40,440,-57.7616,73.7809
-40,440,-61.16425714,74.06372
-40,440,-64.7614,73.9087
-40,440,-68.56351429,73.27477
-40,440,-72.58161429,72.13577
-40,440,-76.82735714,70.48699
-40,440,-81.31302857,68.34833
-40,440,-86.05164286,65.76275
-40,440,-91.05692857,62.79065
-40,440,-96.34345714,59.50214
-40,440,-101.9266286,55.96964
-40,440,-107.8228143,52.263
-40,440,-114.0492857,48.44798
-40,440,-120.6244429,44.58758
-40,440,-127.5677714,40.74452
-40,440,-134.9,36.98304
-40,440,-142.6431714,33.36856
-40,440,-150.8207143,29.96479
-40,440,-159.4578571,26.82923
-40,440,-168.581,24.00827
-40,440,-178.2185714,21.53372
-40,440,-188.4011429,19.42158
-40,440,-199.1608571,17.6731
-40,440,-210.5321429,16.27771
-40,440,-222.5515714,15.21657
-40,440,-235.2578571,14.46591
-40,440,-248.6924286,13.99943
-40,440,-262.899,13.78951
-40,440,-277.924,13.80722
-40,440,-293.8167143,14.02178
-40,440,-310.629,14.39994
-40,440,-328.4162857,14.90639
-40,440,-347.237,15.50544
-40,440,-367.1527143,16.16418
-40,440,-388.229,16.85601
-40,440,-410.5351429,17.56327
-40,440,-434.1442857,18.27746
-40,440,-459.134,18.99656
-40,440,-485.586,19.72038
-40,440,-513.5872857,20.44566
-40,440,-543.2294286,21.16331
-40,440,-574.6095714,21.85938
-40,440,-607.8302857,22.51983
-40,440,-643.0002857,23.13744
-40,440,-680.2347143,23.71762
-40,440,-719.6552857,24.28014
-40,450,-26.01814286,47.51384
-40,450,-27.57472857,49.79451
-40,450,-29.22241429,52.1728
-40,450,-30.96654286,54.63377
-40,450,-32.81282857,57.14968
-40,450,-34.76722857,59.67965
-40,450,-36.83604286,62.17374
-40,450,-39.02587143,64.57972
-40,450,-41.3436,66.84927
-40,450,-43.79645714,68.94137
-40,450,-46.39197143,70.82179
-40,450,-49.13802857,72.45969
-40,450,-52.04288571,73.82316
-40,450,-55.11517143,74.87561
-40,450,-58.36397143,75.57444
-40,450,-61.7988,75.87284
-40,450,-65.42965714,75.72446
-40,450,-69.26707143,75.09023
-40,450,-73.32212857,73.9455
-40,450,-77.60652857,72.28563
-40,450,-82.13258571,70.12822
-40,450,-86.91337143,67.5115
-40,450,-91.96267143,64.48941
-40,450,-97.29507143,61.12523
-40,450,-102.9260429,57.48608
-40,450,-108.8719571,53.63962
-40,450,-115.1501857,49.65365
-40,450,-121.7791571,45.59756
-40,450,-128.7784286,41.54414
-40,450,-136.1688143,37.56975
-40,450,-143.9724286,33.75202
-40,450,-152.2128571,30.16506
-40,450,-160.9152857,26.87348
-40,450,-170.1062857,23.92698
-40,450,-179.8145714,21.35717
-40,450,-190.0704286,19.17717
-40,450,-200.9064286,17.38389
-40,450,-212.357,15.96199
-40,450,-224.4587143,14.88828
-40,450,-237.2507143,14.13566
-40,450,-250.7745714,13.67579
-40,450,-265.0741429,13.48035
-40,450,-280.196,13.52113
-40,450,-296.1897143,13.76915
-40,450,-313.1077143,14.1938
-40,450,-331.0052857,14.7625
-40,450,-349.9411429,15.44146
-40,450,-369.9772857,16.19773
-40,450,-391.1792857,17.00188
-40,450,-413.6164286,17.82999
-40,450,-437.3622857,18.66409
-40,450,-462.494,19.49025
-40,450,-489.0938571,20.29516
-40,450,-517.2484286,21.06287
-40,450,-547.0495714,21.77386
-40,450,-578.5942857,22.40777
-40,450,-611.9852857,22.94973
-40,450,-647.3314286,23.3979
-40,450,-684.7478571,23.76863
-40,450,-724.3565714,24.09641
-40,460,-26.04934286,47.49985
-40,460,-27.60835714,49.74163
-40,460,-29.25862857,52.07804
-40,460,-31.00552857,54.49479
-40,460,-32.85477143,56.96522
-40,460,-34.81231429,59.44983
-40,460,-36.88447143,61.90041
-40,460,-39.07787143,64.2665
-40,460,-41.39941429,66.50157
-40,460,-43.85635714,68.56632
-40,460,-46.45625714,70.42821
-40,460,-49.20704286,72.05831
-40,460,-52.11701429,73.42687
-40,460,-55.19484286,74.4997
-40,460,-58.44965714,75.23666
-40,460,-61.89102857,75.59299
-40,460,-65.529,75.52356
-40,460,-69.37417143,74.98922
-40,460,-73.43767143,73.96367
-40,460,-77.73122857,72.43894
-40,460,-82.26725714,70.4278
-40,460,-87.05881429,67.96239
-40,460,-92.11975714,65.08976
-40,460,-97.46471429,61.86588
-40,460,-103.1091857,58.35061
-40,460,-109.0695714,54.60495
-40,460,-115.3632857,50.69119
-40,460,-122.0087714,46.6751
-40,460,-129.0256,42.6282
-40,460,-136.4346143,38.62836
-40,460,-144.258,34.75731
-40,460,-152.5191429,31.09532
-40,460,-161.2434286,27.7142
-40,460,-170.4574286,24.67094
-40,460,-180.1897143,22.00346
-40,460,-190.4708571,19.72967
-40,460,-201.333,17.84958
-40,460,-212.811,16.34928
-40,460,-224.9412857,15.20578
-40,460,-237.7631429,14.39122
-40,460,-251.3178571,13.87603
-40,460,-265.6494286,13.63048
-40,460,-280.8048571,13.625
-40,460,-296.8332857,13.82956
-40,460,-313.7871429,14.2129
-40,460,-331.7221429,14.74225
-40,460,-350.6968571,15.38412
-40,460,-370.7732857,16.10628
-40,460,-392.0171429,16.88023
-40,460,-414.4978571,17.6831
-40,460,-438.2888571,18.4979
-40,460,-463.4677143,19.31153
-40,460,-490.1167143,20.11133
-40,460,-518.3224286,20.88178
-40,460,-548.1767143,21.60344
-40,460,-579.7771429,22.25563
-40,460,-613.2261429,22.8227
-40,460,-648.6328571,23.30156
-40,460,-686.1125714,23.70703
-40,460,-725.7872857,24.07203
-40,470,-25.73,46.35188
-40,470,-27.27002857,48.52094
-40,470,-28.90021429,50.77912
-40,470,-30.62585714,53.11119
-40,470,-32.45258571,55.49068
-40,470,-34.38632857,57.87997
-40,470,-36.43332857,60.23447
-40,470,-38.60012857,62.50877
-40,470,-40.89357143,64.66196
-40,470,-43.32082857,66.65984
-40,470,-45.8894,68.47342
-40,470,-48.60711429,70.07485
-40,470,-51.48218571,71.43283
-40,470,-54.52318571,72.50929
-40,470,-57.73914286,73.25874
-40,470,-61.13951429,73.63084
-40,470,-64.73422857,73.57586
-40,470,-68.53375714,73.05196
-40,470,-72.5491,72.03245
-40,470,-76.79188571,70.51106
-40,470,-81.27434286,68.50364
-40,470,-86.00942857,66.04584
-40,470,-91.01081429,63.18771
-40,470,-96.293,59.98726
-40,470,-101.8713286,56.50523
-40,470,-107.7620429,52.80259
-40,470,-113.9823571,48.94108
-40,470,-120.5505571,44.98576
-40,470,-127.4860857,41.00746
-40,470,-134.8095429,37.08339
-40,470,-142.5429143,33.29441
-40,470,-150.7095714,29.71959
-40,470,-159.3344286,26.42911
-40,470,-168.4441429,23.47793
-40,470,-178.0668571,20.90187
-40,470,-188.2328571,18.71694
-40,470,-198.9741429,16.9218
-40,470,-210.3251429,15.50202
-40,470,-222.3222857,14.435
-40,470,-235.0041429,13.69429
-40,470,-248.4121429,13.25268
-40,470,-262.5898571,13.08362
-40,470,-277.5838571,13.16132
-40,470,-293.4432857,13.45979
-40,470,-310.2204286,13.95145
-40,470,-327.9702857,14.60628
-40,470,-346.7512857,15.39171
-40,470,-366.6251429,16.27392
-40,470,-387.6568571,17.21968
-40,470,-409.9155714,18.19806
-40,470,-433.474,19.18072
-40,470,-458.4088571,20.14047
-40,470,-484.8017143,21.0489
-40,470,-512.7385714,21.87469
-40,470,-542.3102857,22.58515
-40,470,-573.6132857,23.15175
-40,470,-606.7494286,23.55891
-40,470,-641.8265714,23.81254
-40,470,-678.959,23.94413
-40,470,-718.268,24.00779
-40,480,-26.0273,48.58545
-40,480,-27.58434286,50.91321
-40,480,-29.23244286,53.34075
-40,480,-30.97697143,55.85321
-40,480,-32.82361429,58.4227
-40,480,-34.77837143,61.0079
-40,480,-36.84751429,63.55819
-40,480,-39.03767143,66.02055
-40,480,-41.35572857,68.34594
-40,480,-43.80892857,70.49268
-40,480,-46.4048,72.426
-40,480,-49.15124286,74.11451
-40,480,-52.0565,75.52555
-40,480,-55.12921429,76.6213
-40,480,-58.37842857,77.35727
-40,480,-61.81367143,77.684
-40,480,-65.44494286,77.55197
-40,480,-69.28272857,76.9188
-40,480,-73.33814286,75.75711
-40,480,-77.62284286,74.06064
-40,480,-82.14917143,71.84684
-40,480,-86.93017143,69.15503
-40,480,-91.97962857,66.04091
-40,480,-97.31212857,62.56949
-40,480,-102.9431429,58.80892
-40,480,-108.8890143,54.8271
-40,480,-115.1670857,50.69164
-40,480,-121.7957286,46.47222
-40,480,-128.7944714,42.24326
-40,480,-136.1840429,38.0847
-40,480,-143.9865714,34.07973
-40,480,-152.2255714,30.30919
-40,480,-160.9261429,26.84445
-40,480,-170.1152857,23.74076
-40,480,-179.8214286,21.0331
-40,480,-190.0751429,18.73545
-40,480,-200.9092857,16.84327
-40,480,-212.3582857,15.33806
-40,480,-224.4591429,14.19246
-40,480,-237.2512857,13.37482
-40,480,-250.7761429,12.85227
-40,480,-265.0781429,12.59233
-40,480,-280.204,12.56299
-40,480,-296.2034286,12.73203
-40,480,-313.1292857,13.06624
-40,480,-331.0371429,13.53149
-40,480,-349.9862857,14.09416
-40,480,-370.0395714,14.72407
-40,480,-391.2634286,15.39788
-40,480,-413.728,16.10189
-40,480,-437.508,16.83248
-40,480,-462.6821429,17.59391
-40,480,-489.334,18.39373
-40,480,-517.5517143,19.23774
-40,480,-547.4284286,20.12612
-40,480,-579.0628571,21.05267
-40,480,-612.5591429,22.00751
-40,480,-648.0272857,22.98227
-40,480,-685.584,23.97548
-40,480,-725.352,24.99544
-40,490,-27.1634,46.20057
-40,490,-28.7838,48.66722
-40,490,-30.49861429,51.25032
-40,490,-32.31342857,53.93208
-40,490,-34.23408571,56.68048
-40,490,-36.26677143,59.44892
-40,490,-38.41795714,62.18073
-40,490,-40.69441429,64.81666
-40,490,-43.10318571,67.30176
-40,490,-45.65167143,69.58917
-40,490,-48.34752857,71.63955
-40,490,-51.1988,73.41753
-40,490,-54.21387143,74.8871
-40,490,-57.40154286,76.00815
-40,490,-60.77105714,76.73557
-40,490,-64.33212857,77.02141
-40,490,-68.09497143,76.81985
-40,490,-72.07034286,76.09391
-40,490,-76.26957143,74.82224
-40,490,-80.70455714,73.00406
-40,490,-85.38782857,70.66101
-40,490,-90.33258571,67.83519
-40,490,-95.55272857,64.58447
-40,490,-101.0629,60.97654
-40,490,-106.8786714,57.08389
-40,490,-113.0165143,52.98096
-40,490,-119.494,48.74385
-40,490,-126.3298857,44.45146
-40,490,-133.5442,40.18645
-40,490,-141.1583429,36.03438
-40,490,-149.1951429,32.08012
-40,490,-157.679,28.40206
-40,490,-166.6357143,25.06567
-40,490,-176.0925714,22.11835
-40,490,-186.0785714,19.58717
-40,490,-196.6242857,17.47998
-40,490,-207.762,15.7893
-40,490,-219.526,14.49798
-40,490,-231.9527143,13.58507
-40,490,-245.081,13.03117
-40,490,-258.9522857,12.82242
-40,490,-273.6105714,12.95309
-40,490,-289.1034286,13.4266
-40,490,-305.4807143,14.25507
-40,490,-322.7958571,15.45698
-40,490,-341.1051429,17.0526
-40,490,-360.468,19.05628
-40,490,-380.9464286,21.46421
-40,490,-402.6054286,24.23695
-40,490,-425.5132857,27.27652
-40,490,-449.7411429,30.40213
-40,490,-475.3632857,33.33442
-40,490,-502.4581429,35.70613
-40,490,-531.1078571,37.11846
-40,490,-561.3998571,37.2475
-40,490,-593.4264286,35.96921
-40,490,-627.2855714,33.43695
-40,490,-663.0818571,30.05273
-40,490,-700.9271429,26.33667
-40,490,-740.9401429,22.76792
-40,500,-27.16728571,46.20492
-40,500,-28.78797143,48.66857
-40,500,-30.50311429,51.24832
-40,500,-32.31825714,53.92633
-40,500,-34.23928571,56.67063
-40,500,-36.27235714,59.43469
-40,500,-38.42394286,62.162
-40,500,-40.70082857,64.79349
-40,500,-43.11007143,67.27449
-40,500,-45.65904286,69.55839
-40,500,-48.35544286,71.60613
-40,500,-51.20727143,73.38265
-40,500,-54.22295714,74.85224
-40,500,-57.41128571,75.9751
-40,500,-60.78151429,76.70639
-40,500,-64.34335714,76.99838
-40,500,-68.10702857,76.80534
-40,500,-72.08331429,76.09025
-40,500,-76.28351429,74.8315
-40,500,-80.71957143,73.02789
-40,500,-85.404,70.70045
-40,500,-90.35,67.89056
-40,500,-95.57148571,64.65527
-40,500,-101.0831143,61.06144
-40,500,-106.9004286,57.18077
-40,500,-113.0399286,53.08704
-40,500,-119.5191857,48.85585
-40,500,-126.3569571,44.56586
-40,500,-133.5732714,40.29975
-40,500,-141.1895429,36.1434
-40,500,-149.2285714,32.18224
-40,500,-157.7148571,28.49539
-40,500,-166.674,25.14911
-40,500,-176.1334286,22.19151
-40,500,-186.1221429,19.6503
-40,500,-196.6707143,17.53373
-40,500,-207.8112857,15.83458
-40,500,-219.5784286,14.53577
-40,500,-232.0084286,13.61634
-40,500,-245.14,13.05674
-40,500,-259.0147143,12.84294
-40,500,-273.6768571,12.96902
-40,500,-289.1732857,13.43819
-40,500,-305.5545714,14.26238
-40,500,-322.8738571,15.4599
-40,500,-341.1874286,17.05088
-40,500,-360.5547143,19.04959
-40,500,-381.0377143,21.45224
-40,500,-402.7015714,24.21951
-40,500,-425.6144286,27.25375
-40,500,-449.8474286,30.37464
-40,500,-475.475,33.3035
-40,500,-502.5754286,35.67374
-40,500,-531.2311429,37.0871
-40,500,-561.5294286,37.21973
-40,500,-593.5622857,35.94707
-40,500,-627.4281429,33.42148
-40,500,-663.2317143,30.04388
-40,500,-701.0842857,26.33357
-40,500,-741.1051429,22.76934
-40,510,-25.50352857,47.25517
-40,510,-27.03058571,49.43491
-40,510,-28.64705714,51.70262
-40,510,-30.35818571,54.04259
-40,510,-32.16952857,56.42763
-40,510,-34.0869,58.81909
-40,510,-36.11642857,61.17105
-40,510,-38.26454286,63.43676
-40,510,-40.53795714,65.57417
-40,510,-42.94371429,67.54841
-40,510,-45.48915714,69.33045
-40,510,-48.18197143,70.89301
-40,510,-51.03021429,72.20565
-40,510,-54.04232857,73.23107
-40,510,-57.22721429,73.92408
-40,510,-60.59415714,74.23399
-40,510,-64.15301429,74.11035
-40,510,-67.91412857,73.51089
-40,510,-71.8884,72.40953
-40,510,-76.0874,70.80235
-40,510,-80.5233,68.70933
-40,510,-85.20902857,66.17132
-40,510,-90.15822857,63.24343
-40,510,-95.38537143,59.98708
-40,510,-100.9057429,56.46357
-40,510,-106.7355571,52.73121
-40,510,-112.8919286,48.84642
-40,510,-119.3930429,44.86759
-40,510,-126.2581714,40.85945
-40,510,-133.5078143,36.89526
-40,510,-141.1638286,33.05507
-40,510,-149.2494286,29.42012
-40,510,-157.7897143,26.06474
-40,510,-166.811,23.04852
-40,510,-176.3418571,20.41093
-40,510,-186.4125714,18.16982
-40,510,-197.0557143,16.32355
-40,510,-208.3055714,14.85551
-40,510,-220.199,13.73945
-40,510,-232.7751429,12.94431
-40,510,-246.0751429,12.43752
-40,510,-260.1432857,12.18672
-40,510,-275.0262857,12.16004
-40,510,-290.7732857,12.32544
-40,510,-307.4371429,12.65014
-40,510,-325.0735714,13.10086
-40,510,-343.7417143,13.6454
-40,510,-363.5042857,14.25569
-40,510,-384.4277143,14.91136
-40,510,-406.5827143,15.60233
-40,510,-430.0437143,16.32928
-40,510,-454.8898571,17.10113
-40,510,-481.2047143,17.93037
-40,510,-509.0767143,18.82764
-40,510,-538.599,19.79759
-40,510,-569.8702857,20.83747
-40,510,-602.9947143,21.93923
-40,510,-638.0821429,23.09434
-40,510,-675.249,24.29906
-40,510,-714.6177143,25.55766
-40,520,-26.20937143,49.26507
-40,520,-27.77675714,51.67768
-40,520,-29.43577143,54.1954
-40,520,-31.19178571,56.8021
-40,520,-33.05048571,59.46825
-40,520,-35.01781429,62.15049
-40,520,-37.10002857,64.79587
-40,520,-39.30367143,67.34892
-40,520,-41.63558571,69.75805
-40,520,-44.10291429,71.97905
-40,520,-46.71311429,73.97449
-40,520,-49.474,75.71032
-40,520,-52.39372857,77.1513
-40,520,-55.48088571,78.25739
-40,520,-58.74445714,78.9825
-40,520,-62.1939,79.27641
-40,520,-65.83917143,79.0898
-40,520,-69.69078571,78.38147
-40,520,-73.75978571,77.12611
-40,520,-78.05788571,75.32035
-40,520,-82.59744286,72.9852
-40,520,-87.39152857,70.16405
-40,520,-92.45397143,66.91682
-40,520,-97.79942857,63.31257
-40,520,-103.4434143,59.42279
-40,520,-109.4023143,55.31771
-40,520,-115.6935143,51.06612
-40,520,-122.3354571,46.7379
-40,520,-129.3476857,42.40715
-40,520,-136.751,38.1536
-40,520,-144.5675714,34.06067
-40,520,-152.821,30.21015
-40,520,-161.5364286,26.67471
-40,520,-170.7408571,23.5108
-40,520,-180.463,20.75406
-40,520,-190.7335714,18.41826
-40,520,-201.5855714,16.49784
-40,520,-213.0535714,14.97268
-40,520,-225.175,13.81355
-40,520,-237.9894286,12.98706
-40,520,-251.5387143,12.45901
-40,520,-265.8674286,12.19612
-40,520,-281.0227143,12.16621
-40,520,-297.0548571,12.33745
-40,520,-314.0168571,12.67757
-40,520,-331.9651429,13.15364
-40,520,-350.9594286,13.73338
-40,520,-371.0627143,14.38768
-40,520,-392.3422857,15.09396
-40,520,-414.869,15.83858
-40,520,-438.718,16.61731
-40,520,-463.9688571,17.43305
-40,520,-490.7054286,18.29133
-40,520,-519.0165714,19.19532
-40,520,-548.9964286,20.14226
-40,520,-580.7438571,21.1231
-40,520,-614.3638571,22.12581
-40,520,-649.967,23.14127
-40,520,-687.6702857,24.16926
-40,520,-727.5974286,25.22136
-40,530,-26.46947143,47.90561
-40,530,-28.0503,50.37109
-40,530,-29.72345714,52.94807
-40,530,-31.49437143,55.61822
-40,530,-33.36881429,58.34925
-40,530,-35.35282857,61.09467
-40,530,-37.45278571,63.79844
-40,530,-39.6753,66.40242
-40,530,-42.02735714,68.85322
-40,530,-44.51618571,71.10567
-40,530,-47.14934286,73.12202
-40,530,-49.93475714,74.86782
-40,530,-52.88065714,76.30685
-40,530,-55.99571429,77.39721
-40,530,-59.28901429,78.09018
-40,530,-62.77005714,78.33285
-40,530,-66.44887143,78.07406
-40,530,-70.33598571,77.27265
-40,530,-74.44252857,75.90596
-40,530,-78.78018571,73.97597
-40,530,-83.36132857,71.51132
-40,530,-88.199,68.56434
-40,530,-93.307,65.20427
-40,530,-98.69998571,61.50884
-40,530,-104.3934143,57.55699
-40,530,-110.4037429,53.42477
-40,530,-116.7484,49.18473
-40,530,-123.4459286,44.90813
-40,530,-130.5160286,40.66762
-40,530,-137.9796714,36.53854
-40,530,-145.8591429,32.59726
-40,530,-154.1781429,28.91672
-40,530,-162.9621429,25.56029
-40,530,-172.2377143,22.5761
-40,530,-182.0337143,19.99364
-40,530,-192.3807143,17.82347
-40,530,-203.3108571,16.05998
-40,530,-214.859,14.68596
-40,530,-227.0617143,13.67785
-40,530,-239.9581429,13.01035
-40,530,-253.5901429,12.65973
-40,530,-268.002,12.60538
-40,530,-283.2407143,12.82978
-40,530,-299.3561429,13.31692
-40,530,-316.4011429,14.04967
-40,530,-334.4317143,15.00668
-40,530,-353.5065714,16.15938
-40,530,-373.688,17.46964
-40,530,-395.0414286,18.88855
-40,530,-417.6358571,20.35605
-40,530,-441.5441429,21.80154
-40,530,-466.8428571,23.14536
-40,530,-493.6131429,24.30249
-40,530,-521.9404286,25.18984
-40,530,-551.9154286,25.73834
-40,530,-583.634,25.90854
-40,530,-617.1978571,25.70468
-40,530,-652.7147143,25.18096
-40,530,-690.2988571,24.43505
-40,530,-730.0718571,23.59022
-40,540,-25.67341429,47.85541
-40,540,-27.20991429,50.1094
-40,540,-28.83632857,52.45721
-40,540,-30.5579,54.88344
-40,540,-32.38024286,57.36052
-40,540,-34.3092,59.84867
-40,540,-36.35092857,62.3001
-40,540,-38.5119,64.66564
-40,540,-40.79884286,66.90062
-40,540,-43.21881429,68.96751
-40,540,-45.7792,70.83473
-40,540,-48.48768571,72.47249
-40,540,-51.35235714,73.84768
-40,540,-54.38167143,74.92003
-40,540,-57.5845,75.64097
-40,540,-60.97017143,75.95604
-40,540,-64.54852857,75.81085
-40,540,-68.32992857,75.1594
-40,540,-72.32528571,73.97268
-40,540,-76.54615714,72.24527
-40,540,-81.00477143,69.99785
-40,540,-85.71402857,67.27479
-40,540,-90.68762857,64.13788
-40,540,-95.94005714,60.65837
-40,540,-101.4866429,56.90994
-40,540,-107.3436286,52.96459
-40,540,-113.5282143,48.89198
-40,540,-120.0586143,44.76133
-40,540,-126.9542,40.64388
-40,540,-134.2355429,36.61398
-40,540,-141.9245714,32.74736
-40,540,-150.0447143,29.11677
-40,540,-158.6208571,25.78594
-40,540,-167.6797143,22.80396
-40,540,-177.2498571,20.20175
-40,540,-187.3618571,17.9914
-40,540,-198.048,16.16833
-40,540,-209.3431429,14.7153
-40,540,-221.284,13.607
-40,540,-233.9097143,12.81412
-40,540,-247.262,12.30625
-40,540,-261.385,12.05326
-40,540,-276.3254286,12.02542
-40,540,-292.1331429,12.19267
-40,540,-308.8607143,12.52378
-40,540,-326.5641429,12.98645
-40,540,-345.303,13.5486
-40,540,-365.1398571,14.18144
-40,540,-386.1417143,14.863
-40,540,-408.3791429,15.58119
-40,540,-431.9271429,16.33455
-40,540,-456.8648571,17.13018
-40,540,-483.2762857,17.97917
-40,540,-511.2498571,18.89131
-40,540,-540.8792857,19.87073
-40,540,-572.2634286,20.91451
-40,540,-605.5065714,22.01469
-40,540,-640.7191429,23.16315
-40,540,-678.0175714,24.35694
-40,540,-717.5248571,25.60147
-40,550,-25.53731429,47.24769
-40,550,-27.06585714,49.47249
-40,550,-28.68385714,51.78814
-40,550,-30.39658571,54.1776
-40,550,-32.20962857,56.61197
-40,550,-34.12885714,59.05069
-40,550,-36.16048571,61.44579
-40,550,-38.311,63.74852
-40,550,-40.58718571,65.91504
-40,550,-42.99617143,67.90894
-40,550,-45.54538571,69.69988
-40,550,-48.24258571,71.25951
-40,550,-51.09591429,72.55658
-40,550,-54.11388571,73.55327
-40,550,-57.30542857,74.20428
-40,550,-60.67991429,74.45915
-40,550,-64.24718571,74.26784
-40,550,-68.01762857,73.58847
-40,550,-72.00217143,72.39527
-40,550,-76.21234286,70.68466
-40,550,-80.66032857,68.47743
-40,550,-85.35904286,65.81655
-40,550,-90.3221,62.76123
-40,550,-95.56394286,59.37933
-40,550,-101.0998714,55.74072
-40,550,-106.9460571,51.9134
-40,550,-113.1196714,47.96296
-40,550,-119.6389143,43.95464
-40,550,-126.5231143,39.95607
-40,550,-133.7928286,36.0386
-40,550,-141.4699571,32.27591
-40,550,-149.5778571,28.73972
-40,550,-158.1414286,25.49373
-40,550,-167.1872857,22.58774
-40,550,-176.7438571,20.05384
-40,550,-186.8412857,17.90555
-40,550,-197.5121429,16.13976
-40,550,-208.7908571,14.74077
-40,550,-220.7137143,13.68477
-40,550,-233.32,12.94403
-40,550,-246.651,12.4897
-40,550,-260.7504286,12.29319
-40,550,-275.665,12.32616
-40,550,-291.4441429,12.55963
-40,550,-308.14,12.96303
-40,550,-325.8081429,13.5039
-40,550,-344.5075714,14.14908
-40,550,-364.3004286,14.86738
-40,550,-385.253,15.63306
-40,550,-407.435,16.42876
-40,550,-430.9208571,17.24636
-40,550,-455.7887143,18.08513
-40,550,-482.1215714,18.94756
-40,550,-510.0071429,19.83464
-40,550,-539.538,20.74245
-40,550,-570.812,21.66193
-40,550,-603.9328571,22.58225
-40,550,-639.01,23.49644
-40,550,-676.1588571,24.40696
-40,550,-715.502,25.32812
-40,560,-25.50182857,47.26603
-40,560,-27.02752857,49.53786
-40,560,-28.64251429,51.90421
-40,560,-30.35201429,54.34725
-40,560,-32.16161429,56.83695
-40,560,-34.0772,59.33116
-40,560,-36.10492857,61.77997
-40,560,-38.25127143,64.13246
-40,560,-40.52301429,66.34255
-40,560,-42.92722857,68.37154
-40,560,-45.4713,70.18684
-40,560,-48.16297143,71.75773
-40,560,-51.0103,73.0505
-40,560,-54.02177143,74.02469
-40,560,-57.20622857,74.63231
-40,560,-60.57298571,74.8204
-40,560,-64.13184286,74.53708
-40,560,-67.89311429,73.73983
-40,560,-71.86764286,72.4041
-40,560,-76.06692857,70.52982
-40,560,-80.5031,68.1438
-40,560,-85.18898571,65.29721
-40,560,-90.13817143,62.05891
-40,560,-95.36505714,58.50691
-40,560,-100.8848714,54.72067
-40,560,-106.7137857,50.77621
-40,560,-112.8688857,46.74493
-40,560,-119.3683857,42.69507
-40,560,-126.2315571,38.69421
-40,560,-133.4789714,34.81076
-40,560,-141.1324714,31.11285
-40,560,-149.2154286,27.66487
-40,560,-157.7527143,24.52235
-40,560,-166.771,21.72717
-40,560,-176.2985714,19.30457
-40,560,-186.3658571,17.2629
-40,560,-197.005,15.59578
-40,560,-208.2505714,14.28591
-40,560,-220.1391429,13.30939
-40,560,-232.7095714,12.63933
-40,560,-246.0032857,12.24834
-40,560,-260.064,12.10952
-40,560,-274.9382857,12.19614
-40,560,-290.6755714,12.48051
-40,560,-307.3281429,12.93284
-40,560,-324.9512857,13.52085
-40,560,-343.6038571,14.21097
-40,560,-363.3482857,14.97107
-40,560,-384.2504286,15.77416
-40,560,-406.3801429,16.60158
-40,560,-429.8115714,17.44403
-40,560,-454.623,18.29982
-40,560,-480.897,19.17072
-40,560,-508.7212857,20.05719
-40,560,-538.1882857,20.95501
-40,560,-569.3958571,21.85513
-40,560,-602.4472857,22.74707
-40,560,-637.452,23.62472
-40,560,-674.5254286,24.49178
-40,560,-713.7895714,25.3641
-40,570,-25.46342857,47.17626
-40,570,-26.9872,49.40711
-40,570,-28.60015714,51.72922
-40,570,-30.30761429,54.12527
-40,570,-32.1151,56.56607
-40,570,-34.02851429,59.01074
-40,570,-36.054,61.41101
-40,570,-38.19805714,63.71774
-40,570,-40.46742857,65.8865
-40,570,-42.8692,67.87992
-40,570,-45.41078571,69.6661
-40,570,-48.09988571,71.21433
-40,570,-50.94458571,72.49007
-40,570,-53.95338571,73.45139
-40,570,-57.13512857,74.04843
-40,570,-60.49914286,74.22648
-40,570,-64.05525714,73.93271
-40,570,-67.81378571,73.12499
-40,570,-71.78562857,71.78089
-40,570,-75.98227143,69.90401
-40,570,-80.41588571,67.52582
-40,570,-85.09932857,64.70209
-40,570,-90.04621429,61.5052
-40,570,-95.27098571,58.01477
-40,570,-100.7889,54.30959
-40,570,-106.6161714,50.46273
-40,570,-112.7699571,46.54081
-40,570,-119.2684571,42.60613
-40,570,-126.1310571,38.71991
-40,570,-133.3783143,34.94443
-40,570,-141.0321714,31.34272
-40,570,-149.116,27.9754
-40,570,-157.6547143,24.8959
-40,570,-166.675,22.14563
-40,570,-176.2051429,19.75076
-40,570,-186.2755714,17.72155
-40,570,-196.9187143,16.05405
-40,570,-208.1687143,14.73345
-40,570,-220.0622857,13.73808
-40,570,-232.6384286,13.04283
-40,570,-245.9384286,12.62157
-40,570,-260.0061429,12.44826
-40,570,-274.888,12.49683
-40,570,-290.6332857,12.74032
-40,570,-307.2945714,13.14997
-40,570,-324.927,13.69496
-40,570,-343.5895714,14.34358
-40,570,-363.3447143,15.06575
-40,570,-384.2582857,15.8364
-40,570,-406.4004286,16.63828
-40,570,-429.845,17.46289
-40,570,-454.6705714,18.30869
-40,570,-480.9598571,19.17718
-40,570,-508.8007143,20.0682
-40,570,-538.2855714,20.97685
-40,570,-569.5125714,21.8933
-40,570,-602.585,22.80629
-40,570,-637.6125714,23.70894
-40,570,-674.7107143,24.60423
-40,570,-714.0018571,25.50737
-40,580,-25.33118571,46.09041
-40,580,-26.8468,48.26374
-40,580,-28.45114286,50.52675
-40,580,-30.14945714,52.86355
-40,580,-31.9473,55.24644
-40,580,-33.85048571,57.63579
-40,580,-35.86515714,59.98419
-40,580,-37.99774286,62.24269
-40,580,-40.25498571,64.36641
-40,580,-42.6439,66.31699
-40,580,-45.17185714,68.06135
-40,580,-47.84654286,69.56773
-40,580,-50.67598571,70.80106
-40,580,-53.6686,71.71969
-40,580,-56.83322857,72.27498
-40,580,-60.17914286,72.41435
-40,580,-63.71608571,72.0877
-40,580,-67.45432857,71.2558
-40,580,-71.40471429,69.89863
-40,580,-75.57867143,68.02138
-40,580,-79.98831429,65.65599
-40,580,-84.6464,62.85791
-40,580,-89.56651429,59.6989
-40,580,-94.763,56.25828
-40,580,-100.2510714,52.6152
-40,580,-106.0468429,48.84384
-40,580,-112.1674571,45.01212
-40,580,-118.6310857,41.18311
-40,580,-125.457,37.41752
-40,580,-132.6657857,33.77536
-40,580,-140.2792714,30.31567
-40,580,-148.3208571,27.09394
-40,580,-156.8151429,24.15828
-40,580,-165.7888571,21.54549
-40,580,-175.2701429,19.27858
-40,580,-185.2891429,17.36639
-40,580,-195.8778571,15.80527
-40,580,-207.0707143,14.58217
-40,580,-218.9037143,13.67815
-40,580,-231.4158571,13.07154
-40,580,-244.6481429,12.74003
-40,580,-258.6442857,12.66154
-40,580,-273.4504286,12.81388
-40,580,-289.1157143,13.17364
-40,580,-305.6922857,13.71476
-40,580,-323.2351429,14.40787
-40,580,-341.8027143,15.22064
-40,580,-361.4565714,16.11958
-40,580,-382.2621429,17.07278
-40,580,-404.2884286,18.05216
-40,580,-427.6084286,19.03434
-40,580,-452.2994286,19.99922
-40,580,-478.4431429,20.92713
-40,580,-506.126,21.79623
-40,580,-535.4391429,22.58239
-40,580,-566.4792857,23.26295
-40,580,-599.3485714,23.8237
-40,580,-634.1552857,24.26663
-40,580,-671.0137143,24.61457
-40,580,-710.0451429,24.91016
-40,590,-25.28618571,47.117
-40,590,-26.7993,49.34499
-40,590,-28.40108571,51.66547
-40,590,-30.09677143,54.06238
-40,590,-31.89192857,56.50737
-40,590,-33.79234286,58.95954
-40,590,-35.80417143,61.36941
-40,590,-37.93382857,63.68518
-40,590,-40.18798571,65.8584
-40,590,-42.5737,67.8465
-40,590,-45.09825714,69.61174
-40,590,-47.76934286,71.11753
-40,590,-50.59495714,72.32412
-40,590,-53.58348571,73.18573
-40,590,-56.74372857,73.65062
-40,590,-60.08495714,73.66476
-40,590,-63.6169,73.17891
-40,590,-67.34982857,72.15766
-40,590,-71.29455714,70.58825
-40,590,-75.46255714,68.48641
-40,590,-79.86594286,65.89726
-40,590,-84.51754286,62.89046
-40,590,-89.43094286,59.55112
-40,590,-94.62055714,55.96912
-40,590,-100.1016286,52.22989
-40,590,-105.8903571,48.40892
-40,590,-112.0038857,44.57072
-40,590,-118.4604429,40.77113
-40,590,-125.2793714,37.06131
-40,590,-132.4812714,33.49092
-40,590,-140.0880714,30.10927
-40,590,-148.1231429,26.96381
-40,590,-156.6115714,24.09668
-40,590,-165.5798571,21.54087
-40,590,-175.0565714,19.3174
-40,590,-185.0718571,17.4344
-40,590,-195.6584286,15.88819
-40,590,-206.8504286,14.66585
-40,590,-218.6847143,13.74826
-40,590,-231.1998571,13.1129
-40,590,-244.4374286,12.73571
-40,590,-258.441,12.59186
-40,590,-273.2572857,12.65562
-40,590,-288.9354286,12.89964
-40,590,-305.5277143,13.29445
-40,590,-323.0895714,13.80897
-40,590,-341.6801429,14.41232
-40,590,-361.3615714,15.07714
-40,590,-382.2002857,15.78316
-40,590,-404.2664286,16.51994
-40,590,-427.6342857,17.28702
-40,590,-452.3827143,18.09136
-40,590,-478.5947143,18.94245
-40,590,-506.3584286,19.84696
-40,590,-535.767,20.80495
-40,590,-566.9185714,21.80926
-40,590,-599.9172857,22.84863
-40,590,-634.8727143,23.91352
-40,590,-671.901,25.00199
-40,590,-711.1245714,26.12283
-40,600,-25.31298571,47.20842
-40,600,-26.82807143,49.44685
-40,600,-28.43197143,51.77628
-40,600,-30.12991429,54.17809
-40,600,-31.92744286,56.62117
-40,600,-33.83037143,59.06192
-40,600,-35.84484286,61.44864
-40,600,-37.97727143,63.72826
-40,600,-40.23435714,65.85233
-40,600,-42.62312857,67.77985
-40,600,-45.15091429,69.47603
-40,600,-47.8254,70.90828
-40,600,-50.65461429,72.04137
-40,600,-53.64697143,72.83397
-40,600,-56.8113,73.23821
-40,600,-60.15687143,73.20307
-40,600,-63.69348571,72.68137
-40,600,-67.43144286,71.63897
-40,600,-71.3816,70.06377
-40,600,-75.55547143,67.97177
-40,600,-79.9652,65.40798
-40,600,-84.62367143,62.44162
-40,600,-89.54454286,59.1569
-40,600,-94.74225714,55.64228
-40,600,-100.2321286,51.9812
-40,600,-106.0304286,48.24672
-40,600,-112.1543429,44.50037
-40,600,-118.6221714,40.79469
-40,600,-125.4533286,37.17716
-40,600,-132.6684857,33.69368
-40,600,-140.2896143,30.39003
-40,600,-148.3401429,27.31075
-40,600,-156.8452857,24.49619
-40,600,-165.8314286,21.97885
-40,600,-175.3272857,19.78059
-40,600,-185.3632857,17.91136
-40,600,-195.9717143,16.36995
-40,600,-207.1871429,15.14596
-40,600,-219.0461429,14.2225
-40,600,-231.5877143,13.57868
-40,600,-244.8531429,13.19131
-40,600,-258.8861429,13.03572
-40,600,-273.7334286,13.08563
-40,600,-289.4441429,13.3127
-40,600,-306.0705714,13.68627
-40,600,-323.6684286,14.17422
-40,600,-342.2964286,14.74517
-40,600,-362.017,15.37204
-40,600,-382.8964286,16.03579
-40,600,-405.005,16.72793
-40,600,-428.417,17.45046
-40,600,-453.2111429,18.2128
-40,600,-479.4705714,19.02661
-40,600,-507.2837143,19.90021
-40,600,-536.7432857,20.83461
-40,600,-567.9481429,21.82296
-40,600,-601.0018571,22.8536
-40,600,-636.0145714,23.91601
-40,600,-673.1024286,25.00673
-40,600,-712.3882857,26.13261
-40,620,-25.35781429,47.2015
-40,620,-26.87422857,49.53602
-40,620,-28.47947143,51.96763
-40,620,-30.17875714,54.4742
-40,620,-31.97761429,57.02006
-40,620,-33.88184286,59.55596
-40,620,-35.89752857,62.0238
-40,620,-38.03107143,64.36389
-40,620,-40.28912857,66.52146
-40,620,-42.67867143,68.44984
-40,620,-45.20698571,70.1096
-40,620,-47.8817,71.46463
-40,620,-50.71077143,72.47767
-40,620,-53.70255714,73.10718
-40,620,-56.86584286,73.30744
-40,620,-60.20982857,73.03226
-40,620,-63.74425714,72.24202
-40,620,-67.47935714,70.91248
-40,620,-71.42595714,69.04299
-40,620,-75.59551429,66.66157
-40,620,-80.00015714,63.82486
-40,620,-84.6527,60.61281
-40,620,-89.5668,57.11919
-40,620,-94.75688571,53.44093
-40,620,-100.2382857,49.66881
-40,620,-106.0272571,45.88164
-40,620,-112.1410714,42.14447
-40,620,-118.5980571,38.51
-40,620,-125.4177143,35.02176
-40,620,-132.6207857,31.71731
-40,620,-140.2293286,28.63026
-40,620,-148.2668571,25.79061
-40,620,-156.7585714,23.22379
-40,620,-165.731,20.94898
-40,620,-175.2128571,18.97784
-40,620,-185.2342857,17.31399
-40,620,-195.8278571,15.9537
-40,620,-207.0278571,14.88723
-40,620,-218.871,14.10074
-40,620,-231.3961429,13.57783
-40,620,-244.6445714,13.30065
-40,620,-258.6601429,13.25016
-40,620,-273.4892857,13.4057
-40,620,-289.1814286,13.74421
-40,620,-305.7887143,14.2396
-40,620,-323.3665714,14.86303
-40,620,-341.9737143,15.58433
-40,620,-361.6722857,16.37473
-40,620,-382.5281429,17.20984
-40,620,-404.6111429,18.07183
-40,620,-427.9948571,18.9494
-40,620,-452.7575714,19.83537
-40,620,-478.9818571,20.72254
-40,620,-506.7548571,21.59979
-40,620,-536.1691429,22.45061
-40,620,-567.3224286,23.25543
-40,620,-600.318,23.9978
-40,620,-635.2651429,24.67212
-40,620,-672.2792857,25.28948
-40,620,-711.483,25.87871
-40,640,-24.73014286,45.84366
-40,640,-26.20725714,48.2367
-40,640,-27.77081429,50.73276
-40,640,-29.4259,53.30599
-40,640,-31.17784286,55.91583
-40,640,-33.03228571,58.50692
-40,640,-34.99508571,61.01388
-40,640,-37.0724,63.36889
-40,640,-39.27064286,65.50853
-40,640,-41.59654286,67.37736
-40,640,-44.05708571,68.92744
-40,640,-46.6596,70.11511
-40,640,-49.41177143,70.89731
-40,640,-52.32162857,71.22968
-40,640,-55.39762857,71.06785
-40,640,-58.64864286,70.37221
-40,640,-62.08407143,69.11547
-40,640,-65.71381429,67.29103
-40,640,-69.54835714,64.91988
-40,640,-73.59878571,62.05357
-40,640,-77.87688571,58.77171
-40,640,-82.39514286,55.1744
-40,640,-87.16685714,51.37124
-40,640,-92.20611429,47.46998
-40,640,-97.52787143,43.56739
-40,640,-103.1480571,39.74402
-40,640,-109.0836,36.06308
-40,640,-115.3524714,32.57234
-40,640,-121.9738429,29.30753
-40,640,-128.9681286,26.29564
-40,640,-136.3571,23.55723
-40,640,-144.164,21.10738
-40,640,-152.4134286,18.95571
-40,640,-161.132,17.10607
-40,640,-170.3478571,15.55659
-40,640,-180.0908571,14.30032
-40,640,-190.3932857,13.32652
-40,640,-201.289,12.62222
-40,640,-212.8141429,12.17372
-40,640,-225.0074286,11.9675
-40,640,-237.9097143,11.99036
-40,640,-251.5641429,12.22867
-40,640,-266.0168571,12.66693
-40,640,-281.3165714,13.28584
-40,640,-297.5151429,14.06094
-40,640,-314.6671429,14.96221
-40,640,-332.8308571,15.95547
-40,640,-352.0675714,17.00546
-40,640,-372.4425714,18.07969
-40,640,-394.0244286,19.15149
-40,640,-416.8861429,20.2008
-40,640,-441.1048571,21.21218
-40,640,-466.7618571,22.17098
-40,640,-493.9437143,23.05993
-40,640,-522.7412857,23.85857
-40,640,-553.2511429,24.54686
-40,640,-585.575,25.1124
-40,640,-619.821,25.55838
-40,640,-656.1031429,25.90849
-40,640,-694.5421429,26.20596
-40,660,-25.67178571,47.56797
-40,660,-27.2049,50.16801
-40,660,-28.82757143,52.87906
-40,660,-30.54498571,55.66414
-40,660,-32.36262857,58.46756
-40,660,-34.2862,61.21494
-40,660,-36.32172857,63.81949
-40,660,-38.4755,66.19226
-40,660,-40.75408571,68.25256
-40,660,-43.1644,69.93492
-40,660,-45.71362857,71.19112
-40,660,-48.40935714,71.98822
-40,660,-51.25951429,72.30462
-40,660,-54.27242857,72.12666
-40,660,-57.45688571,71.44718
-40,660,-60.82214286,70.26665
-40,660,-64.37798571,68.59649
-40,660,-68.13472857,66.46326
-40,660,-72.1033,63.91184
-40,660,-76.29527143,61.0058
-40,660,-80.72291429,57.82421
-40,660,-85.39918571,54.45483
-40,660,-90.33791429,50.98564
-40,660,-95.55371429,47.49659
-40,660,-101.0621286,44.05379
-40,660,-106.8797143,40.70715
-40,660,-113.0240143,37.49152
-40,660,-119.5137571,34.43026
-40,660,-126.3688286,31.53992
-40,660,-133.6103714,28.83442
-40,660,-141.2609143,26.32779
-40,660,-149.3442857,24.03503
-40,660,-157.8861429,21.97133
-40,660,-166.9131429,20.15037
-40,660,-176.454,18.58261
-40,660,-186.5394286,17.27412
-40,660,-197.2014286,16.22639
-40,660,-208.4745714,15.43689
-40,660,-220.3954286,14.90016
-40,660,-233.0031429,14.60897
-40,660,-246.3388571,14.55516
-40,660,-260.4468571,14.73003
-40,660,-275.3738571,15.12421
-40,660,-291.1694286,15.72713
-40,660,-307.8862857,16.52637
-40,660,-325.5798571,17.50693
-40,660,-344.3088571,18.65041
-40,660,-364.1351429,19.93368
-40,660,-385.124,21.32665
-40,660,-407.3442857,22.78838
-40,660,-430.8684286,24.26221
-40,660,-455.7734286,25.67145
-40,660,-482.1401429,26.91911
-40,660,-510.0542857,27.896
-40,660,-539.6064286,28.4993
-40,660,-570.8927143,28.65918
-40,660,-604.0151429,28.36426
-40,660,-639.0817143,27.67383
-40,660,-676.2068571,26.70927
-40,660,-715.5124286,25.62765
-50,440,-25.22307143,45.33615
-50,440,-26.73438571,47.06756
-50,440,-28.33444286,48.86876
-50,440,-30.02851429,50.7424
-50,440,-31.82222857,52.68439
-50,440,-33.72142857,54.68294
-50,440,-35.73237143,56.71943
-50,440,-37.86152857,58.77003
-50,440,-40.11575714,60.80641
-50,440,-42.5022,62.79497
-50,440,-45.02831429,64.69506
-50,440,-47.70194286,66.45757
-50,440,-50.53124286,68.02495
-50,440,-53.52482857,69.33355
-50,440,-56.69165714,70.318
-50,440,-60.04118571,70.91692
-50,440,-63.58334286,71.07893
-50,440,-67.32854286,70.76796
-50,440,-71.28778571,69.96683
-50,440,-75.47267143,68.67853
-50,440,-79.89541429,66.92477
-50,440,-84.56895714,64.74223
-50,440,-89.50698571,62.17729
-50,440,-94.72395714,59.28073
-50,440,-100.2351714,56.10386
-50,440,-106.0568571,52.69722
-50,440,-112.2061714,49.11206
-50,440,-118.7013143,45.40369
-50,440,-125.5616,41.63486
-50,440,-132.8075571,37.87728
-50,440,-140.4610286,34.20979
-50,440,-148.5452857,30.71307
-50,440,-157.0851429,27.46219
-50,440,-166.1071429,24.51922
-50,440,-175.6395714,21.92784
-50,440,-185.7124286,19.71152
-50,440,-196.3581429,17.87482
-50,440,-207.6107143,16.40719
-50,440,-219.5067143,15.28759
-50,440,-232.0848571,14.48879
-50,440,-245.3861429,13.98049
-50,440,-259.4541429,13.73088
-50,440,-274.3352857,13.70702
-50,440,-290.0782857,13.87448
-50,440,-306.7354286,14.19717
-50,440,-324.3615714,14.63813
-50,440,-343.0152857,15.16185
-50,440,-362.7581429,15.73783
-50,440,-383.6558571,16.34435
-50,440,-405.7777143,16.97087
-50,440,-429.1974286,17.61778
-50,440,-453.9925714,18.29306
-50,440,-480.2455714,19.00693
-50,440,-508.0434286,19.76624
-50,440,-537.4782857,20.57069
-50,440,-568.6474286,21.41244
-50,440,-601.6538571,22.27946
-50,440,-636.6067143,23.16132
-50,440,-673.6208571,24.055
-50,440,-712.8181429,24.96765
-50,450,-25.31638571,45.91185
-50,450,-26.83308571,47.68328
-50,450,-28.4388,49.52722
-50,450,-30.13882857,51.44685
-50,450,-31.93878571,53.43837
-50,450,-33.84458571,55.48989
-50,450,-35.86244286,57.58229
-50,450,-37.99891429,59.69083
-50,450,-40.26082857,61.78587
-50,450,-42.65535714,63.83227
-50,450,-45.19,65.78771
-50,450,-47.8726,67.60146
-50,450,-50.71135714,69.21465
-50,450,-53.71485714,70.56267
-50,450,-56.89212857,71.57966
-50,450,-60.2526,72.20406
-50,450,-63.80622857,72.38441
-50,450,-67.56345714,72.08428
-50,450,-71.53527143,71.28569
-50,450,-75.7333,69.99018
-50,450,-80.16977143,68.21758
-50,450,-84.85764286,66.00255
-50,450,-89.81058571,63.38964
-50,450,-95.04308571,60.42848
-50,450,-100.5704714,57.17019
-50,450,-106.4089429,53.66632
-50,450,-112.5756857,49.97042
-50,450,-119.0889,46.14125
-50,450,-125.9678857,42.246
-50,450,-133.2331857,38.36129
-50,450,-140.9066429,34.5708
-50,450,-149.0115714,30.9594
-50,450,-157.5728571,27.60517
-50,450,-166.6168571,24.5718
-50,450,-176.1721429,21.90321
-50,450,-186.2688571,19.62191
-50,450,-196.9394286,17.7307
-50,450,-208.2178571,16.21677
-50,450,-220.141,15.05669
-50,450,-232.7474286,14.22095
-50,450,-246.0784286,13.67718
-50,450,-260.1778571,13.39188
-50,450,-275.0918571,13.33083
-50,450,-290.8695714,13.45879
-50,450,-307.5631429,13.73927
-50,450,-325.2278571,14.13537
-50,450,-343.9222857,14.61202
-50,450,-363.7085714,15.13955
-50,450,-384.6525714,15.69761
-50,450,-406.824,16.2778
-50,450,-430.297,16.88375
-50,450,-455.1495714,17.52827
-50,450,-481.4648571,18.22816
-50,450,-509.3301429,18.99845
-50,450,-538.8384286,19.84786
-50,450,-570.0872857,20.77697
-50,450,-603.1805714,21.77966
-50,450,-638.2274286,22.84711
-50,450,-675.3434286,23.97247
-50,450,-714.6511429,25.15375
-50,460,-26.20208571,51.03738
-50,460,-27.77008571,53.21163
-50,460,-29.42982857,55.47868
-50,460,-31.18677143,57.8376
-50,460,-33.04661429,60.2785
-50,460,-35.01542857,62.78143
-50,460,-37.09954286,65.31798
-50,460,-39.3056,67.85395
-50,460,-41.64051429,70.35086
-50,460,-44.11155714,72.76555
-50,460,-46.72627143,75.04814
-50,460,-49.49254286,77.13999
-50,460,-52.41864286,78.97334
-50,460,-55.51321429,80.47363
-50,460,-58.78531429,81.56438
-50,460,-62.2445,82.1739
-50,460,-65.90078571,82.24255
-50,460,-69.76475714,81.72926
-50,460,-73.84754286,80.61603
-50,460,-78.16094286,78.90955
-50,460,-82.7174,76.63952
-50,460,-87.5301,73.85412
-50,460,-92.61301429,70.61365
-50,460,-97.9809,66.98416
-50,460,-103.6494429,63.03291
-50,460,-109.6352,58.82667
-50,460,-115.9557143,54.43318
-50,460,-122.6295143,49.92441
-50,460,-129.6762714,45.37965
-50,460,-137.1168429,40.88628
-50,460,-144.9734286,36.53684
-50,460,-153.2697143,32.42256
-50,460,-162.0308571,28.62492
-50,460,-171.2841429,25.20781
-50,460,-181.0587143,22.21232
-50,460,-191.3854286,19.65549
-50,460,-202.2977143,17.53265
-50,460,-213.831,15.8222
-50,460,-226.023,14.49116
-50,460,-238.9138571,13.5
-50,460,-252.5457143,12.80603
-50,460,-266.9637143,12.36495
-50,460,-282.2152857,12.13105
-50,460,-298.351,12.0569
-50,460,-315.4244286,12.09381
-50,460,-333.4925714,12.1943
-50,460,-352.6161429,12.31716
-50,460,-372.8598571,12.43447
-50,460,-394.2927143,12.53837
-50,460,-416.988,12.64503
-50,460,-441.024,12.79392
-50,460,-466.4832857,13.04293
-50,460,-493.4538571,13.46152
-50,460,-522.0284286,14.1245
-50,460,-552.305,15.1076
-50,460,-584.3871429,16.48449
-50,460,-618.3835714,18.32355
-50,460,-654.4092857,20.68246
-50,460,-692.585,23.59886
-50,460,-733.0375714,27.07583
-50,470,-25.22594286,44.77311
-50,470,-26.73755714,46.50211
-50,470,-28.33785714,48.30142
-50,470,-30.03208571,50.17349
-50,470,-31.82584286,52.11378
-50,470,-33.725,54.10973
-50,470,-35.73575714,56.1419
-50,470,-37.86465714,58.18579
-50,470,-40.1185,60.21311
-50,470,-42.50447143,62.19149
-50,470,-45.03002857,64.08319
-50,470,-47.70302857,65.84384
-50,470,-50.53167143,67.4223
-50,470,-53.52452857,68.76225
-50,470,-56.6906,69.8054
-50,470,-60.03934286,70.49572
-50,470,-63.58065714,70.78393
-50,470,-67.32495714,70.63161
-50,470,-71.28321429,70.01432
-50,470,-75.46698571,68.92324
-50,470,-79.88845714,67.36505
-50,470,-84.56051429,65.36007
-50,470,-89.49677143,62.93919
-50,470,-94.7116,60.14061
-50,470,-100.2202429,57.00756
-50,470,-106.0388143,53.58787
-50,470,-112.1843857,49.93555
-50,470,-118.6750429,46.1135
-50,470,-125.5300286,42.1957
-50,470,-132.7697143,38.26709
-50,470,-140.4158571,34.4199
-50,470,-148.4915714,30.74688
-50,470,-157.0215714,27.33263
-50,470,-166.0321429,24.24567
-50,470,-175.5514286,21.53319
-50,470,-185.6094286,19.21954
-50,470,-196.2381429,17.30845
-50,470,-207.4714286,15.78762
-50,470,-219.3457143,14.63422
-50,470,-231.8994286,13.81993
-50,470,-245.1738571,13.31455
-50,470,-259.2121429,13.08786
-50,470,-274.0607143,13.1099
-50,470,-289.7684286,13.35014
-50,470,-306.3871429,13.77623
-50,470,-323.9717143,14.35337
-50,470,-342.5805714,15.04496
-50,470,-362.2748571,15.81478
-50,470,-383.12,16.63023
-50,470,-405.1848571,17.46526
-50,470,-428.5422857,18.30171
-50,470,-453.2692857,19.12809
-50,470,-479.4475714,19.93631
-50,470,-507.163,20.71793
-50,470,-536.5071429,21.46191
-50,470,-567.5761429,22.15552
-50,470,-600.4722857,22.78859
-50,470,-635.3032857,23.35932
-50,470,-672.1835714,23.87904
-50,470,-711.234,24.37308
-50,480,-25.10151429,44.35732
-50,480,-26.6058,46.07706
-50,480,-28.19832857,47.86486
-50,480,-29.88431429,49.72097
-50,480,-31.6693,51.63903
-50,480,-33.55915714,53.60537
-50,480,-35.56005714,55.60034
-50,480,-37.67845714,57.6004
-50,480,-39.9212,59.57924
-50,480,-42.29538571,61.50729
-50,480,-44.80848571,63.35004
-50,480,-47.46827143,65.06624
-50,480,-50.28294286,66.60742
-50,480,-53.26102857,67.91916
-50,480,-56.4115,68.94413
-50,480,-59.74375714,69.62639
-50,480,-63.26765714,69.91602
-50,480,-66.99357143,69.77344
-50,480,-70.93244286,69.17273
-50,480,-75.09577143,68.10352
-50,480,-79.49567143,66.571
-50,480,-84.14498571,64.5942
-50,480,-89.05725714,62.203
-50,480,-94.2468,59.4348
-50,480,-99.7288,56.33219
-50,480,-105.5192714,52.94241
-50,480,-111.6352286,49.31893
-50,480,-118.0947,45.52418
-50,480,-124.9168,41.63184
-50,480,-132.1218714,37.7269
-50,480,-139.7315571,33.90205
-50,480,-147.7688571,30.25078
-50,480,-156.2585714,26.85858
-50,480,-165.2267143,23.79467
-50,480,-174.7012857,21.10658
-50,480,-184.7121429,18.8186
-50,480,-195.2912857,16.93409
-50,480,-206.4724286,15.44022
-50,480,-218.292,14.31374
-50,480,-230.7881429,13.52618
-50,480,-244.0018571,13.04752
-50,480,-257.9765714,12.84817
-50,480,-272.7582857,12.89915
-50,480,-288.3958571,13.1712
-50,480,-304.941,13.63342
-50,480,-322.4485714,14.25243
-50,480,-340.9764286,14.99275
-50,480,-360.5861429,15.81866
-50,480,-381.3424286,16.69701
-50,480,-403.3141429,17.59986
-50,480,-426.5737143,18.50545
-50,480,-451.1981429,19.39697
-50,480,-477.2684286,20.25947
-50,480,-504.8704286,21.07676
-50,480,-534.095,21.83036
-50,480,-565.0382857,22.50187
-50,480,-597.8018571,23.07877
-50,480,-632.4931429,23.56129
-50,480,-669.2261429,23.96713
-50,480,-708.1212857,24.3313
-50,490,-25.27568571,45.27582
-50,490,-26.78974286,47.06575
-50,490,-28.39255714,48.92868
-50,490,-30.0894,50.86567
-50,490,-31.88582857,52.87058
-50,490,-33.78775714,54.92906
-50,490,-35.80137143,57.01986
-50,490,-37.9332,59.11686
-50,490,-40.19007143,61.19044
-50,490,-42.57914286,63.20723
-50,490,-45.10787143,65.12864
-50,490,-47.7841,66.90945
-50,490,-50.61601429,68.49754
-50,490,-53.61215714,69.83546
-50,490,-56.78154286,70.86378
-50,490,-60.13358571,71.52562
-50,490,-63.67817143,71.77143
-50,490,-67.4257,71.56337
-50,490,-71.38712857,70.87855
-50,490,-75.57398571,69.71047
-50,490,-79.99845714,68.06859
-50,490,-84.67338571,65.97595
-50,490,-89.61238571,63.46572
-50,490,-94.82982857,60.57751
-50,490,-100.3409143,57.35506
-50,490,-106.1617429,53.84603
-50,490,-112.3093571,50.104
-50,490,-118.8018143,46.1918
-50,490,-125.6583143,42.18418
-50,490,-132.8992286,38.16794
-50,490,-140.5462571,34.23819
-50,490,-148.6225714,30.49093
-50,490,-157.1527143,27.01369
-50,490,-166.1631429,23.87688
-50,490,-175.6821429,21.12809
-50,490,-185.7392857,18.79066
-50,490,-196.367,16.8662
-50,490,-207.5992857,15.33968
-50,490,-219.4724286,14.18551
-50,490,-232.025,13.37281
-50,490,-245.2981429,12.86932
-50,490,-259.3354286,12.64321
-50,490,-274.1831429,12.66338
-50,490,-289.89,12.8984
-50,490,-306.5082857,13.31535
-50,490,-324.0928571,13.87911
-50,490,-342.7021429,14.55314
-50,490,-362.3977143,15.30192
-50,490,-383.245,16.0944
-50,490,-405.3131429,16.90719
-50,490,-428.6754286,17.72589
-50,490,-453.4092857,18.54385
-50,490,-479.5962857,19.35855
-50,490,-507.3232857,20.16727
-50,490,-536.6818571,20.9641
-50,490,-567.7685714,21.73991
-50,490,-600.686,22.48561
-50,490,-635.5424286,23.19755
-50,490,-672.4521429,23.88225
-50,490,-711.5365714,24.55815
-50,500,-25.3951,46.37006
-50,500,-26.91535714,48.29425
-50,500,-28.52464286,50.29778
-50,500,-30.22825714,52.37884
-50,500,-32.0318,54.52765
-50,500,-33.94118571,56.72556
-50,500,-35.96261429,58.94682
-50,500,-38.10261429,61.16119
-50,500,-40.36804286,63.33568
-50,500,-42.76601429,65.43438
-50,500,-45.30401429,67.41677
-50,500,-47.98985714,69.23573
-50,500,-50.83168571,70.83671
-50,500,-53.83804286,72.15904
-50,500,-57.01788571,73.13937
-50,500,-60.38061429,73.71666
-50,500,-63.93607143,73.83801
-50,500,-67.69464286,73.46409
-50,500,-71.66725714,72.57335
-50,500,-75.86541429,71.16413
-50,500,-80.30131429,69.25411
-50,500,-84.9878,66.87727
-50,500,-89.93848571,64.07921
-50,500,-95.16774286,60.91215
-50,500,-100.6908,57.43127
-50,500,-106.5237714,53.69349
-50,500,-112.6837143,49.75889
-50,500,-119.1887429,45.69378
-50,500,-126.0580571,41.57341
-50,500,-133.3120857,37.48238
-50,500,-140.9725857,33.51148
-50,500,-149.0627143,29.75085
-50,500,-157.6074286,26.28149
-50,500,-166.6328571,23.16724
-50,500,-176.1677143,20.44973
-50,500,-186.2418571,18.14731
-50,500,-196.8875714,16.25773
-50,500,-208.1394286,14.76322
-50,500,-220.0335714,13.63632
-50,500,-232.6091429,12.84507
-50,500,-245.9074286,12.35651
-50,500,-259.9718571,12.13841
-50,500,-274.8492857,12.15924
-50,500,-290.5885714,12.38706
-50,500,-307.2422857,12.78827
-50,500,-324.8655714,13.32707
-50,500,-343.5171429,13.96664
-50,500,-363.2594286,14.67216
-50,500,-384.1581429,15.41494
-50,500,-406.2832857,16.1763
-50,500,-429.7087143,16.94912
-50,500,-454.5127143,17.73639
-50,500,-480.778,18.54698
-50,500,-508.592,19.39012
-50,500,-538.0474286,20.27095
-50,500,-569.2418571,21.1886
-50,500,-602.2787143,22.13785
-50,500,-637.267,23.11325
-50,500,-674.3222857,24.11387
-50,500,-713.5664286,25.14599
-50,510,-25.20562857,45.31918
-50,510,-26.71534286,47.16251
-50,510,-28.31355714,49.08261
-50,510,-30.00551429,51.07977
-50,510,-31.79677143,53.146
-50,510,-33.6932,55.26379
-50,510,-35.70098571,57.40761
-50,510,-37.8266,59.54654
-50,510,-40.07684286,61.64638
-50,510,-42.45882857,63.6703
-50,510,-44.98,65.57798
-50,510,-47.64812857,67.32437
-50,510,-50.47135714,68.85924
-50,510,-53.45821429,70.12807
-50,510,-56.6176,71.07465
-50,510,-59.95891429,71.64484
-50,510,-63.49198571,71.79099
-50,510,-67.22715714,71.47642
-50,510,-71.17534286,70.6791
-50,510,-75.34801429,69.39391
-50,510,-79.75731429,67.63276
-50,510,-84.41605714,65.42248
-50,510,-89.3378,62.80113
-50,510,-94.53687143,59.81373
-50,510,-100.0284286,56.50912
-50,510,-105.8285571,52.93895
-50,510,-111.9542286,49.15914
-50,510,-118.4235,45.23291
-50,510,-125.2555,41.2335
-50,510,-132.4705857,37.2446
-50,510,-140.0904143,33.35708
-50,510,-148.1381429,29.6622
-50,510,-156.6382857,26.24283
-50,510,-165.6174286,23.1652
-50,510,-175.1034286,20.47358
-50,510,-185.1264286,18.18895
-50,510,-195.7182857,16.31148
-50,510,-206.9132857,14.82559
-50,510,-218.7477143,13.70576
-50,510,-231.2601429,12.92182
-50,510,-244.4917143,12.44265
-50,510,-258.4858571,12.23801
-50,510,-273.2888571,12.27866
-50,510,-288.9498571,12.53533
-50,510,-305.5208571,12.97727
-50,510,-323.0568571,13.57137
-50,510,-341.6162857,14.28262
-50,510,-361.261,15.07633
-50,510,-382.0565714,15.92132
-50,510,-404.0722857,16.79318
-50,510,-427.3812857,17.67565
-50,510,-452.0612857,18.55954
-50,510,-478.1942857,19.43928
-50,510,-505.867,20.30885
-50,510,-535.1711429,21.15908
-50,510,-566.2037143,21.97811
-50,510,-599.067,22.75534
-50,510,-633.8694286,23.48728
-50,510,-670.7257143,24.18266
-50,510,-709.757,24.86397
-50,520,-24.99665714,44.28042
-50,520,-26.49488571,46.00097
-50,520,-28.081,47.78896
-50,520,-29.7602,49.64357
-50,520,-31.53801429,51.55701
-50,520,-33.42028571,53.51385
-50,520,-35.41312857,55.49268
-50,520,-37.52304286,57.46861
-50,520,-39.75675714,59.41493
-50,520,-42.1214,61.30296
-50,520,-44.6244,63.10042
-50,520,-47.2735,64.76931
-50,520,-50.07687143,66.26467
-50,520,-53.04301429,67.53497
-50,520,-56.18085714,68.52454
-50,520,-59.49977143,69.17757
-50,520,-63.00961429,69.44314
-50,520,-66.72072857,69.28033
-50,520,-70.64398571,68.66259
-50,520,-74.79088571,67.58018
-50,520,-79.17352857,66.04033
-50,520,-83.80472857,64.06488
-50,520,-88.69798571,61.68625
-50,520,-93.86762857,58.94313
-50,520,-99.32875714,55.87737
-50,520,-105.0973857,52.53331
-50,520,-111.1904714,48.95979
-50,520,-117.626,45.21383
-50,520,-124.4230286,41.36403
-50,520,-131.6018429,37.49161
-50,520,-139.1840286,33.68751
-50,520,-147.1925714,30.04554
-50,520,-155.652,26.6532
-50,520,-164.5885714,23.58262
-50,520,-174.0301429,20.88438
-50,520,-184.0064286,18.5853
-50,520,-194.5495714,16.69048
-50,520,-205.6931429,15.18804
-50,520,-217.4735714,14.05509
-50,520,-229.9288571,13.26309
-50,520,-243.1002857,12.7819
-50,520,-257.031,12.5818
-50,520,-271.767,12.63377
-50,520,-287.3571429,12.9085
-50,520,-303.8531429,13.37496
-50,520,-321.31,13.99938
-50,520,-339.7854286,14.74553
-50,520,-359.3411429,15.57663
-50,520,-380.0418571,16.45845
-50,520,-401.9567143,17.36239
-50,520,-425.1581429,18.26704
-50,520,-449.7231429,19.15744
-50,520,-475.7332857,20.0222
-50,520,-503.2742857,20.85018
-50,520,-532.4371429,21.62853
-50,520,-563.3182857,22.34394
-50,520,-596.0192857,22.98688
-50,520,-630.6477143,23.55742
-50,520,-667.3177143,24.06962
-50,520,-706.1495714,24.55211
-50,530,-25.11858571,44.99053
-50,530,-26.62347143,46.7773
-50,530,-28.21658571,48.63651
-50,530,-29.90318571,50.56826
-50,530,-31.68878571,52.5651
-50,530,-33.57925714,54.61107
-50,530,-35.58078571,56.68317
-50,530,-37.69981429,58.75383
-50,530,-39.94317143,60.79263
-50,530,-42.31794286,62.76653
-50,530,-44.83158571,64.63852
-50,530,-47.49185714,66.36608
-50,530,-50.30691429,67.90035
-50,530,-53.28525714,69.18689
-50,530,-56.43582857,70.1682
-50,530,-59.76798571,70.78759
-50,530,-63.29158571,70.99395
-50,530,-67.01695714,70.74672
-50,530,-70.95498571,70.02012
-50,530,-75.11718571,68.80596
-50,530,-79.51564286,67.1141
-50,530,-84.1632,64.97055
-50,530,-89.07338571,62.41352
-50,530,-94.26052857,59.4888
-50,530,-99.73977143,56.24607
-50,530,-105.5271714,52.73736
-50,530,-111.6397143,49.01812
-50,530,-118.0954143,45.15015
-50,530,-124.9134143,41.20458
-50,530,-132.1140286,37.26273
-50,530,-139.7189143,33.41356
-50,530,-147.7511429,29.74732
-50,530,-156.2354286,26.34703
-50,530,-165.198,23.28012
-50,530,-174.6668571,20.59271
-50,530,-184.672,18.30784
-50,530,-195.2454286,16.42753
-50,530,-206.4212857,14.93765
-50,530,-218.2357143,13.81368
-50,530,-230.7272857,13.02606
-50,530,-243.9371429,12.54396
-50,530,-257.9085714,12.3373
-50,530,-272.6881429,12.377
-50,530,-288.3245714,12.63401
-50,530,-304.8698571,13.07798
-50,530,-322.3791429,13.67631
-50,530,-340.9107143,14.39455
-50,530,-360.5262857,15.19831
-50,530,-381.2915714,16.05625
-50,530,-403.2754286,16.94306
-50,530,-426.5512857,17.84078
-50,530,-451.1967143,18.73795
-50,530,-477.2934286,19.62648
-50,530,-504.9281429,20.49807
-50,530,-534.1925714,21.34196
-50,530,-565.1832857,22.14562
-50,530,-598.0028571,22.89878
-50,530,-632.7594286,23.5991
-50,530,-669.5674286,24.25697
-50,530,-708.5482857,24.89668
-50,540,-25.13565714,44.83578
-50,540,-26.64142857,46.62831
-50,540,-28.2355,48.49418
-50,540,-29.92312857,50.43369
-50,540,-31.70982857,52.43937
-50,540,-33.60147143,54.49497
-50,540,-35.60422857,56.57681
-50,540,-37.72455714,58.65625
-50,540,-39.96927143,60.70142
-50,540,-42.34544286,62.67751
-50,540,-44.86054286,64.54565
-50,540,-47.5223,66.26153
-50,540,-50.33888571,67.77501
-50,540,-53.31878571,69.03118
-50,540,-56.47095714,69.97326
-50,540,-59.80474286,70.54661
-50,540,-63.33,70.7034
-50,540,-67.05705714,70.40712
-50,540,-70.99682857,69.63624
-50,540,-75.16078571,68.3862
-50,540,-79.56108571,66.66937
-50,540,-84.21051429,64.51279
-50,540,-89.12262857,61.95434
-50,540,-94.31177143,59.03852
-50,540,-99.79308571,55.8133
-50,540,-105.5826571,52.32908
-50,540,-111.6974714,48.64007
-50,540,-118.1555857,44.80726
-50,540,-124.9761429,40.90117
-50,540,-132.1795286,37.00239
-50,540,-139.7874143,33.19875
-50,540,-147.8228571,29.57886
-50,540,-156.3105714,26.22381
-50,540,-165.2768571,23.1991
-50,540,-174.7497143,20.54936
-50,540,-184.7591429,18.29684
-50,540,-195.3368571,16.44358
-50,540,-206.5172857,14.97611
-50,540,-218.3362857,13.87114
-50,540,-230.8327143,13.1006
-50,540,-244.0472857,12.63537
-50,540,-258.0238571,12.44714
-50,540,-272.8084286,12.50865
-50,540,-288.45,12.79269
-50,540,-305.0007143,13.27064
-50,540,-322.5154286,13.91142
-50,540,-341.0524286,14.68151
-50,540,-360.6735714,15.54652
-50,540,-381.4438571,16.4737
-50,540,-403.4325714,17.43438
-50,540,-426.7127143,18.40511
-50,540,-451.3614286,19.36659
-50,540,-477.4602857,20.30101
-50,540,-505.0958571,21.18931
-50,540,-534.359,22.0105
-50,540,-565.3467143,22.74444
-50,540,-598.1607143,23.37785
-50,540,-632.9092857,23.91132
-50,540,-669.7065714,24.36399
-50,540,-708.6734286,24.7733
-50,550,-25.29737143,46.38053
-50,550,-26.81218571,48.29081
-50,550,-28.41581429,50.28072
-50,550,-30.11348571,52.34981
-50,550,-31.91075714,54.48929
-50,550,-33.81347143,56.6809
-50,550,-35.82775714,58.89845
-50,550,-37.96002857,61.11038
-50,550,-40.21702857,63.28161
-50,550,-42.60577143,65.37376
-50,550,-45.1336,67.34378
-50,550,-47.80818571,69.14248
-50,550,-50.63758571,70.714
-50,550,-53.6302,71.99732
-50,550,-56.79488571,72.92961
-50,550,-60.14091429,73.45115
-50,550,-63.67807143,73.51075
-50,550,-67.41664286,73.07101
-50,550,-71.36751429,72.11234
-50,550,-75.54214286,70.63512
-50,550,-79.95268571,68.65933
-50,550,-84.61198571,66.22176
-50,550,-89.53362857,63.37144
-50,550,-94.73202857,60.16458
-50,550,-100.2223857,56.66045
-50,550,-106.0208286,52.91959
-50,550,-112.1444143,49.0043
-50,550,-118.6112286,44.98101
-50,550,-125.4404714,40.92256
-50,550,-132.6525429,36.90877
-50,550,-140.2691857,33.02386
-50,550,-148.3135714,29.35088
-50,550,-156.8105714,25.96422
-50,550,-165.7867143,22.92263
-50,550,-175.2702857,20.26453
-50,550,-185.2914286,18.00691
-50,550,-195.8827143,16.14753
-50,550,-207.0784286,14.66948
-50,550,-218.9151429,13.54646
-50,550,-231.432,12.74753
-50,550,-244.6702857,12.24047
-50,550,-258.6738571,11.99348
-50,550,-273.4894286,11.97535
-50,550,-289.1664286,12.15476
-50,550,-305.7574286,12.49939
-50,550,-323.318,12.9759
-50,550,-341.9071429,13.55142
-50,550,-361.588,14.19643
-50,550,-382.4265714,14.88856
-50,550,-404.4937143,15.61559
-50,550,-427.8637143,16.37618
-50,550,-452.6158571,17.17781
-50,550,-478.8334286,18.03217
-50,550,-506.6048571,18.94974
-50,550,-536.0232857,19.9355
-50,550,-567.1872857,20.98733
-50,550,-600.2007143,22.09798
-50,550,-635.1737143,23.25974
-50,550,-672.2221429,24.46968
-50,550,-711.4685714,25.73276
-50,560,-25.06098571,45.08127
-50,560,-26.562,46.89959
-50,560,-28.15107143,48.7915
-50,560,-29.8334,50.75588
-50,560,-31.61454286,52.78398
-50,560,-33.50034286,54.85857
-50,560,-35.49692857,56.95541
-50,560,-37.61077143,59.04562
-50,560,-39.84862857,61.09732
-50,560,-42.21755714,63.07542
-50,560,-44.72495714,64.94009
-50,560,-47.37855714,66.64498
-50,560,-50.18645714,68.13662
-50,560,-53.15711429,69.35573
-50,560,-56.2994,70.24068
-50,560,-59.62264286,70.73252
-50,560,-63.13664286,70.78078
-50,560,-66.85168571,70.34913
-50,560,-70.77864286,69.41963
-50,560,-74.92897143,67.99489
-50,560,-79.31475714,66.09738
-50,560,-83.94881429,63.76604
-50,560,-88.84467143,61.05092
-50,560,-94.01665714,58.00759
-50,560,-99.47991429,54.6927
-50,560,-105.2505286,51.1621
-50,560,-111.3455,47.47177
-50,560,-117.7828714,43.68062
-50,560,-124.5818,39.85353
-50,560,-131.7626571,36.06262
-50,560,-139.3471571,32.38544
-50,560,-147.3584286,28.89995
-50,560,-155.8211429,25.67756
-50,560,-164.7615714,22.77617
-50,560,-174.2078571,20.23546
-50,560,-184.19,18.07527
-50,560,-194.74,16.29739
-50,560,-205.8921429,14.88956
-50,560,-217.6824286,13.83028
-50,560,-230.1494286,13.09336
-50,560,-243.3344286,12.65111
-50,560,-257.2808571,12.47597
-50,560,-272.0348571,12.54058
-50,560,-287.6454286,12.81689
-50,560,-304.1645714,13.27489
-50,560,-321.6474286,13.88202
-50,560,-340.1522857,14.60387
-50,560,-359.741,15.40648
-50,560,-380.4791429,16.25953
-50,560,-402.4358571,17.13935
-50,560,-425.6845714,18.03004
-50,560,-450.3027143,18.92216
-50,560,-476.3724286,19.8093
-50,560,-503.9805714,20.68408
-50,560,-533.2185714,21.53591
-50,560,-564.1835714,22.35176
-50,560,-596.9781429,23.12041
-50,560,-631.7105714,23.83856
-50,560,-668.4954286,24.51579
-50,560,-707.4541429,25.17596
-50,570,-24.95241429,44.80648
-50,570,-26.44712857,46.58924
-50,570,-28.02958571,48.44504
-50,570,-29.70495714,50.37453
-50,570,-31.4788,52.37048
-50,570,-33.35691429,54.41659
-50,570,-35.34541429,56.4886
-50,570,-37.45074286,58.55655
-50,570,-39.67961429,60.58645
-50,570,-42.0391,62.54054
-50,570,-44.53654286,64.37638
-50,570,-47.17967143,66.0458
-50,570,-49.97651429,67.49486
-50,570,-52.93552857,68.66533
-50,570,-56.06558571,69.49795
-50,570,-59.37595714,69.93693
-50,570,-62.87641429,69.93502
-50,570,-66.57724286,69.45862
-50,570,-70.48928571,68.49176
-50,570,-74.62398571,67.03843
-50,570,-78.99341429,65.12222
-50,570,-83.61037143,62.78334
-50,570,-88.48835714,60.07355
-50,570,-93.6417,57.05032
-50,570,-99.08552857,53.77204
-50,570,-104.8359143,50.29549
-50,570,-110.9098571,46.67623
-50,570,-117.3253857,42.97112
-50,570,-124.1016714,39.24137
-50,570,-131.2590571,35.55428
-50,570,-138.8192571,31.98207
-50,570,-146.8054286,28.59766
-50,570,-155.2421429,25.46832
-50,570,-164.1557143,22.64914
-50,570,-173.5742857,20.17837
-50,570,-183.528,18.07575
-50,570,-194.0485714,16.34385
-50,570,-205.1701429,14.97172
-50,570,-216.9288571,13.93942
-50,570,-229.3635714,13.22224
-50,570,-242.5148571,12.7937
-50,570,-256.4265714,12.62717
-50,570,-271.1445714,12.69595
-50,570,-286.7178571,12.97248
-50,570,-303.1985714,13.42728
-50,570,-320.6415714,14.02854
-50,570,-339.1051429,14.74292
-50,570,-358.6511429,15.53786
-50,570,-379.3451429,16.38471
-50,570,-401.2561429,17.26131
-50,570,-424.4577143,18.15289
-50,570,-449.0271429,19.0504
-50,570,-475.0465714,19.94686
-50,570,-502.6028571,20.83348
-50,570,-531.7874286,21.69758
-50,570,-562.6974286,22.52386
-50,570,-595.4352857,23.29926
-50,570,-630.1092857,24.01953
-50,570,-666.8342857,24.6946
-50,570,-705.7312857,25.34989
-50,580,-25.00498571,45.64228
-50,580,-26.50272857,47.47782
-50,580,-28.0884,49.38822
-50,580,-29.7672,51.37294
-50,580,-31.54467143,53.42321
-50,580,-33.42664286,55.52092
-50,580,-35.41925714,57.63992
-50,580,-37.52892857,59.74854
-50,580,-39.76242857,61.8114
-50,580,-42.12677143,63.78969
-50,580,-44.62934286,65.64012
-50,580,-47.27785714,67.31347
-50,580,-50.08035714,68.75419
-50,580,-53.04528571,69.90171
-50,580,-56.18151429,70.69376
-50,580,-59.49834286,71.07142
-50,580,-63.00552857,70.98506
-50,580,-66.71338571,70.40046
-50,580,-70.63277143,69.30374
-50,580,-74.77514286,67.70393
-50,580,-79.15262857,65.63234
-50,580,-83.77804286,63.13855
-50,580,-88.66495714,60.2839
-50,580,-93.82772857,57.13433
-50,580,-99.28158571,53.75449
-50,580,-105.0426286,50.20474
-50,580,-111.1279143,46.54143
-50,580,-117.5555571,42.81969
-50,580,-124.3447857,39.09699
-50,580,-131.5160429,35.43538
-50,580,-139.0911,31.90102
-50,580,-147.0931429,28.56057
-50,580,-155.5471429,25.47555
-50,580,-164.4794286,22.69642
-50,580,-173.9182857,20.25818
-50,580,-183.8938571,18.17873
-50,580,-194.4384286,16.46002
-50,580,-205.5861429,15.09122
-50,580,-217.3735714,14.05278
-50,580,-229.8394286,13.32017
-50,580,-243.0248571,12.86664
-50,580,-256.9732857,12.66461
-50,580,-271.7312857,12.68574
-50,580,-287.348,12.90039
-50,580,-303.8754286,13.27696
-50,580,-321.369,13.78213
-50,580,-339.8875714,14.38264
-50,580,-359.4931429,15.04841
-50,580,-380.252,15.7565
-50,580,-402.2341429,16.49402
-50,580,-425.5135714,17.2588
-50,580,-450.169,18.0571
-50,580,-476.2831429,18.89887
-50,580,-503.9441429,19.79229
-50,580,-533.2444286,20.73965
-50,580,-564.2822857,21.7363
-50,580,-597.1612857,22.77309
-50,580,-631.9908571,23.84162
-50,580,-668.8867143,24.9397
-50,580,-707.9711429,26.07439
-50,590,-25.05814286,46.14248
-50,590,-26.55878571,48.01785
-50,590,-28.14748571,49.96963
-50,590,-29.82947143,51.99645
-50,590,-31.61021429,54.08859
-50,590,-33.4955,56.22691
-50,590,-35.49144286,58.38412
-50,590,-37.60437143,60.5273
-50,590,-39.84097143,62.61961
-50,590,-42.20821429,64.62054
-50,590,-44.71334286,66.48483
-50,590,-47.36401429,68.16126
-50,590,-50.16817143,69.59258
-50,590,-53.1342,70.71723
-50,590,-56.27085714,71.47306
-50,590,-59.5874,71.80236
-50,590,-63.09352857,71.65762
-50,590,-66.79952857,71.00706
-50,590,-70.7162,69.83898
-50,590,-74.85502857,68.16393
-50,590,-79.22811429,66.01407
-50,590,-83.8483,63.43958
-50,590,-88.72917143,60.50286
-50,590,-93.88514286,57.27185
-50,590,-99.33144286,53.81448
-50,590,-105.0842286,50.19526
-50,590,-111.1605571,46.47495
-50,590,-117.5785857,42.71226
-50,590,-124.3575429,38.96655
-50,590,-131.5178714,35.29949
-50,590,-139.0814,31.77463
-50,590,-147.0714286,28.45436
-50,590,-155.5127143,25.3952
-50,590,-164.4318571,22.6428
-50,590,-173.8572857,20.2283
-50,590,-183.8191429,18.16693
-50,590,-194.35,16.4591
-50,590,-205.4842857,15.09324
-50,590,-217.2582857,14.04943
-50,590,-229.7112857,13.30281
-50,590,-242.8842857,12.82603
-50,590,-256.8214286,12.59052
-50,590,-271.5688571,12.56675
-50,590,-287.1762857,12.7238
-50,590,-303.6958571,13.02929
-50,590,-321.1834286,13.45017
-50,590,-339.6981429,13.95504
-50,590,-359.3027143,14.51786
-50,590,-380.0637143,15.12178
-50,590,-402.052,15.76186
-50,590,-425.3422857,16.44507
-50,590,-450.0138571,17.18719
-50,590,-476.1505714,18.0075
-50,590,-503.8412857,18.92267
-50,590,-533.1792857,19.9421
-50,590,-564.2638571,21.0661
-50,590,-597.1992857,22.28759
-50,590,-632.096,23.59692
-50,590,-669.0704286,24.98741
-50,590,-708.2455714,26.4589
-50,600,-24.86792857,44.22753
-50,600,-26.35694286,46.04055
-50,600,-27.93334286,47.92675
-50,600,-29.60228571,49.88341
-50,600,-31.36927143,51.89978
-50,600,-33.2401,53.9561
-50,600,-35.22082857,56.02512
-50,600,-37.31785714,58.07447
-50,600,-39.53785714,60.06846
-50,600,-41.88781429,61.96822
-50,600,-44.37505714,63.73056
-50,600,-47.00721429,65.30673
-50,600,-49.7923,66.64234
-50,600,-52.73867143,67.67916
-50,600,-55.85511429,68.3588
-50,600,-59.15085714,68.6276
-50,600,-62.6356,68.44212
-50,600,-66.31957143,67.77413
-50,600,-70.21352857,66.61433
-50,600,-74.32887143,64.97415
-50,600,-78.6776,62.88493
-50,600,-83.27247143,60.39474
-50,600,-88.12694286,57.56316
-50,600,-93.25528571,54.45554
-50,600,-98.67264286,51.13795
-50,600,-104.3950571,47.67411
-50,600,-110.4395286,44.12464
-50,600,-116.8241143,40.54814
-50,600,-123.5680286,37.00301
-50,600,-130.6916714,33.54847
-50,600,-138.2167571,30.24391
-50,600,-146.1664286,27.14622
-50,600,-154.5652857,24.30596
-50,600,-163.4397143,21.76334
-50,600,-172.8177143,19.54557
-50,600,-182.729,17.66609
-50,600,-193.2057143,16.12588
-50,600,-204.2814286,14.91623
-50,600,-215.9924286,14.02203
-50,600,-228.3771429,13.42485
-50,600,-241.4764286,13.10512
-50,600,-255.3335714,13.04305
-50,600,-269.9945714,13.21833
-50,600,-285.5082857,13.60904
-50,600,-301.9264286,14.1901
-50,600,-319.3038571,14.9323
-50,600,-337.6984286,15.80229
-50,600,-357.1715714,16.76409
-50,600,-377.7878571,17.78157
-50,600,-399.6162857,18.82089
-50,600,-422.7288571,19.85174
-50,600,-447.2027143,20.84672
-50,600,-473.1184286,21.77935
-50,600,-500.562,22.62258
-50,600,-529.624,23.34954
-50,600,-560.4004286,23.93791
-50,600,-592.9925714,24.37703
-50,600,-627.508,24.67491
-50,600,-664.0605714,24.8617
-50,600,-702.7704286,24.98718
-60,220,-19.61612857,25.69421
-60,220,-20.8042,25.27624
-60,220,-22.06445714,24.87813
-60,220,-23.40141429,24.51636
-60,220,-24.81981429,24.21382
-60,220,-26.32474286,24.00068
-60,220,-27.92162857,23.91324
-60,220,-29.6162,23.99153
-60,220,-31.41454286,24.27596
-60,220,-33.32311429,24.80347
-60,220,-35.34872857,25.60301
-60,220,-37.49857143,26.69018
-60,220,-39.78024286,28.06118
-60,220,-42.20171429,29.68671
-60,220,-44.77137143,31.50781
-60,220,-47.49804286,33.43627
-60,220,-50.39101429,35.36178
-60,220,-53.46,37.16625
-60,220,-56.71524286,38.74232
-60,220,-60.16752857,40.01023
-60,220,-63.82817143,40.927
-60,220,-67.70911429,41.4849
-60,220,-71.8229,41.70073
-60,220,-76.18277143,41.60105
-60,220,-80.80268571,41.20933
-60,220,-85.69737143,40.53921
-60,220,-90.88235714,39.59539
-60,220,-96.37408571,38.38074
-60,220,-102.1899429,36.90657
-60,220,-108.3484429,35.20196
-60,220,-114.8692286,33.31858
-60,220,-121.7732714,31.3292
-60,220,-129.0829143,29.32027
-60,220,-136.8220429,27.3812
-60,220,-145.0161429,25.59367
-60,220,-153.6922857,24.02363
-60,220,-162.8794286,22.71736
-60,220,-172.6081429,21.70087
-60,220,-182.9112857,20.98147
-60,220,-193.8234286,20.54977
-60,220,-205.381,20.38095
-60,220,-217.623,20.43502
-60,220,-230.5904286,20.65681
-60,220,-244.3267143,20.97724
-60,220,-258.878,21.31784
-60,220,-274.2928571,21.59988
-60,220,-290.6231429,21.75752
-60,220,-307.9234286,21.75149
-60,220,-326.2517143,21.57846
-60,220,-345.6694286,21.2716
-60,220,-366.242,20.89173
-60,220,-388.0382857,20.5124
-60,220,-411.1317143,20.20423
-60,220,-435.5998571,20.02309
-60,220,-461.5251429,20.00393
-60,220,-488.995,20.15975
-60,220,-518.1018571,20.48396
-60,220,-548.944,20.95432
-60,220,-581.6254286,21.53691
-60,220,-616.2562857,22.18902
-60,240,-19.76032857,25.85578
-60,240,-20.95735714,25.45327
-60,240,-22.22705714,25.0685
-60,240,-23.57388571,24.71642
-60,240,-25.00262857,24.41844
-60,240,-26.51838571,24.20345
-60,240,-28.12655714,24.10705
-60,240,-29.83292857,24.16936
-60,240,-31.64362857,24.432
-60,240,-33.56515714,24.9344
-60,240,-35.60435714,25.70952
-60,240,-37.76851429,26.77856
-60,240,-40.06527143,28.14489
-60,240,-42.50268571,29.78769
-60,240,-45.08924286,31.65687
-60,240,-47.83382857,33.67177
-60,240,-50.7458,35.72616
-60,240,-53.83495714,37.70044
-60,240,-57.11161429,39.47899
-60,240,-60.58658571,40.96761
-60,240,-64.2712,42.10489
-60,240,-68.17742857,42.86368
-60,240,-72.31782857,43.24319
-60,240,-76.70562857,43.25599
-60,240,-81.35477143,42.91577
-60,240,-86.27997143,42.23073
-60,240,-91.49674286,41.20435
-60,240,-97.02155714,39.8426
-60,240,-102.8718143,38.16431
-60,240,-109.0660286,36.21023
-60,240,-115.6238429,34.04688
-60,240,-122.5662286,31.7633
-60,240,-129.9154714,29.46152
-60,240,-137.6953857,27.24372
-60,240,-145.9312857,25.20028
-60,240,-154.6504286,23.40147
-60,240,-163.8814286,21.89407
-60,240,-173.655,20.70229
-60,240,-184.004,19.83098
-60,240,-194.9628571,19.26949
-60,240,-206.5688571,18.99466
-60,240,-218.8608571,18.97257
-60,240,-231.8805714,19.1593
-60,240,-245.6717143,19.5018
-60,240,-260.2811429,19.94025
-60,240,-275.7578571,20.41278
-60,240,-292.154,20.86265
-60,240,-309.5248571,21.24632
-60,240,-327.9287143,21.53982
-60,240,-347.4272857,21.74074
-60,240,-368.0858571,21.86494
-60,240,-389.9737143,21.93884
-60,240,-413.1641429,21.99015
-60,240,-437.7347143,22.04007
-60,240,-463.7677143,22.09915
-60,240,-491.3505714,22.16754
-60,240,-520.5757143,22.23892
-60,240,-551.5411429,22.30594
-60,240,-584.351,22.36495
-60,240,-619.1155714,22.41788
-60,260,-19.89858571,25.92986
-60,260,-21.10421429,25.51315
-60,260,-22.38302857,25.11467
-60,260,-23.73951429,24.74963
-60,260,-25.1785,24.43998
-60,260,-26.70508571,24.21553
-60,260,-28.32474286,24.11319
-60,260,-30.04328571,24.17476
-60,260,-31.86691429,24.44403
-60,260,-33.80214286,24.96311
-60,260,-35.85594286,25.7682
-60,260,-38.03561429,26.8843
-60,260,-40.34887143,28.31879
-60,260,-42.80387143,30.05434
-60,260,-45.40915714,32.04281
-60,260,-48.17368571,34.20276
-60,260,-51.10688571,36.42338
-60,260,-54.21861429,38.57669
-60,260,-57.51924286,40.5359
-60,260,-61.01962857,42.19496
-60,260,-64.73117143,43.48215
-60,260,-68.66587143,44.36311
-60,260,-72.8363,44.83308
-60,260,-77.25572857,44.90291
-60,260,-81.93812857,44.58543
-60,260,-86.89821429,43.88762
-60,260,-92.15154286,42.81117
-60,260,-97.71457143,41.36037
-60,260,-103.6047286,39.55374
-60,260,-109.8405143,37.43452
-60,260,-116.4416143,35.07528
-60,260,-123.4289429,32.57445
-60,260,-130.8248143,30.04554
-60,260,-138.6530143,27.60256
-60,260,-146.9388571,25.3462
-60,260,-155.7095714,23.35449
-60,260,-164.9937143,21.67909
-60,260,-174.8221429,20.34665
-60,260,-185.2278571,19.36303
-60,260,-196.2452857,18.71816
-60,260,-207.9118571,18.38987
-60,260,-220.2667143,18.34601
-60,260,-233.3517143,18.545
-60,260,-247.211,18.93594
-60,260,-261.8914286,19.45966
-60,260,-277.4424286,20.05228
-60,260,-293.9164286,20.65151
-60,260,-311.3685714,21.20477
-60,260,-329.8575714,21.67652
-60,260,-349.445,22.0517
-60,260,-370.1961429,22.3337
-60,260,-392.1805714,22.53737
-60,260,-415.4711429,22.68
-60,260,-440.1457143,22.7736
-60,260,-466.2862857,22.82145
-60,260,-493.9801429,22.8197
-60,260,-523.3198571,22.76294
-60,260,-554.4032857,22.65106
-60,260,-587.3344286,22.49391
-60,260,-622.2238571,22.31164
-60,280,-21.72098571,32.63369
-60,280,-23.033,32.78258
-60,280,-24.42317143,32.93181
-60,280,-25.89617143,33.08473
-60,280,-27.45702857,33.25172
-60,280,-29.11111429,33.45271
-60,280,-30.86414286,33.71824
-60,280,-32.72221429,34.08842
-60,280,-34.69181429,34.60977
-60,280,-36.77975714,35.32977
-60,280,-38.99328571,36.28996
-60,280,-41.33997143,37.51775
-60,280,-43.8278,39.01789
-60,280,-46.46512857,40.76454
-60,280,-49.2607,42.69588
-60,280,-52.2237,44.71356
-60,280,-55.3637,46.6897
-60,280,-58.69077143,48.48192
-60,280,-62.21544286,49.95431
-60,280,-65.94881429,50.99858
-60,280,-69.90251429,51.54843
-60,280,-74.0888,51.58265
-60,280,-78.52061429,51.11677
-60,280,-83.21158571,50.18802
-60,280,-88.17607143,48.84028
-60,280,-93.42928571,47.11452
-60,280,-98.98728571,45.04724
-60,280,-104.8670571,42.67573
-60,280,-111.0866429,40.04674
-60,280,-117.6652,37.22389
-60,280,-124.6231143,34.29011
-60,280,-131.9821429,31.34345
-60,280,-139.7655,28.4874
-60,280,-147.998,25.81894
-60,280,-156.706,23.41815
-60,280,-165.918,21.34207
-60,280,-175.6638571,19.62348
-60,280,-185.976,18.27376
-60,280,-196.8884286,17.28772
-60,280,-208.4375714,16.64844
-60,280,-220.6621429,16.33061
-60,280,-233.603,16.30191
-60,280,-247.3037143,16.52255
-60,280,-261.8102857,16.944
-60,280,-277.1715714,17.50874
-60,280,-293.4392857,18.15248
-60,280,-310.6681429,18.81027
-60,280,-328.9161429,19.42546
-60,280,-348.2444286,19.9592
-60,280,-368.7178571,20.39667
-60,280,-390.4054286,20.74717
-60,280,-413.3797143,21.03794
-60,280,-437.7177143,21.30405
-60,280,-463.501,21.57807
-60,280,-490.8157143,21.88272
-60,280,-519.7535714,22.22809
-60,280,-550.4112857,22.61327
-60,280,-582.8914286,23.03071
-60,280,-617.3027143,23.47112
-60,280,-653.7604286,23.92658
-60,300,-19.5999,26.39294
-60,300,-20.78814286,25.95697
-60,300,-22.04858571,25.5364
-60,300,-23.38564286,25.1432
-60,300,-24.804,24.79618
-60,300,-26.30872857,24.52218
-60,300,-27.90515714,24.35541
-60,300,-29.59901429,24.33553
-60,300,-31.3964,24.50489
-60,300,-33.30374286,24.90533
-60,300,-35.32792857,25.57433
-60,300,-37.47618571,26.54039
-60,300,-39.75618571,27.81737
-60,300,-42.17602857,29.39813
-60,300,-44.74421429,31.24845
-60,300,-47.46971429,33.30351
-60,300,-50.36191429,35.46935
-60,300,-53.43067143,37.6314
-60,300,-56.68635714,39.66926
-60,300,-60.13984286,41.4741
-60,300,-63.80251429,42.96266
-60,300,-67.68634286,44.08288
-60,300,-71.80388571,44.8097
-60,300,-76.16835714,45.134
-60,300,-80.79362857,45.05053
-60,300,-85.69428571,44.55052
-60,300,-90.88574286,43.62213
-60,300,-96.38428571,42.25879
-60,300,-102.2071429,40.47205
-60,300,-108.3726286,38.30354
-60,300,-114.9002857,35.83075
-60,300,-121.8109429,33.16326
-60,300,-129.1268286,30.43022
-60,300,-136.8717571,27.76278
-60,300,-145.0711429,25.27731
-60,300,-153.7521429,23.0637
-60,300,-162.9437143,21.18075
-60,300,-172.6765714,19.65772
-60,300,-182.9837143,18.49957
-60,300,-193.9,17.69312
-60,300,-205.4622857,17.21198
-60,300,-217.7102857,17.01945
-60,300,-230.6854286,17.06937
-60,300,-244.4322857,17.30633
-60,300,-258.998,17.66686
-60,300,-274.4324286,18.08347
-60,300,-290.7887143,18.49231
-60,300,-308.1232857,18.84335
-60,300,-326.4958571,19.10985
-60,300,-345.9697143,19.29323
-60,300,-366.612,19.42099
-60,300,-388.494,19.53816
-60,300,-411.6908571,19.69554
-60,300,-436.2824286,19.93862
-60,300,-462.3531429,20.29982
-60,300,-489.9924286,20.79515
-60,300,-519.2948571,21.42465
-60,300,-550.3607143,22.17543
-60,300,-583.2958571,23.02536
-60,300,-618.2124286,23.94596
-60,320,-19.90475714,26.37698
-60,320,-21.11121429,25.9527
-60,320,-22.39081429,25.54428
-60,320,-23.74802857,25.16473
-60,320,-25.18764286,24.83431
-60,320,-26.71474286,24.58184
-60,320,-28.3348,24.44416
-60,320,-30.05361429,24.46415
-60,320,-31.87737143,24.68802
-60,320,-33.81265714,25.16186
-60,320,-35.86642857,25.92757
-60,320,-38.04604286,27.01772
-60,320,-40.35925714,28.44904
-60,320,-42.81425714,30.21473
-60,320,-45.41964286,32.27687
-60,320,-48.18442857,34.56144
-60,320,-51.11805714,36.95946
-60,320,-54.23044286,39.33659
-60,320,-57.53195714,41.55109
-60,320,-61.03347143,43.47537
-60,320,-64.74638571,45.01393
-60,320,-68.68268571,46.11104
-60,320,-72.85491429,46.74613
-60,320,-77.27628571,46.92059
-60,320,-81.9607,46.64285
-60,320,-86.92278571,45.91864
-60,320,-92.178,44.75008
-60,320,-97.7427,43.1435
-60,320,-103.6341714,41.12211
-60,320,-109.8708286,38.7377
-60,320,-116.4722143,36.07588
-60,320,-123.4592143,33.25172
-60,320,-130.8540429,30.3967
-60,320,-138.6804714,27.6412
-60,320,-146.9638571,25.09832
-60,320,-155.7312857,22.8532
-60,320,-165.0115714,20.95954
-60,320,-174.8357143,19.44213
-60,320,-185.2362857,18.30281
-60,320,-196.2485714,17.52695
-60,320,-207.9095714,17.0886
-60,320,-220.2587143,16.9533
-60,320,-233.338,17.07883
-60,320,-247.1918571,17.41488
-60,320,-261.8674286,17.90328
-60,320,-277.4144286,18.48055
-60,320,-293.886,19.08356
-60,320,-311.3377143,19.65768
-60,320,-329.829,20.16487
-60,320,-349.4221429,20.58853
-60,320,-370.1835714,20.9328
-60,320,-392.1834286,21.21625
-60,320,-415.4958571,21.46262
-60,320,-440.1995714,21.69202
-60,320,-466.3775714,21.91545
-60,320,-494.118,22.13423
-60,320,-523.5145714,22.34349
-60,320,-554.6658571,22.53794
-60,320,-587.677,22.71686
-60,320,-622.6588571,22.88616
-60,350,-26.40628571,50.08713
-60,350,-27.98437143,52.74151
-60,350,-29.65477143,55.50474
-60,350,-31.4229,58.3397
-60,350,-33.29445714,61.19275
-60,350,-35.27538571,63.99497
-60,350,-37.37197143,66.66944
-60,350,-39.59074286,69.14154
-60,350,-41.93857143,71.34811
-60,350,-44.42261429,73.24169
-60,350,-47.05037143,74.78886
-60,350,-49.82967143,75.96442
-60,350,-52.76878571,76.74431
-60,350,-55.8763,77.10075
-60,350,-59.16134286,77.00142
-60,350,-62.63344286,76.41339
-60,350,-66.3027,75.311
-60,350,-70.17974286,73.68525
-60,350,-74.27584286,71.55181
-60,350,-78.60285714,68.95475
-60,350,-83.17337143,65.96438
-60,350,-88.00071429,62.66958
-60,350,-93.099,59.16682
-60,350,-98.4832,55.54909
-60,350,-104.1692,51.89745
-60,350,-110.1738143,48.277
-60,350,-116.5149571,44.73713
-60,350,-123.2115571,41.3149
-60,350,-130.2837714,38.0397
-60,350,-137.753,34.93742
-60,350,-145.642,32.03293
-60,350,-153.9748571,29.35043
-60,350,-162.7774286,26.91224
-60,350,-172.0768571,24.73674
-60,350,-181.9025714,22.83639
-60,350,-192.2852857,21.21662
-60,350,-203.2581429,19.87561
-60,350,-214.8558571,18.80493
-60,350,-227.1157143,17.99051
-60,350,-240.0771429,17.41361
-60,350,-253.7818571,17.05149
-60,350,-268.2741429,16.87782
-60,350,-283.601,16.86302
-60,350,-299.8117143,16.975
-60,350,-316.959,17.1808
-60,350,-335.0985714,17.44928
-60,350,-354.2891429,17.75478
-60,350,-374.5931429,18.08067
-60,350,-396.0764286,18.42164
-60,350,-418.809,18.78348
-60,350,-442.8645714,19.18001
-60,350,-468.3217143,19.6275
-60,350,-495.2631429,20.13837
-60,350,-523.7767143,20.71581
-60,350,-553.9552857,21.35136
-60,350,-585.8975714,22.02665
-60,350,-619.7074286,22.71925
-60,350,-655.4955714,23.41096
-60,350,-693.3785714,24.09511
-60,350,-733.4805714,24.77936
-60,370,-25.98975714,49.4663
-60,370,-27.544,51.96473
-60,370,-29.18931429,54.56647
-60,370,-30.93102857,57.24451
-60,370,-32.77482857,59.95745
-60,370,-34.72662857,62.65002
-60,370,-36.79268571,65.25875
-60,370,-38.9795,67.72026
-60,370,-41.2939,69.97844
-60,370,-43.743,71.98759
-60,370,-46.33427143,73.71073
-60,370,-49.07547143,75.11458
-60,370,-51.97477143,76.16375
-60,370,-55.04072857,76.81703
-60,370,-58.2823,77.02737
-60,370,-61.70895714,76.74632
-60,370,-65.33065714,75.93225
-60,370,-69.15788571,74.56032
-60,370,-73.20172857,72.63151
-60,370,-77.47392857,70.17772
-60,370,-81.98687143,67.26112
-60,370,-86.75371429,63.96757
-60,370,-91.78837143,60.39605
-60,370,-97.10561429,56.64706
-60,370,-102.7211143,52.81303
-60,370,-108.6514714,48.97269
-60,370,-114.9143286,45.18985
-60,370,-121.5283571,41.51537
-60,370,-128.5134571,37.99081
-60,370,-135.8907286,34.6519
-60,370,-143.6827143,31.53058
-60,370,-151.9131429,28.65528
-60,370,-160.6077143,26.04984
-60,370,-169.7934286,23.73188
-60,370,-179.4994286,21.71145
-60,370,-189.7565714,19.9905
-60,370,-200.5975714,18.56334
-60,370,-212.0572857,17.41772
-60,370,-224.173,16.53618
-60,370,-236.984,15.8972
-60,370,-250.5318571,15.47593
-60,370,-264.8607143,15.24454
-60,370,-280.0174286,15.17248
-60,370,-296.0514286,15.22706
-60,370,-313.0151429,15.37505
-60,370,-330.9644286,15.58551
-60,370,-349.9581429,15.83365
-60,370,-370.0591429,16.1049
-60,370,-391.3335714,16.39765
-60,370,-413.8521429,16.72357
-60,370,-437.6895714,17.10487
-60,370,-462.925,17.56906
-60,370,-489.6421429,18.14256
-60,370,-517.93,18.84487
-60,370,-547.8821429,19.68465
-60,370,-579.5981429,20.65892
-60,370,-613.1827143,21.75559
-60,370,-648.747,22.95866
-60,370,-686.4081429,24.25392
-60,370,-726.2902857,25.63238
-60,390,-26.06985714,48.49905
-60,390,-27.62881429,50.88093
-60,390,-29.27905714,53.36254
-60,390,-31.02594286,55.92322
-60,390,-32.87521429,58.52928
-60,390,-34.83282857,61.13429
-60,390,-36.90508571,63.68415
-60,390,-39.0986,66.12448
-60,390,-41.42024286,68.40712
-60,390,-43.87722857,70.49276
-60,390,-46.47705714,72.34904
-60,390,-49.22758571,73.94546
-60,390,-52.13704286,75.2474
-60,390,-55.21404286,76.21179
-60,390,-58.46758571,76.78619
-60,390,-61.90717143,76.91229
-60,390,-65.54278571,76.53332
-60,390,-69.38492857,75.60421
-60,390,-73.44468571,74.10181
-60,390,-77.73375714,72.03251
-60,390,-82.26451429,69.4348
-60,390,-87.05007143,66.37588
-60,390,-92.10427143,62.94342
-60,390,-97.44181429,59.23484
-60,390,-103.0782857,55.34715
-60,390,-109.0302143,51.36981
-60,390,-115.3151143,47.38132
-60,390,-121.9515857,43.44931
-60,390,-128.9594,39.63257
-60,390,-136.3595571,35.98333
-60,390,-144.1744286,32.54852
-60,390,-152.4277143,29.36949
-60,390,-161.1448571,26.48058
-60,390,-170.3527143,23.90728
-60,390,-180.0802857,21.66483
-60,390,-190.3581429,19.75803
-60,390,-201.219,18.18212
-60,390,-212.6974286,16.92459
-60,390,-224.8304286,15.96721
-60,390,-237.6572857,15.28789
-60,390,-251.2194286,14.86185
-60,390,-265.561,14.66206
-60,390,-280.7285714,14.65915
-60,390,-296.7717143,14.82116
-60,390,-313.7428571,15.11393
-60,390,-331.6972857,15.50261
-60,390,-350.6938571,15.95456
-60,390,-370.7947143,16.44317
-60,390,-392.0658571,16.95149
-60,390,-414.577,17.47405
-60,390,-438.402,18.01587
-60,390,-463.619,18.5886
-60,390,-490.3107143,19.20479
-60,390,-518.565,19.87225
-60,390,-548.4742857,20.59042
-60,390,-580.1365714,21.3503
-60,390,-613.6558571,22.13807
-60,390,-649.1415714,22.94128
-60,390,-686.71,23.75479
-60,390,-726.4841429,24.58359
-60,410,-26.3356,49.90239
-60,410,-27.9103,52.3443
-60,410,-29.57711429,54.88937
-60,410,-31.34151429,57.51835
-60,410,-33.2093,60.19962
-60,410,-35.18651429,62.88974
-60,410,-37.27957143,65.53856
-60,410,-39.49514286,68.09645
-60,410,-41.84021429,70.52004
-60,410,-44.32207143,72.77392
-60,410,-46.94832857,74.82753
-60,410,-49.72692857,76.64896
-60,410,-52.66615714,78.19838
-60,410,-55.77471429,79.4237
-60,410,-59.06171429,80.2604
-60,410,-62.5367,80.63632
-60,410,-66.20974286,80.48086
-60,410,-70.0914,79.73666
-60,410,-74.19282857,78.37093
-60,410,-78.5258,76.38345
-60,410,-83.10274286,73.80868
-60,410,-87.93678571,70.71164
-60,410,-93.04188571,67.17898
-60,410,-98.43275714,63.30803
-60,410,-104.1250429,59.19706
-60,410,-110.1352857,54.93888
-60,410,-116.4810714,50.61835
-60,410,-123.1810143,46.313
-60,410,-130.2548857,42.09489
-60,410,-137.7237429,38.03191
-60,410,-145.61,34.18743
-60,410,-153.9372857,30.61802
-60,410,-162.7312857,27.3702
-60,410,-172.0191429,24.4774
-60,410,-181.8297143,21.95821
-60,410,-192.1938571,19.81657
-60,410,-203.1447143,18.04359
-60,410,-214.7171429,16.62053
-60,410,-226.9484286,15.52194
-60,410,-239.8782857,14.71837
-60,410,-253.5482857,14.17813
-60,410,-268.0031429,13.86812
-60,410,-283.2897143,13.75387
-60,410,-299.4578571,13.79957
-60,410,-316.5604286,13.96854
-60,410,-334.6532857,14.22509
-60,410,-353.796,14.53774
-60,410,-374.0515714,14.88336
-60,410,-395.4865714,15.25104
-60,410,-418.172,15.6439
-60,410,-442.1828571,16.07811
-60,410,-467.5988571,16.57885
-60,410,-494.5038571,17.17435
-60,410,-522.9871429,17.88978
-60,410,-553.1428571,18.74234
-60,410,-585.0705714,19.73899
-60,410,-618.8754286,20.87693
-60,410,-654.6688571,22.14673
-60,410,-692.568,23.53631
-60,410,-732.6972857,25.0336
-60,430,-26.20872857,48.51822
-60,430,-27.77612857,50.87627
-60,430,-29.43515714,53.33345
-60,430,-31.19125714,55.87151
-60,430,-33.05017143,58.46045
-60,430,-35.01794286,61.05908
-60,430,-37.10095714,63.62014
-60,430,-39.30588571,66.09731
-60,430,-41.63968571,68.45102
-60,430,-44.10965714,70.65008
-60,430,-46.72338571,72.6689
-60,430,-49.48882857,74.48133
-60,430,-52.41425714,76.05396
-60,430,-55.50835714,77.34108
-60,430,-58.7802,78.28341
-60,430,-62.23934286,78.81129
-60,430,-65.89577143,78.85236
-60,430,-69.76002857,78.34224
-60,430,-73.84321429,77.23592
-60,430,-78.15698571,75.51691
-60,430,-82.71372857,73.20171
-60,430,-87.52647143,70.33832
-60,430,-92.60904286,66.99964
-60,430,-97.97605714,63.27398
-60,430,-103.6430143,59.25571
-60,430,-109.6263286,55.03831
-60,430,-115.9434143,50.711
-60,430,-122.6127857,46.35826
-60,430,-129.6540429,42.06084
-60,430,-137.0880857,37.8963
-60,430,-144.9371429,33.93795
-60,430,-153.2248571,30.25187
-60,430,-161.9764286,26.89299
-60,430,-171.219,23.90143
-60,430,-180.981,21.30043
-60,430,-191.2932857,19.09653
-60,430,-202.1882857,17.28186
-60,430,-213.7008571,15.83769
-60,430,-225.8678571,14.73845
-60,430,-238.7285714,13.95514
-60,430,-252.3248571,13.4577
-60,430,-266.7005714,13.21611
-60,430,-281.903,13.20042
-60,430,-297.9814286,13.38009
-60,430,-314.9887143,13.72341
-60,430,-332.9805714,14.19767
-60,430,-352.016,14.7705
-60,430,-372.1572857,15.41246
-60,430,-393.4708571,16.09994
-60,430,-416.0267143,16.81728
-60,430,-439.8985714,17.5568
-60,430,-465.165,18.31631
-60,430,-491.909,19.0949
-60,430,-520.218,19.88849
-60,430,-550.1848571,20.68731
-60,430,-581.9074286,21.47683
-60,430,-615.4897143,22.24232
-60,430,-651.0411429,22.9756
-60,430,-688.678,23.68084
-60,430,-728.5228571,24.37651
-60,450,-25.83211429,47.66361
-60,450,-27.37801429,49.89585
-60,450,-29.0143,52.21936
-60,450,-30.74631429,54.61817
-60,450,-32.57972857,57.06555
-60,450,-34.52054286,59.52451
-60,450,-36.57502857,61.95254
-60,450,-38.74981429,64.30809
-60,450,-41.05181429,66.55581
-60,450,-43.48824286,68.66798
-60,450,-46.06664286,70.62162
-60,450,-48.79488571,72.39272
-60,450,-51.68122857,73.94965
-60,450,-54.73427143,75.24852
-60,450,-57.96302857,76.23181
-60,450,-61.37695714,76.83154
-60,450,-64.986,76.97653
-60,450,-68.80058571,76.60254
-60,450,-72.8317,75.663
-60,450,-77.09094286,74.13745
-60,450,-81.59054286,72.03541
-60,450,-86.34342857,69.39486
-60,450,-91.3633,66.27612
-60,450,-96.66461429,62.75357
-60,450,-102.2627286,58.90804
-60,450,-108.1738571,54.82183
-60,450,-114.4152143,50.57705
-60,450,-121.0050714,46.25641
-60,450,-127.9628,41.94442
-60,450,-135.3090429,37.72729
-60,450,-143.0657143,33.69022
-60,450,-151.2562857,29.91235
-60,450,-159.9057143,26.46064
-60,450,-169.0407143,23.3846
-60,450,-178.6895714,20.71344
-60,450,-188.883,18.45627
-60,450,-199.6534286,16.60504
-60,450,-211.0351429,15.13907
-60,450,-223.065,14.02997
-60,450,-235.7821429,13.2458
-60,450,-249.2278571,12.75386
-60,450,-263.4462857,12.52181
-60,450,-278.4838571,12.51756
-60,450,-294.39,12.70829
-60,450,-311.2172857,13.05959
-60,450,-329.0208571,13.53554
-60,450,-347.8598571,14.10041
-60,450,-367.7964286,14.72198
-60,450,-388.8965714,15.37566
-60,450,-411.2301429,16.0476
-60,450,-434.8714286,16.73561
-60,450,-459.8985714,17.44676
-60,450,-486.3944286,18.19257
-60,450,-514.4468571,18.98345
-60,450,-544.1482857,19.82423
-60,450,-575.5968571,20.71272
-60,450,-608.8958571,21.64164
-60,450,-644.155,22.60328
-60,450,-681.49,23.59444
-60,450,-721.0228571,24.61935
-60,460,-25.96494286,48.1488
-60,460,-27.51842857,50.39892
-60,460,-29.1627,52.74179
-60,460,-30.90312857,55.16261
-60,460,-32.74542857,57.63602
-60,460,-34.6956,60.12657
-60,460,-36.75998571,62.59324
-60,460,-38.94522857,64.9956
-60,460,-41.25825714,67.29868
-60,460,-43.70637143,69.47415
-60,460,-46.29711429,71.49743
-60,460,-49.0384,73.34203
-60,460,-51.93851429,74.97347
-60,460,-55.0061,76.345
-60,460,-58.2502,77.39661
-60,460,-61.6803,78.05833
-60,460,-65.30637143,78.25738
-60,460,-69.1389,77.92812
-60,460,-73.18888571,77.02241
-60,460,-77.46797143,75.51804
-60,460,-81.9884,73.42259
-60,460,-86.76314286,70.77222
-60,460,-91.8059,67.62575
-60,460,-97.13118571,64.05665
-60,460,-102.7543429,60.14543
-60,460,-108.6916429,55.97481
-60,460,-114.9603429,51.62821
-60,460,-121.5786857,47.19071
-60,460,-128.5661286,42.75056
-60,460,-135.9433,38.39905
-60,460,-143.7321429,34.22744
-60,460,-151.9562857,30.32117
-60,460,-160.6405714,26.75274
-60,460,-169.8118571,23.57561
-60,460,-179.4987143,20.82084
-60,460,-189.7315714,18.49729
-60,460,-200.543,16.59497
-60,460,-211.9677143,15.09018
-60,460,-224.0422857,13.95107
-60,460,-236.8061429,13.14224
-60,460,-250.3008571,12.62781
-60,460,-264.5704286,12.3728
-60,460,-279.6614286,12.34311
-60,460,-295.6235714,12.5047
-60,460,-312.5094286,12.82292
-60,460,-330.3745714,13.26274
-60,460,-349.2778571,13.79051
-60,460,-369.282,14.37711
-60,460,-390.4532857,15.00153
-60,460,-412.8617143,15.65352
-60,460,-436.5818571,16.33371
-60,460,-461.6921429,17.05094
-60,460,-488.276,17.81734
-60,460,-516.4211429,18.64283
-60,460,-546.221,19.53096
-60,460,-577.7735714,20.47781
-60,460,-611.183,21.47431
-60,460,-646.5588571,22.51123
-60,460,-684.0172857,23.58464
-60,460,-723.6811429,24.69896
-60,470,-25.8898,46.69714
-60,470,-27.43891429,48.89225
-60,470,-29.07851429,51.17882
-60,470,-30.81394286,53.54255
-60,470,-32.65085714,55.95821
-60,470,-34.59524286,58.38999
-60,470,-36.65342857,60.796
-60,470,-38.83202857,63.13473
-60,470,-41.13797143,65.37055
-60,470,-43.5785,67.47563
-60,470,-46.16118571,69.42781
-60,470,-48.89392857,71.20533
-60,470,-51.78498571,72.78078
-60,470,-54.843,74.11607
-60,470,-58.07698571,75.16045
-60,470,-61.49644286,75.85217
-60,470,-65.1113,76.12397
-60,470,-68.93201429,75.91148
-60,470,-72.96954286,75.16267
-60,470,-77.23547143,73.84613
-60,470,-81.74198571,71.95604
-60,470,-86.50198571,69.5128
-60,470,-91.5291,66.5597
-60,470,-96.83772857,63.15738
-60,470,-102.4431429,59.37819
-60,470,-108.3615,55.3024
-60,470,-114.6099714,51.01658
-60,470,-121.2067429,46.61339
-60,470,-128.1711571,42.19112
-60,470,-135.5237714,37.85133
-60,470,-143.2864286,33.69382
-60,470,-151.4827143,29.80955
-60,470,-160.1371429,26.27328
-60,470,-169.2765714,23.13809
-60,470,-178.9291429,20.43306
-60,470,-189.1251429,18.16468
-60,470,-199.8967143,16.32115
-60,470,-211.2781429,14.8781
-60,470,-223.3061429,13.80439
-60,470,-236.0192857,13.06677
-60,470,-249.4588571,12.63284
-60,470,-263.6688571,12.47227
-60,470,-278.6955714,12.55644
-60,470,-294.5884286,12.85704
-60,470,-311.3992857,13.34445
-60,470,-329.1834286,13.98663
-60,470,-347.9992857,14.74926
-60,470,-367.9085714,15.59728
-60,470,-388.9762857,16.49748
-60,470,-411.2717143,17.42076
-60,470,-434.8674286,18.34311
-60,470,-459.8405714,19.24436
-60,470,-486.2727143,20.10541
-60,470,-514.2497143,20.90567
-60,470,-543.8627143,21.62263
-60,470,-575.2081429,22.23522
-60,470,-608.388,22.73037
-60,470,-643.5102857,23.11037
-60,470,-680.689,23.39748
-60,470,-720.0454286,23.63283
-60,480,-25.93157143,47.71786
-60,480,-27.48325714,49.95616
-60,480,-29.12555714,52.28814
-60,480,-30.86382857,54.7
-60,480,-32.70375714,57.16694
-60,480,-34.65137143,59.65345
-60,480,-36.71297143,62.1177
-60,480,-38.89522857,64.51793
-60,480,-41.20508571,66.8178
-60,480,-43.64978571,68.98824
-60,480,-46.23692857,71.00524
-60,480,-48.97444286,72.84471
-60,480,-51.87057143,74.47644
-60,480,-54.93397143,75.85933
-60,480,-58.17367143,76.93956
-60,480,-61.59918571,77.65239
-60,480,-65.22042857,77.92787
-60,480,-69.04787143,77.69948
-60,480,-73.0925,76.91376
-60,480,-77.36588571,75.53895
-60,480,-81.88027143,73.57003
-60,480,-86.64855714,71.02947
-60,480,-91.68438571,67.9637
-60,480,-97.00221429,64.4372
-60,480,-102.6173429,60.52648
-60,480,-108.5459571,56.31585
-60,480,-114.8052286,51.89546
-60,480,-121.4133857,47.36096
-60,480,-128.3897714,42.81297
-60,480,-135.7549714,38.35475
-60,480,-143.5308571,34.08721
-60,480,-151.741,30.10188
-60,480,-160.4101429,26.47359
-60,480,-169.565,23.25499
-60,480,-179.2341429,20.47428
-60,480,-189.4478571,18.13667
-60,480,-200.2385714,16.22869
-60,480,-211.6408571,14.72393
-60,480,-223.6915714,13.5889
-60,480,-236.4294286,12.78766
-60,480,-249.8962857,12.28489
-60,480,-264.1358571,12.04711
-60,480,-279.1951429,12.04248
-60,480,-295.1232857,12.23974
-60,480,-311.9728571,12.60701
-60,480,-329.7994286,13.11137
-60,480,-348.6617143,13.71985
-60,480,-368.6224286,14.4018
-60,480,-389.7472857,15.13214
-60,480,-412.1062857,15.89392
-60,480,-435.7734286,16.67904
-60,480,-460.827,17.48636
-60,480,-487.3498571,18.31759
-60,480,-515.4294286,19.1728
-60,480,-545.1582857,20.04719
-60,480,-576.6342857,20.93101
-60,480,-609.9607143,21.81297
-60,480,-645.247,22.68594
-60,480,-682.6085714,23.55241
-60,480,-722.1675714,24.42684
-60,490,-26.38898571,49.1261
-60,490,-27.96737143,51.53551
-60,490,-29.6379,54.04954
-60,490,-31.406,56.65219
-60,490,-33.27737143,59.31551
-60,490,-35.25804286,61.99986
-60,490,-37.35435714,64.65852
-60,490,-39.57292857,67.24448
-60,490,-41.92065714,69.71613
-60,490,-44.40478571,72.03933
-60,490,-47.03284286,74.18521
-60,490,-49.81271429,76.12524
-60,490,-52.7526,77.82535
-60,490,-55.86114286,79.24167
-60,490,-59.14737143,80.31899
-60,490,-62.62077143,80.99285
-60,490,-66.29132857,81.19509
-60,490,-70.16951429,80.862
-60,490,-74.2664,79.94339
-60,490,-78.59367143,78.4106
-60,490,-83.16362857,76.26138
-60,490,-87.98931429,73.52082
-60,490,-93.08451429,70.23831
-60,490,-98.46382857,66.48216
-60,490,-104.1426857,62.33387
-60,490,-110.1374429,57.88369
-60,490,-116.4654429,53.22811
-60,490,-123.1450571,48.46875
-60,490,-130.1958,43.71114
-60,490,-137.6384286,39.06195
-60,490,-145.495,34.62385
-60,490,-153.7892857,30.4888
-60,490,-162.5462857,26.73111
-60,490,-171.7928571,23.40222
-60,490,-181.558,20.52882
-60,490,-191.8721429,18.11437
-60,490,-202.7681429,16.14354
-60,490,-214.2808571,14.58811
-60,490,-226.4475714,13.41292
-60,490,-239.3078571,12.58071
-60,490,-252.9035714,12.05533
-60,490,-267.2792857,11.80306
-60,490,-282.4822857,11.79238
-60,490,-298.5627143,11.99281
-60,490,-315.5735714,12.37335
-60,490,-333.5712857,12.90166
-60,490,-352.6151429,13.54457
-60,490,-372.7684286,14.27015
-60,490,-394.0977143,15.05084
-60,490,-416.6737143,15.86627
-60,490,-440.5711429,16.70444
-60,490,-465.869,17.56022
-60,490,-492.6507143,18.43171
-60,490,-521.0047143,19.31586
-60,490,-551.0242857,20.20546
-60,490,-582.8078571,21.08923
-60,490,-616.4597143,21.95548
-60,490,-652.0898571,22.79806
-60,490,-689.8147143,23.62191
-60,490,-729.7574286,24.44525
-60,500,-26.02031429,48.15544
-60,500,-27.57781429,50.43557
-60,500,-29.22634286,52.80989
-60,500,-30.97122857,55.26216
-60,500,-32.81815714,57.76544
-60,500,-34.77305714,60.28278
-60,500,-36.84221429,62.772
-60,500,-39.03218571,65.19226
-60,500,-41.34984286,67.50915
-60,500,-43.80234286,69.69596
-60,500,-46.39717143,71.73063
-60,500,-49.14217143,73.58975
-60,500,-52.0455,75.24209
-60,500,-55.11572857,76.64379
-60,500,-58.36182857,77.73712
-60,500,-61.79322857,78.4533
-60,500,-65.41985714,78.71942
-60,500,-69.25211429,78.4681
-60,500,-73.30101429,77.64778
-60,500,-77.57814286,76.231
-60,500,-82.09574286,74.21855
-60,500,-86.86678571,71.6386
-60,500,-91.90498571,68.54157
-60,500,-97.22482857,64.99305
-60,500,-102.8416714,61.06735
-60,500,-108.7717571,56.8438
-60,500,-115.0323143,52.40604
-60,500,-121.6415571,47.84345
-60,500,-128.6188571,43.25225
-60,500,-135.9848143,38.73433
-60,500,-143.7614286,34.39259
-60,500,-151.9718571,30.32332
-60,500,-160.6414286,26.60763
-60,500,-169.7967143,23.30452
-60,500,-179.4662857,20.44734
-60,500,-189.6805714,18.0446
-60,500,-200.4722857,16.08417
-60,500,-211.8762857,14.53941
-60,500,-223.9292857,13.37555
-60,500,-236.6707143,12.5549
-60,500,-250.1422857,12.04033
-60,500,-264.3884286,11.79665
-60,500,-279.456,11.79045
-60,500,-295.3947143,11.98883
-60,500,-312.2575714,12.35805
-60,500,-330.1002857,12.86295
-60,500,-348.9824286,13.46804
-60,500,-368.9665714,14.14032
-60,500,-390.1194286,14.85313
-60,500,-412.5114286,15.5896
-60,500,-436.2171429,16.34396
-60,500,-461.3154286,17.11987
-60,500,-487.8897143,17.92617
-60,500,-516.0282857,18.77158
-60,500,-545.8242857,19.66038
-60,500,-577.376,20.59072
-60,500,-610.7877143,21.55647
-60,500,-646.1691429,22.55144
-60,500,-683.6364286,23.57435
-60,500,-723.3122857,24.6315
-60,510,-26.04697143,47.9916
-60,510,-27.60568571,50.2728
-60,510,-29.25545714,52.64815
-60,510,-31.00162857,55.10103
-60,510,-32.84987143,57.60436
-60,510,-34.80614286,60.12145
-60,510,-36.87671429,62.61074
-60,510,-39.06814286,65.03234
-60,510,-41.3873,67.35286
-60,510,-43.84135714,69.54643
-60,510,-46.4378,71.59147
-60,510,-49.18444286,73.46454
-60,510,-52.08945714,75.13388
-60,510,-55.16141429,76.55467
-60,510,-58.40925714,77.66779
-60,510,-61.84242857,78.40283
-60,510,-65.47082857,78.68499
-60,510,-69.30485714,78.44484
-60,510,-73.3555,77.62875
-60,510,-77.63432857,76.20753
-60,510,-82.1536,74.18096
-60,510,-86.92624286,71.57734
-60,510,-91.96594286,68.44864
-60,510,-97.28717143,64.86334
-60,510,-102.9052857,60.89963
-60,510,-108.8364857,56.64097
-60,510,-115.098,52.17469
-60,510,-121.7080286,47.59263
-60,510,-128.6859571,42.99196
-60,510,-136.0523571,38.47392
-60,510,-143.8291429,34.1396
-60,510,-152.0398571,30.08286
-60,510,-160.7092857,26.38235
-60,510,-169.8642857,23.09498
-60,510,-179.5332857,20.25268
-60,510,-189.7467143,17.86318
-60,510,-200.5372857,15.91415
-60,510,-211.9395714,14.37922
-60,510,-223.9904286,13.22431
-60,510,-236.7292857,12.41283
-60,510,-250.1977143,11.90915
-60,510,-264.4401429,11.68015
-60,510,-279.5035714,11.69495
-60,510,-295.4375714,11.92366
-60,510,-312.2951429,12.33565
-60,510,-330.132,12.89843
-60,510,-349.0075714,13.57797
-60,510,-368.9844286,14.34067
-60,510,-390.129,15.15659
-60,510,-412.5112857,16.00269
-60,510,-436.2058571,16.86443
-60,510,-461.2908571,17.73472
-60,510,-487.8497143,18.61058
-60,510,-515.9698571,19.48882
-60,510,-545.744,20.3629
-60,510,-577.2702857,21.22283
-60,510,-610.6521429,22.05853
-60,510,-645.9991429,22.86544
-60,510,-683.4267143,23.64972
-60,510,-723.0574286,24.43034
-60,520,-25.48275714,42.34305
-60,520,-27.00798571,44.29555
-60,520,-28.62235714,46.32788
-60,520,-30.33111429,48.42757
-60,520,-32.13985714,50.57278
-60,520,-34.05444286,52.73263
-60,520,-36.08107143,54.87113
-60,520,-38.22625714,56.95278
-60,520,-40.49681429,58.94711
-60,520,-42.89987143,60.83015
-60,520,-45.44288571,62.58233
-60,520,-48.13364286,64.18388
-60,520,-50.98031429,65.60948
-60,520,-53.99142857,66.8242
-60,520,-57.17592857,67.78192
-60,520,-60.5432,68.42699
-60,520,-64.10308571,68.69928
-60,520,-67.86592857,68.54148
-60,520,-71.84262857,67.90739
-60,520,-76.0446,66.76906
-60,520,-80.48388571,65.12102
-60,520,-85.17317143,62.98066
-60,520,-90.12587143,60.3852
-60,520,-95.35614286,57.38671
-60,520,-100.879,54.04725
-60,520,-106.7103714,50.43562
-60,520,-112.8672143,46.62624
-60,520,-119.3675571,42.69945
-60,520,-126.2306143,38.74163
-60,520,-133.4768857,34.84356
-60,520,-141.1281714,31.09621
-60,520,-149.2075714,27.58447
-60,520,-157.74,24.38021
-60,520,-166.7512857,21.53683
-60,520,-176.2692857,19.08666
-60,520,-186.3234286,17.04177
-60,520,-196.9452857,15.3978
-60,520,-208.1677143,14.13933
-60,520,-220.0265714,13.24567
-60,520,-232.5597143,12.69584
-60,520,-245.8071429,12.47212
-60,520,-259.8122857,12.56189
-60,520,-274.6207143,12.95777
-60,520,-290.2812857,13.65619
-60,520,-306.8452857,14.65446
-60,520,-324.3672857,15.94677
-60,520,-342.9044286,17.51886
-60,520,-362.517,19.34168
-60,520,-383.2682857,21.36374
-60,520,-405.2242857,23.50248
-60,520,-428.4545714,25.63623
-60,520,-453.0324286,27.60063
-60,520,-479.0348571,29.19641
-60,520,-506.543,30.21568
-60,520,-535.6431429,30.48831
-60,520,-566.4262857,29.93704
-60,520,-598.9894286,28.6168
-60,520,-633.4354286,26.71347
-60,520,-669.8738571,24.49675
-60,520,-708.4217143,22.24922
-60,530,-26.33817143,47.92741
-60,530,-27.91214286,50.32092
-60,530,-29.57785714,52.81881
-60,530,-31.34075714,55.40342
-60,530,-33.20658571,58.04507
-60,530,-35.18142857,60.70265
-60,530,-37.27168571,63.3287
-60,530,-39.48405714,65.87666
-60,530,-41.82554286,68.30695
-60,530,-44.30345714,70.58896
-60,530,-46.92542857,72.69852
-60,530,-49.6994,74.61193
-60,530,-52.63368571,76.2991
-60,530,-55.73694286,77.71816
-60,530,-59.01825714,78.81341
-60,530,-62.48714286,79.51732
-60,530,-66.15355714,79.75678
-60,530,-70.02798571,79.46242
-60,530,-74.12147143,78.57896
-60,530,-78.4456,77.07427
-60,530,-83.01261429,74.94481
-60,530,-87.83547143,72.21637
-60,530,-92.92784286,68.94048
-60,530,-98.3042,65.18836
-60,530,-103.9799,61.0446
-60,530,-109.9711857,56.60249
-60,530,-116.2953,51.96152
-60,530,-122.9705857,47.22614
-60,530,-130.0165,42.50442
-60,530,-137.4537714,37.90479
-60,530,-145.3044286,33.53054
-60,530,-153.5921429,29.47275
-60,530,-162.3417143,25.80336
-60,530,-171.5801429,22.57045
-60,530,-181.3357143,19.797
-60,530,-191.6391429,17.48319
-60,530,-202.5224286,15.6115
-60,530,-214.0205714,14.15303
-60,530,-226.1698571,13.07366
-60,530,-239.0098571,12.33892
-60,530,-252.5818571,11.91718
-60,530,-266.9302857,11.78093
-60,530,-282.1018571,11.90629
-60,530,-298.1464286,12.27125
-60,530,-315.1165714,12.85318
-60,530,-333.068,13.62618
-60,530,-352.0595714,14.55917
-60,530,-372.1535714,15.61529
-60,530,-393.4152857,16.75278
-60,530,-415.9142857,17.92689
-60,530,-439.7237143,19.0919
-60,530,-464.9208571,20.20258
-60,530,-491.5872857,21.21495
-60,530,-519.8094286,22.08757
-60,530,-549.6784286,22.78461
-60,530,-581.2908571,23.28165
-60,530,-614.749,23.573
-60,530,-650.1611429,23.67764
-60,530,-687.6417143,23.64042
-60,530,-727.3124286,23.52683
-60,540,-26.01184286,47.82221
-60,540,-27.56815714,50.11487
-60,540,-29.21538571,52.5032
-60,540,-30.95888571,54.97045
-60,540,-32.80427143,57.48876
-60,540,-34.75752857,60.01983
-60,540,-36.82488571,62.51964
-60,540,-39.0129,64.94515
-60,540,-41.32841429,67.25959
-60,540,-43.77857143,69.434
-60,540,-46.37082857,71.44445
-60,540,-49.113,73.26626
-60,540,-52.0132,74.86758
-60,540,-55.08,76.20459
-60,540,-58.32231429,77.21999
-60,540,-61.74954286,77.84571
-60,540,-65.37158571,78.00966
-60,540,-69.19881429,77.64543
-60,540,-73.2422,76.70283
-60,540,-77.51331429,75.15672
-60,540,-82.02438571,73.01168
-60,540,-86.78835714,70.3015
-60,540,-91.8189,67.08408
-60,540,-97.1305,63.43375
-60,540,-102.7385,59.43383
-60,540,-108.6591571,55.17151
-60,540,-114.9096714,50.73569
-60,540,-121.5083,46.21723
-60,540,-128.4744571,41.70951
-60,540,-135.8287857,37.30753
-60,540,-143.5932857,33.10439
-60,540,-151.7914286,29.1853
-60,540,-160.4481429,25.62091
-60,540,-169.5902857,22.46174
-60,540,-179.2464286,19.73559
-60,540,-189.4471429,17.44844
-60,540,-200.2248571,15.58832
-60,540,-211.6142857,14.1309
-60,540,-223.6525714,13.04523
-60,540,-236.379,12.29859
-60,540,-249.8352857,11.85962
-60,540,-264.066,11.6996
-60,540,-279.118,11.79201
-60,540,-295.0414286,12.11077
-60,540,-311.8891429,12.62799
-60,540,-329.717,13.3121
-60,540,-348.5842857,14.12749
-60,540,-368.5538571,15.03602
-60,540,-389.6918571,16.00038
-60,540,-412.0682857,16.98793
-60,540,-435.7574286,17.97327
-60,540,-460.8375714,18.93827
-60,540,-487.3914286,19.86955
-60,540,-515.5064286,20.75485
-60,540,-545.275,21.58083
-60,540,-576.795,22.33391
-60,540,-610.1697143,23.00468
-60,540,-645.5082857,23.59407
-60,540,-682.9264286,24.11811
-60,540,-722.5464286,24.60861
-60,550,-25.77811429,47.04835
-60,550,-27.32052857,49.25067
-60,550,-28.95307143,51.54469
-60,550,-30.68108571,53.91659
-60,550,-32.51021429,56.34193
-60,550,-34.44642857,58.78593
-60,550,-36.49602857,61.20775
-60,550,-38.6656,63.56656
-60,550,-40.96204286,65.82647
-60,550,-43.39255714,67.95793
-60,550,-45.96468571,69.93521
-60,550,-48.68628571,71.73125
-60,550,-51.56555714,73.31193
-60,550,-54.61108571,74.63218
-60,550,-57.83187143,75.63509
-60,550,-61.23732857,76.25509
-60,550,-64.83735714,76.42459
-60,550,-68.64234286,76.08299
-60,550,-72.66324286,75.18604
-60,550,-76.91158571,73.7131
-60,550,-81.39954286,71.6705
-60,550,-86.13998571,69.09025
-60,550,-91.14654286,66.02499
-60,550,-96.43361429,62.54125
-60,550,-102.0164286,58.71337
-60,550,-107.9111857,54.61984
-60,550,-114.1349857,50.34237
-60,550,-120.7060286,45.96679
-60,550,-127.6436143,41.58373
-60,550,-134.9683,37.28738
-60,550,-142.7019714,33.17134
-60,550,-150.868,29.3221
-60,550,-159.4911429,25.81178
-60,550,-168.5981429,22.69241
-60,550,-178.2171429,19.99321
-60,550,-188.3785714,17.72153
-60,550,-199.1147143,15.86669
-60,550,-210.4598571,14.40551
-60,550,-222.4505714,13.30795
-60,550,-235.126,12.54185
-60,550,-248.5272857,12.07605
-60,550,-262.6984286,11.8818
-60,550,-277.6862857,11.93249
-60,550,-293.54,12.20235
-60,550,-310.312,12.6646
-60,550,-328.0577143,13.28999
-60,550,-346.8361429,14.04634
-60,550,-366.7091429,14.89984
-60,550,-387.7427143,15.81741
-60,550,-410.0064286,16.76965
-60,550,-433.5737143,17.73255
-60,550,-458.5224286,18.6873
-60,550,-484.935,19.61818
-60,550,-512.8981429,20.50976
-60,550,-542.504,21.3456
-60,550,-573.8495714,22.10973
-60,550,-607.0377143,22.79138
-60,550,-642.1772857,23.39097
-60,550,-679.3832857,23.92467
-60,550,-718.7771429,24.42468
-60,560,-25.50451429,46.19357
-60,560,-27.03111429,48.34002
-60,560,-28.64695714,50.57519
-60,560,-30.35735714,52.8855
-60,560,-32.16788571,55.24657
-60,560,-34.08444286,57.62346
-60,560,-36.11325714,59.97474
-60,560,-38.26087143,62.25858
-60,560,-40.5341,64.4379
-60,560,-42.9401,66.48225
-60,560,-45.48632857,68.36591
-60,560,-48.18057143,70.06322
-60,560,-51.031,71.54314
-60,560,-54.0461,72.76502
-60,560,-57.2348,73.67726
-60,560,-60.60645714,74.21946
-60,560,-64.17088571,74.32824
-60,560,-67.9384,73.94565
-60,560,-71.91987143,73.02838
-60,560,-76.12675714,71.55531
-60,560,-80.57115714,69.5315
-60,560,-85.26585714,66.98761
-60,560,-90.22438571,63.97534
-60,560,-95.46107143,60.56094
-60,560,-100.9910571,56.81917
-60,560,-106.8304286,52.82928
-60,560,-112.9962429,48.67371
-60,560,-119.5065571,44.43823
-60,560,-126.3806,40.21203
-60,560,-133.6388429,36.08592
-60,560,-141.3030286,32.1481
-60,560,-149.3964286,28.47812
-60,560,-157.9437143,25.14064
-60,560,-166.9714286,22.18096
-60,560,-176.5077143,19.62334
-60,560,-186.5825714,17.47257
-60,560,-197.2282857,15.71777
-60,560,-208.479,14.33745
-60,560,-220.371,13.30445
-60,560,-232.9431429,12.58994
-60,560,-246.2364286,12.16603
-60,560,-260.2945714,12.0067
-60,560,-275.1638571,12.08741
-60,560,-290.8937143,12.38368
-60,560,-307.5358571,12.86929
-60,560,-325.1455714,13.51491
-60,560,-343.7812857,14.28789
-60,560,-363.5047143,15.15368
-60,560,-384.3814286,16.07852
-60,560,-406.4802857,17.03241
-60,560,-429.8747143,17.99091
-60,560,-454.6418571,18.93494
-60,560,-480.8635714,19.84858
-60,560,-508.6262857,20.71637
-60,560,-538.0214286,21.52204
-60,560,-569.1455714,22.25011
-60,560,-602.101,22.89061
-60,560,-636.9958571,23.44499
-60,560,-673.9444286,23.9304
-60,560,-713.0678571,24.3798
-60,570,-25.05115714,45.12495
-60,570,-26.55125714,47.13869
-60,570,-28.1392,49.23344
-60,570,-29.82018571,51.39798
-60,570,-31.59971429,53.6114
-60,570,-33.48361429,55.84314
-60,570,-35.478,58.05647
-60,570,-37.5893,60.21355
-60,570,-39.82424286,62.2796
-60,570,-42.18987143,64.22422
-60,570,-44.69354286,66.01939
-60,570,-47.34292857,67.6355
-60,570,-50.14605714,69.03693
-60,570,-53.11135714,70.17907
-60,570,-56.24761429,71.00797
-60,570,-59.56407143,71.46322
-60,570,-63.07042857,71.48404
-60,570,-66.77688571,71.01748
-60,570,-70.69421429,70.02712
-60,570,-74.83375714,68.49999
-60,570,-79.20748571,66.44978
-60,570,-83.82811429,63.9155
-60,570,-88.70902857,60.95591
-60,570,-93.86445714,57.64198
-60,570,-99.30942857,54.04961
-60,570,-105.0599,50.25478
-60,570,-111.1327714,46.33179
-60,570,-117.546,42.35411
-60,570,-124.3186286,38.39602
-60,570,-131.4709714,34.53323
-60,570,-139.0246143,30.84117
-60,570,-147.0025714,27.39075
-60,570,-155.4295714,24.24289
-60,570,-164.3318571,21.4434
-60,570,-173.7372857,19.02
-60,570,-183.6758571,16.98219
-60,570,-194.1795714,15.32382
-60,570,-205.2822857,14.02735
-60,570,-217.0202857,13.06849
-60,570,-229.432,12.42026
-60,570,-242.5582857,12.05566
-60,570,-256.4425714,11.94872
-60,570,-271.131,12.07425
-60,570,-286.6722857,12.40651
-60,570,-303.1181429,12.91771
-60,570,-320.5237143,13.57716
-60,570,-338.947,14.35175
-60,570,-358.4494286,15.208
-60,570,-379.0962857,16.11513
-60,570,-400.9567143,17.04789
-60,570,-424.1032857,17.98775
-60,570,-448.6135714,18.92166
-60,570,-474.5688571,19.83887
-60,570,-502.0555714,20.72745
-60,570,-531.165,21.57263
-60,570,-561.9934286,22.35852
-60,570,-594.6428571,23.07309
-60,570,-629.221,23.71477
-60,570,-665.8421429,24.29737
-60,570,-704.6267143,24.85079
-60,580,-25.21004286,43.75597
-60,580,-26.71925714,45.76271
-60,580,-28.3168,47.85129
-60,580,-30.00788571,50.00893
-60,580,-31.79805714,52.2126
-60,580,-33.69312857,54.42907
-60,580,-35.69925714,56.61867
-60,580,-37.82285714,58.74091
-60,580,-40.07068571,60.75931
-60,580,-42.4498,62.64334
-60,580,-44.9676,64.36687
-60,580,-47.63177143,65.90416
-60,580,-50.45038571,67.22517
-60,580,-53.43188571,68.292
-60,580,-56.58511429,69.05779
-60,580,-59.91934286,69.46889
-60,580,-63.44432857,69.47011
-60,580,-67.17032857,69.01226
-60,580,-71.10811429,68.06024
-60,580,-75.2691,66.59972
-60,580,-79.66527143,64.64043
-60,580,-84.30934286,62.21542
-60,580,-89.21475714,59.37667
-60,580,-94.39572857,56.18891
-60,580,-99.86735714,52.7236
-60,580,-105.6456286,49.05487
-60,580,-111.7475143,45.25776
-60,580,-118.1910857,41.40827
-60,580,-124.9954857,37.58358
-60,580,-132.1811143,33.86126
-60,580,-139.7697,30.31649
-60,580,-147.7842857,27.01764
-60,580,-156.2497143,24.02148
-60,580,-165.1918571,21.36932
-60,580,-174.6388571,19.08535
-60,580,-184.6202857,17.17757
-60,580,-195.1678571,15.64076
-60,580,-206.3152857,14.46075
-60,580,-218.0985714,13.61876
-60,580,-230.5557143,13.09502
-60,580,-243.7277143,12.87109
-60,580,-257.6575714,12.93056
-60,580,-272.3911429,13.25823
-60,580,-287.9772857,13.8378
-60,580,-304.4674286,14.64869
-60,580,-321.9158571,15.66267
-60,580,-340.3798571,16.84128
-60,580,-359.9202857,18.13494
-60,580,-380.6007143,19.48433
-60,580,-402.4885714,20.82358
-60,580,-425.6545714,22.08455
-60,580,-450.1738571,23.20099
-60,580,-476.1252857,24.11245
-60,580,-503.5925714,24.76848
-60,580,-532.6642857,25.13419
-60,580,-563.4341429,25.19707
-60,580,-596.0012857,24.97338
-60,580,-630.4714286,24.51053
-60,580,-666.9561429,23.88296
-60,580,-705.5742857,23.18145
-60,590,-25.3996,46.18538
-60,590,-26.91992857,48.31835
-60,590,-28.52925714,50.53841
-60,590,-30.23287143,52.83149
-60,590,-32.03632857,55.17278
-60,590,-33.9455,57.52684
-60,590,-35.96658571,59.85142
-60,590,-38.10604286,62.10326
-60,590,-40.37068571,64.2429
-60,590,-42.7676,66.23644
-60,590,-45.3042,68.05384
-60,590,-47.98824286,69.66471
-60,590,-50.8278,71.03369
-60,590,-53.83137143,72.11716
-60,590,-57.00782857,72.86279
-60,590,-60.36651429,73.21238
-60,590,-63.91721429,73.10811
-60,590,-67.67025714,72.50095
-60,590,-71.63648571,71.35943
-60,590,-75.82738571,69.67649
-60,590,-80.25508571,67.47237
-60,590,-84.93237143,64.79263
-60,590,-89.87284286,61.70212
-60,590,-95.09082857,58.27691
-60,590,-100.6015857,54.59666
-60,590,-106.4212286,50.73957
-60,590,-112.5668571,46.78045
-60,590,-119.0566714,42.79141
-60,590,-125.9099714,38.84351
-60,590,-133.1472714,35.00745
-60,590,-140.7904714,31.35238
-60,590,-148.8628571,27.94251
-60,590,-157.3892857,24.83254
-60,590,-166.3962857,22.06348
-60,590,-175.9121429,19.66013
-60,590,-185.967,17.63107
-60,590,-196.593,15.97079
-60,590,-207.8242857,14.66332
-60,590,-219.6975714,13.68635
-60,590,-232.2512857,13.01471
-60,590,-245.5268571,12.62288
-60,590,-259.5678571,12.4861
-60,590,-274.4208571,12.58027
-60,590,-290.1348571,12.88104
-60,590,-306.762,13.36265
-60,590,-324.3577143,13.9972
-60,590,-342.9804286,14.75484
-60,590,-362.692,15.60524
-60,590,-383.558,16.51964
-60,590,-405.6478571,17.47265
-60,590,-429.0347143,18.44278
-60,590,-453.7961429,19.41105
-60,590,-480.0144286,20.35847
-60,590,-507.776,21.2637
-60,590,-537.1725714,22.10302
-60,590,-568.3011429,22.85375
-60,590,-601.2642857,23.50085
-60,590,-636.1704286,24.04423
-60,590,-673.1342857,24.50355
-60,590,-712.2772857,24.91764
-60,600,-25.32924286,46.26374
-60,600,-26.84517143,48.40053
-60,600,-28.44987143,50.62464
-60,600,-30.1486,52.92186
-60,600,-31.94692857,55.26682
-60,600,-33.8507,57.62294
-60,600,-35.86607143,59.94636
-60,600,-37.99952857,62.19187
-60,600,-40.25778571,64.31804
-60,600,-42.64794286,66.28928
-60,600,-45.17737143,68.07424
-60,600,-47.85378571,69.64166
-60,600,-50.68522857,70.95555
-60,600,-53.68017143,71.9717
-60,600,-56.84744286,72.63709
-60,600,-60.19634286,72.89304
-60,600,-63.73662857,72.68185
-60,600,-67.4786,71.95597
-60,600,-71.43311429,70.68752
-60,600,-75.6116,68.87551
-60,600,-80.02617143,66.54854
-60,600,-84.68965714,63.7621
-60,600,-89.61562857,60.59116
-60,600,-94.81844286,57.12049
-60,600,-100.3133571,53.43563
-60,600,-106.1165143,49.61665
-60,600,-112.2450429,45.73578
-60,600,-118.7171286,41.85835
-60,600,-125.5521,38.04527
-60,600,-132.7705,34.35534
-60,600,-140.3942143,30.8458
-60,600,-148.4465714,27.57067
-60,600,-156.9524286,24.57743
-60,600,-165.9382857,21.90332
-60,600,-175.4324286,19.57261
-60,600,-185.4651429,17.59579
-60,600,-196.0685714,15.97079
-60,600,-207.2768571,14.68566
-60,600,-219.1265714,13.72204
-60,600,-231.6564286,13.05824
-60,600,-244.9075714,12.67157
-60,600,-258.9238571,12.53931
-60,600,-273.7517143,12.63864
-60,600,-289.4401429,12.94557
-60,600,-306.0414286,13.43372
-60,600,-323.6108571,14.07353
-60,600,-342.207,14.83274
-60,600,-361.8918571,15.67832
-60,600,-382.7311429,16.57939
-60,600,-404.7941429,17.51001
-60,600,-428.1545714,18.4504
-60,600,-452.8898571,19.38594
-60,600,-479.0824286,20.30416
-60,600,-506.8192857,21.19151
-60,600,-536.192,22.03184
-60,600,-567.298,22.80824
-60,600,-600.24,23.50823
-60,600,-635.1267143,24.1304
-60,600,-672.0728571,24.68934
-60,600,-711.2004286,25.21624
-60,620,-25.19888571,45.70934
-60,620,-26.7066,47.87755
-60,620,-28.30262857,50.13429
-60,620,-29.9922,52.46205
-60,620,-31.78081429,54.83153
-60,620,-33.67425714,57.20165
-60,620,-35.67862857,59.52369
-60,620,-37.80032857,61.74757
-60,620,-40.04601429,63.82731
-60,620,-42.42268571,65.72331
-60,620,-44.93764286,67.401
-60,620,-47.59852857,68.82689
-60,620,-50.41331429,69.96426
-60,620,-53.39037143,70.77039
-60,620,-56.53847143,71.19679
-60,620,-59.86685714,71.19298
-60,620,-63.38522857,70.71334
-60,620,-67.10381429,69.7255
-60,620,-71.0334,68.21817
-60,620,-75.18541429,66.20612
-60,620,-79.57188571,63.73059
-60,620,-84.20562857,60.8549
-60,620,-89.10012857,57.65666
-60,620,-94.26975714,54.2188
-60,620,-99.7297,50.62187
-60,620,-105.4961,46.93943
-60,620,-111.5860857,43.2367
-60,620,-118.0178286,39.57183
-60,620,-124.8106857,35.99835
-60,620,-131.9851857,32.56702
-60,620,-139.5632429,29.32627
-60,620,-147.5681429,26.32081
-60,620,-156.0248571,23.58911
-60,620,-164.9595714,21.16064
-60,620,-174.4007143,19.05399
-60,620,-184.3782857,17.27651
-60,620,-194.9244286,15.82553
-60,620,-206.0731429,14.6906
-60,620,-217.8605714,13.85631
-60,620,-230.3255714,13.30473
-60,620,-243.509,13.01715
-60,620,-257.4545714,12.97477
-60,620,-272.2082857,13.1584
-60,620,-287.8192857,13.54745
-60,620,-304.3395714,14.11872
-60,620,-321.824,14.84553
-60,620,-340.3308571,15.6979
-60,620,-359.9217143,16.64371
-60,620,-380.6615714,17.65064
-60,620,-402.6194286,18.68788
-60,620,-425.868,19.72668
-60,620,-450.4841429,20.73924
-60,620,-476.5495714,21.69685
-60,620,-504.15,22.5687
-60,620,-533.3765714,23.32351
-60,620,-564.3255714,23.93492
-60,620,-597.099,24.38951
-60,620,-631.8047143,24.69455
-60,620,-668.5568571,24.88147
-60,620,-707.4762857,25.00312
-60,640,-24.91228571,45.97681
-60,640,-26.40262857,48.19898
-60,640,-27.98027143,50.51026
-60,640,-29.65037143,52.88855
-60,640,-31.41834286,55.29898
-60,640,-33.28987143,57.69397
-60,640,-35.27097143,60.01761
-60,640,-37.36788571,62.21248
-60,640,-39.5872,64.22564
-60,640,-41.93577143,66.01156
-60,640,-44.42077143,67.53139
-60,640,-47.0497,68.7496
-60,640,-49.83042857,69.63021
-60,640,-52.77121429,70.13441
-60,640,-55.8807,70.22101
-60,640,-59.16801429,69.85014
-60,640,-62.64272857,68.98967
-60,640,-66.315,67.62289
-60,640,-70.19551429,65.75542
-60,640,-74.2956,63.41901
-60,640,-78.62724286,60.67076
-60,640,-83.20315714,57.58756
-60,640,-88.03682857,54.25721
-60,640,-93.14254286,50.76858
-60,640,-98.53548571,47.20348
-60,640,-104.2317286,43.63186
-60,640,-110.2483714,40.11081
-60,640,-116.6035714,36.68658
-60,640,-123.3166286,33.39793
-60,640,-130.4080714,30.27943
-60,640,-137.8997857,27.36324
-60,640,-145.8151429,24.67913
-60,640,-154.1788571,22.25312
-60,640,-163.0174286,20.10539
-60,640,-172.3592857,18.24874
-60,640,-182.2342857,16.68791
-60,640,-192.6747143,15.42018
-60,640,-203.7147143,14.43687
-60,640,-215.3904286,13.72517
-60,640,-227.7405714,13.26977
-60,640,-240.806,13.05399
-60,640,-254.6302857,13.05993
-60,640,-269.2595714,13.2681
-60,640,-284.7425714,13.65651
-60,640,-301.1315714,14.20009
-60,640,-318.4811429,14.87086
-60,640,-336.85,15.63937
-60,640,-356.2995714,16.47728
-60,640,-376.8954286,17.3602
-60,640,-398.7068571,18.26968
-60,640,-421.8071429,19.19308
-60,640,-446.2737143,20.12107
-60,640,-472.1888571,21.04355
-60,640,-499.6392857,21.94615
-60,640,-528.7168571,22.80917
-60,640,-559.5182857,23.61071
-60,640,-592.1465714,24.3335
-60,640,-626.7101429,24.97302
-60,640,-663.3237143,25.54343
-60,640,-702.1088571,26.07803
-60,660,-25.02405714,46.91192
-60,660,-26.52098571,49.25883
-60,660,-28.10555714,51.69727
-60,660,-29.78287143,54.19631
-60,660,-31.55832857,56.70999
-60,660,-33.43757143,59.17776
-60,660,-35.42657143,61.52986
-60,660,-37.53152857,63.6957
-60,660,-39.75897143,65.61168
-60,660,-42.11574286,67.22564
-60,660,-44.60898571,68.49717
-60,660,-47.24621429,69.39479
-60,660,-50.03527143,69.89228
-60,660,-52.98444286,69.96614
-60,660,-56.10241429,69.59567
-60,660,-59.39834286,68.76569
-60,660,-62.88191429,67.47142
-60,660,-66.56332857,65.72392
-60,660,-70.45338571,63.55398
-60,660,-74.56354286,61.01291
-60,660,-78.9059,58.16919
-60,660,-83.49332857,55.10164
-60,660,-88.33944286,51.89068
-60,660,-93.45874286,48.61016
-60,660,-98.86654286,45.32171
-60,660,-104.5791286,42.07266
-60,660,-110.6137714,38.89755
-60,660,-116.9888143,35.82199
-60,660,-123.7237429,32.86737
-60,660,-130.8392857,30.05487
-60,660,-138.3574714,27.40761
-60,660,-146.3018571,24.95061
-60,660,-154.6972857,22.70896
-60,660,-163.5705714,20.70513
-60,660,-172.9501429,18.95644
-60,660,-182.8661429,17.47348
-60,660,-193.3508571,16.25981
-60,660,-204.4387143,15.31269
-60,660,-216.1661429,14.6244
-60,660,-228.5717143,14.18357
-60,660,-241.6967143,13.97612
-60,660,-255.5847143,13.98543
-60,660,-270.282,14.192
-60,660,-285.8377143,14.5728
-60,660,-302.3038571,15.10086
-60,660,-319.7355714,15.74592
-60,660,-338.1914286,16.47627
-60,660,-357.7332857,17.26197
-60,660,-378.427,18.07827
-60,660,-400.3418571,18.9081
-60,660,-423.5515714,19.74224
-60,660,-448.134,20.57698
-60,660,-474.1715714,21.40978
-60,660,-501.7514286,22.23512
-60,660,-530.9658571,23.04228
-60,660,-561.9124286,23.81687
-60,660,-594.6942857,24.54577
-60,660,-629.4207143,25.22388
-60,660,-666.207,25.85955
-60,660,-705.1754286,26.47585
-70,440,-27.26077143,48.14607
-70,440,-28.88657143,50.46907
-70,440,-30.60725714,52.90164
-70,440,-32.42847143,55.44078
-70,440,-34.35622857,58.07359
-70,440,-36.39681429,60.77632
-70,440,-38.5568,63.51649
-70,440,-40.84308571,66.25638
-70,440,-43.26284286,68.95524
-70,440,-45.82354286,71.56887
-70,440,-48.53298571,74.04693
-70,440,-51.39927143,76.3297
-70,440,-54.4309,78.34634
-70,440,-57.63671429,80.01623
-70,440,-61.02602857,81.25361
-70,440,-64.60858571,81.97506
-70,440,-68.39461429,82.10833
-70,440,-72.39488571,81.60097
-70,440,-76.62074286,80.427
-70,440,-81.0841,78.59041
-70,440,-85.79751429,76.12459
-70,440,-90.77425714,73.08806
-70,440,-96.02835714,69.55757
-70,440,-101.5746143,65.62041
-70,440,-107.4287857,61.36796
-70,440,-113.6075143,56.89172
-70,440,-120.1285571,52.28217
-70,440,-127.0107714,47.62945
-70,440,-134.2742429,43.0242
-70,440,-141.9403571,38.55702
-70,440,-150.0318571,34.3154
-70,440,-158.5731429,30.37866
-70,440,-167.5897143,26.81207
-70,440,-177.1091429,23.66214
-70,440,-187.1605714,20.95455
-70,440,-197.7748571,18.69521
-70,440,-208.9848571,16.87408
-70,440,-220.8254286,15.47056
-70,440,-233.3338571,14.4592
-70,440,-246.5492857,13.81452
-70,440,-260.514,13.51445
-70,440,-275.2727143,13.54193
-70,440,-290.8728571,13.88471
-70,440,-307.365,14.53349
-70,440,-324.8024286,15.47841
-70,440,-343.2415714,16.70442
-70,440,-362.742,18.18575
-70,440,-383.3661429,19.8803
-70,440,-405.1798571,21.72446
-70,440,-428.252,23.62934
-70,440,-452.6552857,25.47961
-70,440,-478.4658571,27.13654
-70,440,-505.7642857,28.44809
-70,440,-534.6354286,29.2683
-70,440,-565.1688571,29.48591
-70,440,-597.4598571,29.05627
-70,440,-631.6095714,28.02397
-70,440,-667.7252857,26.52304
-70,440,-705.921,24.74993
-70,440,-746.3182857,22.91899
-70,450,-25.20408571,44.17476
-70,450,-26.71457143,45.84464
-70,450,-28.3136,47.58074
-70,450,-30.00644286,49.38546
-70,450,-31.79867143,51.25557
-70,450,-33.69621429,53.18169
-70,450,-35.70527143,55.14959
-70,450,-37.83241429,57.14188
-70,450,-40.08448571,59.13856
-70,450,-42.4687,61.11573
-70,450,-44.99254286,63.04308
-70,450,-47.66391429,64.88125
-70,450,-50.491,66.58055
-70,450,-53.48242857,68.08176
-70,450,-56.64718571,69.31919
-70,450,-59.99472857,70.22541
-70,450,-63.53492857,70.73696
-70,450,-67.27822857,70.80002
-70,450,-71.23551429,70.37531
-70,450,-75.41834286,69.44134
-70,450,-79.83882857,67.9955
-70,450,-84.50981429,66.05305
-70,450,-89.44484286,63.64421
-70,450,-94.65824286,60.8107
-70,450,-100.1651714,57.60275
-70,450,-105.9817143,54.07778
-70,450,-112.1248571,50.30089
-70,450,-118.6126714,46.34644
-70,450,-125.4643143,42.29915
-70,450,-132.7001714,38.25304
-70,450,-140.3419286,34.30701
-70,450,-148.4127143,30.55764
-70,450,-156.937,27.09051
-70,450,-165.9412857,23.97269
-70,450,-175.4535714,21.24811
-70,450,-185.5034286,18.93708
-70,450,-196.1231429,17.0392
-70,450,-207.3464286,15.53868
-70,450,-219.2094286,14.41018
-70,450,-231.7507143,13.62403
-70,450,-245.0111429,13.14978
-70,450,-259.0341429,12.95806
-70,450,-273.8658571,13.02063
-70,450,-289.5552857,13.30932
-70,450,-306.154,13.79455
-70,450,-323.717,14.44412
-70,450,-342.3021429,15.2232
-70,450,-361.9707143,16.09562
-70,450,-382.7877143,17.0262
-70,450,-404.8214286,17.98302
-70,450,-428.1444286,18.93837
-70,450,-452.8332857,19.86782
-70,450,-478.9688571,20.74794
-70,450,-506.6367143,21.55422
-70,450,-535.9275714,22.26138
-70,450,-566.9368571,22.84723
-70,450,-599.7662857,23.29954
-70,450,-634.5231429,23.62328
-70,450,-671.3208571,23.84456
-70,450,-710.28,24.00886
-70,460,-25.04018571,43.82462
-70,460,-26.54147143,45.47636
-70,460,-28.13077143,47.19241
-70,460,-29.81334286,48.97403
-70,460,-31.59468571,50.81682
-70,460,-33.4807,52.71044
-70,460,-35.47757143,54.64001
-70,460,-37.59181429,56.58809
-70,460,-39.83025714,58.53547
-70,460,-42.20005714,60.46006
-70,460,-44.70871429,62.33437
-70,460,-47.36405714,64.12271
-70,460,-50.17428571,65.77949
-70,460,-53.14794286,67.24948
-70,460,-56.29404286,68.47028
-70,460,-59.62197143,69.37662
-70,460,-63.14157143,69.90581
-70,460,-66.86322857,70.00349
-70,460,-70.79782857,69.62865
-70,460,-74.95684286,68.75703
-70,460,-79.35235714,67.38234
-70,460,-83.99715714,65.51522
-70,460,-88.90474286,63.18061
-70,460,-94.08937143,60.41462
-70,460,-99.56615714,57.26236
-70,460,-105.3510714,53.77749
-70,460,-111.4610571,50.0235
-70,460,-117.9140714,46.07568
-70,460,-124.7291714,42.02203
-70,460,-131.9266429,37.9613
-70,460,-139.5280429,33.99762
-70,460,-147.5564286,30.23209
-70,460,-156.0362857,26.75348
-70,460,-164.9937143,23.63048
-70,460,-174.4567143,20.90733
-70,460,-184.4551429,18.60372
-70,460,-195.0208571,16.71825
-70,460,-206.1875714,15.23404
-70,460,-217.9915714,14.12488
-70,460,-230.4711429,13.36043
-70,460,-243.667,12.9098
-70,460,-257.6227143,12.74314
-70,460,-272.3842857,12.83148
-70,460,-288.0002857,13.14539
-70,460,-304.5224286,13.65316
-70,460,-322.0055714,14.31959
-70,460,-340.5072857,15.10619
-70,460,-360.089,15.97321
-70,460,-380.8154286,16.88299
-70,460,-402.755,17.80334
-70,460,-425.98,18.70942
-70,460,-450.5671429,19.58316
-70,460,-476.597,20.41053
-70,460,-504.1554286,21.17831
-70,460,-533.3327143,21.8724
-70,460,-564.2247143,22.47942
-70,460,-596.9325714,22.99131
-70,460,-631.5637143,23.4112
-70,460,-668.2314286,23.75748
-70,460,-707.0558571,24.06362
-70,470,-25.68992857,49.71559
-70,470,-27.22995714,51.69958
-70,470,-28.86004286,53.76352
-70,470,-30.5855,55.90753
-70,470,-32.41197143,58.12512
-70,470,-34.34541429,60.40292
-70,470,-36.39214286,62.72248
-70,470,-38.55871429,65.06246
-70,470,-40.85207143,67.39942
-70,470,-43.27941429,69.70604
-70,470,-45.84828571,71.94774
-70,470,-48.56654286,74.07907
-70,470,-51.4424,76.04188
-70,470,-54.48442857,77.7661
-70,470,-57.70164286,79.17361
-70,470,-61.10348571,80.18427
-70,470,-64.69985714,80.72315
-70,470,-68.50122857,80.72764
-70,470,-72.51858571,80.15309
-70,470,-76.76352857,78.97625
-70,470,-81.24831429,77.19593
-70,470,-85.98588571,74.83103
-70,470,-90.98992857,71.91704
-70,470,-96.27495714,68.50217
-70,470,-101.8563143,64.64472
-70,470,-107.7502571,60.41257
-70,470,-113.9739857,55.88457
-70,470,-120.5457286,51.15264
-70,470,-127.4848143,46.3224
-70,470,-134.8117143,41.51056
-70,470,-142.5482571,36.83804
-70,470,-150.7177143,32.41994
-70,470,-159.345,28.35452
-70,470,-168.4567143,24.7143
-70,470,-178.0815714,21.54142
-70,470,-188.2502857,18.84803
-70,470,-198.9955714,16.62077
-70,470,-210.3528571,14.82759
-70,470,-222.3591429,13.42486
-70,470,-235.0544286,12.36329
-70,470,-248.4805714,11.59193
-70,470,-262.6822857,11.06012
-70,470,-277.7068571,10.71834
-70,470,-293.6042857,10.5186
-70,470,-310.428,10.41582
-70,470,-328.2348571,10.37084
-70,470,-347.0857143,10.35511
-70,470,-367.0452857,10.35595
-70,470,-388.183,10.38027
-70,470,-410.5724286,10.45536
-70,470,-434.2925714,10.6263
-70,470,-459.4267143,10.95158
-70,470,-486.0637143,11.4987
-70,470,-514.2971429,12.34139
-70,470,-544.2261429,13.55821
-70,470,-575.9547143,15.2317
-70,470,-609.5925714,17.44676
-70,470,-645.2547143,20.28717
-70,470,-683.0621429,23.8289
-70,470,-723.1417143,28.1278
-70,480,-25.11295714,44.23435
-70,480,-26.61845714,45.91383
-70,480,-28.21217143,47.65977
-70,480,-29.89932857,49.47403
-70,480,-31.6855,51.35251
-70,480,-33.57655714,53.28471
-70,480,-35.5787,55.25522
-70,480,-37.69847143,57.24571
-70,480,-39.9427,59.23587
-70,480,-42.31858571,61.20254
-70,480,-44.83361429,63.11729
-70,480,-47.49565714,64.94382
-70,480,-50.31291429,66.63639
-70,480,-53.29397143,68.14019
-70,480,-56.44782857,69.39384
-70,480,-59.78388571,70.33349
-70,480,-63.31202857,70.89787
-70,480,-67.04262857,71.03343
-70,480,-70.98658571,70.69882
-70,480,-75.15538571,69.86782
-70,480,-79.56111429,68.53057
-70,480,-84.21655714,66.6929
-70,480,-89.13521429,64.37439
-70,480,-94.33134286,61.60602
-70,480,-99.82005714,58.42875
-70,480,-105.6173143,54.89356
-70,480,-111.7400286,51.06311
-70,480,-118.2061286,47.01394
-70,480,-125.0346714,42.83741
-70,480,-132.2458857,38.63772
-70,480,-139.8613286,34.526
-70,480,-147.904,30.61109
-70,480,-156.3984286,26.98916
-70,480,-165.3707143,23.73485
-70,480,-174.8488571,20.89618
-70,480,-184.8625714,18.49414
-70,480,-195.444,16.52647
-70,480,-206.6268571,14.97387
-70,480,-218.4472857,13.80687
-70,480,-230.9437143,12.9917
-70,480,-244.1571429,12.49442
-70,480,-258.131,12.28287
-70,480,-272.9111429,12.32675
-70,480,-288.5467143,12.59639
-70,480,-305.0892857,13.06089
-70,480,-322.5938571,13.68683
-70,480,-341.1182857,14.43805
-70,480,-360.7241429,15.27733
-70,480,-381.4762857,16.16926
-70,480,-403.4435714,17.08344
-70,480,-426.6988571,17.99646
-70,480,-451.3187143,18.89154
-70,480,-477.3847143,19.75614
-70,480,-504.9825714,20.57879
-70,480,-534.2032857,21.34716
-70,480,-565.1428571,22.04901
-70,480,-597.9031429,22.67606
-70,480,-632.5914286,23.22945
-70,480,-669.3217143,23.72391
-70,480,-708.2142857,24.18821
-70,490,-25.09864286,44.16156
-70,490,-26.6032,45.83861
-70,490,-28.19594286,47.58257
-70,490,-29.88207143,49.39582
-70,490,-31.66712857,51.27474
-70,490,-33.55701429,53.2091
-70,490,-35.55792857,55.18344
-70,490,-37.67637143,57.17901
-70,490,-39.91921429,59.1747
-70,490,-42.29361429,61.14629
-70,490,-44.80707143,63.06434
-70,490,-47.46742857,64.89178
-70,490,-50.28288571,66.58264
-70,490,-53.26202857,68.08246
-70,490,-56.41382857,69.33064
-70,490,-59.74771429,70.26427
-70,490,-63.27354286,70.82286
-70,490,-67.00165714,70.95324
-70,490,-70.94297143,70.61401
-70,490,-75.10894286,69.77866
-70,490,-79.51167143,68.43706
-70,490,-84.1639,66.59509
-70,490,-89.07915714,64.27263
-70,490,-94.27165714,61.50122
-70,490,-99.75648571,58.32226
-70,490,-105.5496143,54.78686
-70,490,-111.6679429,50.95746
-70,490,-118.1293714,46.91008
-70,490,-124.9529429,42.73555
-70,490,-132.1588714,38.53776
-70,490,-139.7687143,34.42786
-70,490,-147.8054286,30.51496
-70,490,-156.2934286,26.89562
-70,490,-165.2591429,23.64473
-70,490,-174.7301429,20.81038
-70,490,-184.7364286,18.41342
-70,490,-195.3097143,16.45133
-70,490,-206.4841429,14.90451
-70,490,-218.2955714,13.74326
-70,490,-230.7825714,12.93367
-70,490,-243.9858571,12.44172
-70,490,-257.949,12.23524
-70,490,-272.7178571,12.28393
-70,490,-288.3414286,12.55812
-70,490,-304.8714286,13.02702
-70,490,-322.3624286,13.65737
-70,490,-340.8727143,14.41342
-70,490,-360.4635714,15.25856
-70,490,-381.2,16.15814
-70,490,-403.1505714,17.08246
-70,490,-426.388,18.00836
-70,490,-450.989,18.91848
-70,490,-477.035,19.79867
-70,490,-504.6115714,20.63488
-70,490,-533.8097143,21.41163
-70,490,-564.7254286,22.1137
-70,490,-597.4601429,22.73083
-70,490,-632.1212857,23.26388
-70,490,-668.8227143,23.72919
-70,490,-707.6844286,24.15883
-70,500,-25.11368571,43.95365
-70,500,-26.61874286,45.64053
-70,500,-28.21197143,47.39524
-70,500,-29.89858571,49.21996
-70,500,-31.68414286,51.11064
-70,500,-33.57451429,53.0564
-70,500,-35.57591429,55.04101
-70,500,-37.69484286,57.04498
-70,500,-39.93815714,59.04677
-70,500,-42.313,61.02208
-70,500,-44.82687143,62.94167
-70,500,-47.48761429,64.7688
-70,500,-50.30338571,66.45757
-70,500,-53.28277143,67.95314
-70,500,-56.43474286,69.19393
-70,500,-59.76868571,70.1157
-70,500,-63.29444286,70.65671
-70,500,-67.02235714,70.76321
-70,500,-70.96331429,70.39427
-70,500,-75.12875714,69.52507
-70,500,-79.53077143,68.14816
-70,500,-84.1821,66.27251
-70,500,-89.09618571,63.92101
-70,500,-94.2873,61.12756
-70,500,-99.77047143,57.93504
-70,500,-105.5616714,54.39506
-70,500,-111.6777714,50.5696
-70,500,-118.1366857,46.53341
-70,500,-124.9574429,42.37543
-70,500,-132.1602571,38.19726
-70,500,-139.7666714,34.10778
-70,500,-147.7995714,30.21428
-70,500,-156.2835714,26.61218
-70,500,-165.2445714,23.37603
-70,500,-174.7107143,20.55416
-70,500,-184.7114286,18.16811
-70,500,-195.2785714,16.21615
-70,500,-206.4461429,14.67956
-70,500,-218.2498571,13.52953
-70,500,-230.7284286,12.73326
-70,500,-243.9224286,12.25822
-70,500,-257.8752857,12.07429
-70,500,-272.6331429,12.15392
-70,500,-288.2447143,12.47081
-70,500,-304.7617143,12.99783
-70,500,-322.2391429,13.70505
-70,500,-340.7345714,14.55861
-70,500,-360.3094286,15.52116
-70,500,-381.0285714,16.55364
-70,500,-402.9602857,17.61763
-70,500,-426.177,18.6773
-70,500,-450.7548571,19.69994
-70,500,-476.775,20.65527
-70,500,-504.3227143,21.51471
-70,500,-533.4882857,22.2523
-70,500,-564.3671429,22.84832
-70,500,-597.0604286,23.29516
-70,500,-631.6751429,23.60308
-70,500,-668.3245714,23.80282
-70,500,-707.1287143,23.94318
-70,510,-24.88004286,42.40091
-70,510,-26.3717,43.98382
-70,510,-27.9508,45.62801
-70,510,-29.6225,47.33494
-70,510,-31.3923,49.10082
-70,510,-33.26604286,50.91627
-70,510,-35.24985714,52.76783
-70,510,-37.35021429,54.63973
-70,510,-39.57391429,56.51462
-70,510,-41.92807143,58.37239
-70,510,-44.42012857,60.1877
-70,510,-47.0579,61.92722
-70,510,-49.84951429,63.54802
-70,510,-52.8035,64.99791
-70,510,-55.92881429,66.21778
-70,510,-59.23477143,67.14563
-70,510,-62.73121429,67.72155
-70,510,-66.42842857,67.89272
-70,510,-70.33722857,67.61778
-70,510,-74.46901429,66.86979
-70,510,-78.8358,65.63744
-70,510,-83.45024286,63.92444
-70,510,-88.32574286,61.74772
-70,510,-93.47641429,59.13534
-70,510,-98.91724286,56.12512
-70,510,-104.6641,52.76492
-70,510,-110.7337857,49.11437
-70,510,-117.1441286,45.24705
-70,510,-123.9140714,41.25148
-70,510,-131.0637714,37.22906
-70,510,-138.6146429,33.2882
-70,510,-146.5895714,29.5352
-70,510,-155.0127143,26.06409
-70,510,-163.9102857,22.94801
-70,510,-173.3095714,20.23443
-70,510,-183.2402857,17.94489
-70,510,-193.7337143,16.07889
-70,510,-204.8232857,14.62002
-70,510,-216.5448571,13.54286
-70,510,-228.9365714,12.81877
-70,510,-242.0387143,12.42009
-70,510,-255.8944286,12.32211
-70,510,-270.5495714,12.50309
-70,510,-286.0527143,12.94258
-70,510,-302.4551429,13.61878
-70,510,-319.8112857,14.50551
-70,510,-338.1784286,15.56974
-70,510,-357.6171429,16.77038
-70,510,-378.1912857,18.05851
-70,510,-399.9684286,19.37878
-70,510,-423.0194286,20.67125
-70,510,-447.4195714,21.8732
-70,510,-473.248,22.92135
-70,510,-500.5885714,23.75593
-70,510,-529.53,24.32769
-70,510,-560.1661429,24.60782
-70,510,-592.5964286,24.5979
-70,510,-626.9262857,24.33544
-70,510,-663.2674286,23.89124
-70,510,-701.7384286,23.35831
-70,520,-25.08074286,44.63693
-70,520,-26.58468571,46.32993
-70,520,-28.17684286,48.08882
-70,520,-29.86242857,49.91455
-70,520,-31.64695714,51.80248
-70,520,-33.53627143,53.74213
-70,520,-35.53651429,55.71871
-70,520,-37.6541,57.71504
-70,520,-39.89581429,59.71215
-70,520,-42.26872857,61.68787
-70,520,-44.7802,63.61393
-70,520,-47.438,65.45292
-70,520,-50.25018571,67.15662
-70,520,-53.22524286,68.66655
-70,520,-56.37202857,69.91709
-70,520,-59.69985714,70.84043
-70,520,-63.21851429,71.37262
-70,520,-66.9383,71.45942
-70,520,-70.87002857,71.06102
-70,520,-75.02514286,70.15483
-70,520,-79.41572857,68.73585
-70,520,-84.05454286,66.81502
-70,520,-88.95507143,64.41626
-70,520,-94.13161429,61.57349
-70,520,-99.59925714,58.329
-70,520,-105.3739571,54.73369
-70,520,-111.4726429,50.84935
-70,520,-117.9132286,46.7514
-70,520,-124.7147286,42.53041
-70,520,-131.8974143,38.29025
-70,520,-139.4828143,34.14218
-70,520,-147.494,30.19539
-70,520,-155.9554286,26.54629
-70,520,-164.8932857,23.26935
-70,520,-174.3358571,20.41196
-70,520,-184.3131429,17.99405
-70,520,-194.8568571,16.01197
-70,520,-206.0014286,14.44494
-70,520,-217.7831429,13.26205
-70,520,-230.2407143,12.42838
-70,520,-243.4154286,11.90919
-70,520,-257.351,11.67207
-70,520,-272.0938571,11.68719
-70,520,-287.6932857,11.92624
-70,520,-304.2015714,12.36077
-70,520,-321.674,12.96089
-70,520,-340.1694286,13.69509
-70,520,-359.75,14.5314
-70,520,-380.4814286,15.4398
-70,520,-402.4332857,16.39456
-70,520,-425.6792857,17.3754
-70,520,-450.2971429,18.36653
-70,520,-476.3692857,19.354
-70,520,-503.9824286,20.3226
-70,520,-533.2285714,21.25456
-70,520,-564.2047143,22.1314
-70,520,-597.0135714,22.93918
-70,520,-631.7632857,23.67524
-70,520,-668.5685714,24.35336
-70,520,-707.5507143,25.0047
-70,530,-24.93137143,43.80224
-70,530,-26.42592857,45.46828
-70,530,-28.00807143,47.19864
-70,530,-29.683,48.9934
-70,530,-31.45624286,50.84702
-70,530,-33.33362857,52.74805
-70,530,-35.32131429,54.68081
-70,530,-37.4258,56.62745
-70,530,-39.65385714,58.56872
-70,530,-42.01262857,60.48286
-70,530,-44.50955714,62.34278
-70,530,-47.15242857,64.11306
-70,530,-49.9494,65.74804
-70,530,-52.90897143,67.19203
-70,530,-56.04008571,68.38195
-70,530,-59.35207143,69.25186
-70,530,-62.85475714,69.7389
-70,530,-66.55841429,69.78927
-70,530,-70.47388571,69.36345
-70,530,-74.61258571,68.43953
-70,530,-78.98655714,67.01406
-70,530,-83.6085,65.1005
-70,530,-88.49187143,62.72598
-70,530,-93.65085714,59.92771
-70,530,-99.10051429,56.75048
-70,530,-104.8567143,53.24632
-70,530,-110.9363429,49.47618
-70,530,-117.3572571,45.51259
-70,530,-124.1384571,41.4413
-70,530,-131.3001286,37.36004
-70,530,-138.8637429,33.37329
-70,530,-146.8522857,29.58371
-70,530,-155.29,26.08221
-70,530,-164.2032857,22.93945
-70,530,-173.6198571,20.20091
-70,530,-183.5694286,17.88652
-70,530,-194.0837143,15.99428
-70,530,-205.1965714,14.50616
-70,530,-216.9441429,13.39477
-70,530,-229.3647143,12.62894
-70,530,-242.4991429,12.17771
-70,530,-256.3907143,12.01216
-70,530,-271.0855714,12.10537
-70,530,-286.6324286,12.43102
-70,530,-303.0831429,12.96129
-70,530,-320.4922857,13.66506
-70,530,-338.918,14.50736
-70,530,-358.4215714,15.45038
-70,530,-379.068,16.45611
-70,530,-400.926,17.4893
-70,530,-424.0678571,18.51952
-70,530,-448.5704286,19.52116
-70,530,-474.5147143,20.47166
-70,530,-501.9865714,21.34945
-70,530,-531.0765714,22.13342
-70,530,-561.8805714,22.80563
-70,530,-594.4998571,23.35677
-70,530,-629.0418571,23.79237
-70,530,-665.6198571,24.13654
-70,530,-704.3542857,24.43088
-70,540,-25.62495714,45.8445
-70,540,-27.15875714,47.7623
-70,540,-28.78225714,49.75932
-70,540,-30.5008,51.83363
-70,540,-32.32002857,53.97601
-70,540,-34.24592857,56.16954
-70,540,-36.2848,58.39151
-70,540,-38.44322857,60.61605
-70,540,-40.72817143,62.81564
-70,540,-43.14684286,64.96031
-70,540,-45.7068,67.01505
-70,540,-48.41592857,68.93685
-70,540,-51.28248571,70.67273
-70,540,-54.31507143,72.1602
-70,540,-57.5227,73.33002
-70,540,-60.91481429,74.11127
-70,540,-64.50132857,74.4376
-70,540,-68.29264286,74.254
-70,540,-72.29971429,73.52261
-70,540,-76.53408571,72.22681
-70,540,-81.00795714,70.37258
-70,540,-85.73418571,67.98686
-70,540,-90.7264,65.11365
-70,540,-95.999,61.80899
-70,540,-101.5672571,58.13678
-70,540,-107.4473429,54.16656
-70,540,-113.6564,49.97378
-70,540,-120.2126571,45.64153
-70,540,-127.1354714,41.26198
-70,540,-134.4454429,36.93523
-70,540,-142.1645143,32.76452
-70,540,-150.3161429,28.84826
-70,540,-158.925,25.27077
-70,540,-168.018,22.09448
-70,540,-177.6232857,19.356
-70,540,-187.7711429,17.06662
-70,540,-198.4938571,15.21679
-70,540,-209.8258571,13.78273
-70,540,-221.8038571,12.73352
-70,540,-234.467,12.03692
-70,540,-247.8568571,11.66343
-70,540,-262.0178571,11.58813
-70,540,-276.997,11.79057
-70,540,-292.8441429,12.253
-70,540,-309.6121429,12.95757
-70,540,-327.3568571,13.88309
-70,540,-346.1375714,15.00207
-70,540,-366.0165714,16.27883
-70,540,-387.0598571,17.66877
-70,540,-409.3368571,19.11881
-70,540,-432.9212857,20.56853
-70,540,-457.8905714,21.95177
-70,540,-484.3267143,23.19923
-70,540,-512.3161429,24.24348
-70,540,-541.9505714,25.02722
-70,540,-573.3268571,25.51441
-70,540,-606.5475714,25.70122
-70,540,-641.721,25.62213
-70,540,-678.9622857,25.3476
-70,540,-718.3932857,24.97313
-70,550,-25.13232857,42.45483
-70,550,-26.63838571,44.13288
-70,550,-28.23265714,45.88064
-70,550,-29.92031429,47.70039
-70,550,-31.70692857,49.58747
-70,550,-33.59835714,51.52932
-70,550,-35.60078571,53.50693
-70,550,-37.7207,55.49719
-70,550,-39.96494286,57.47461
-70,550,-42.34067143,59.41163
-70,550,-44.85535714,61.27741
-70,550,-47.51681429,63.03626
-70,550,-50.33322857,64.64653
-70,550,-53.31315714,66.0608
-70,550,-56.46555714,67.22724
-70,550,-59.79982857,68.09208
-70,550,-63.32578571,68.60262
-70,550,-67.05378571,68.71052
-70,550,-70.99465714,68.37511
-70,550,-75.15984286,67.56624
-70,550,-79.56134286,66.26659
-70,550,-84.21187143,64.47302
-70,550,-89.12481429,62.19719
-70,550,-94.31434286,59.4656
-70,550,-99.79547143,56.31958
-70,550,-105.5841,52.81551
-70,550,-111.6971,49.02514
-70,550,-118.1523857,45.03519
-70,550,-124.9690286,40.94531
-70,550,-132.1672714,36.86351
-70,550,-139.7686714,32.89908
-70,550,-147.7962857,29.15387
-70,550,-156.2742857,25.71394
-70,550,-165.2288571,22.64327
-70,550,-174.6878571,19.98105
-70,550,-184.6804286,17.74283
-70,550,-195.2381429,15.92474
-70,550,-206.3944286,14.50948
-70,550,-218.1851429,13.47259
-70,550,-230.6482857,12.78783
-70,550,-243.8242857,12.431
-70,550,-257.7564286,12.38172
-70,550,-272.4905714,12.62346
-70,550,-288.0754286,13.14182
-70,550,-304.5622857,13.92145
-70,550,-322.0057143,14.94221
-70,550,-340.463,16.17526
-70,550,-359.9947143,17.5797
-70,550,-380.6644286,19.10041
-70,550,-402.5392857,20.66733
-70,550,-425.6897143,22.19652
-70,550,-450.1905714,23.59315
-70,550,-476.1201429,24.75775
-70,550,-503.5615714,25.59681
-70,550,-532.6027143,26.03796
-70,550,-563.3368571,26.04726
-70,550,-595.8625714,25.64255
-70,550,-630.2847143,24.89624
-70,550,-666.7142857,23.92414
-70,550,-705.2692857,22.86339
-70,570,-25.12154286,45.34313
-70,570,-26.62641429,47.16213
-70,570,-28.21947143,49.05482
-70,570,-29.90597143,51.02071
-70,570,-31.69145714,53.05202
-70,570,-33.58182857,55.133
-70,570,-35.58324286,57.24164
-70,570,-37.70222857,59.35219
-70,570,-39.94557143,61.43679
-70,570,-42.32042857,63.46513
-70,570,-44.8342,65.40241
-70,570,-47.4947,67.20679
-70,570,-50.31004286,68.82767
-70,570,-53.28872857,70.20584
-70,570,-56.43964286,71.27579
-70,570,-59.77214286,71.97017
-70,570,-63.29602857,72.22572
-70,570,-67.02157143,71.98995
-70,570,-70.95965714,71.22743
-70,570,-75.12171429,69.92434
-70,570,-79.51982857,68.09031
-70,570,-84.16677143,65.75693
-70,570,-89.07607143,62.97332
-70,570,-94.26201429,59.80028
-70,570,-99.73975714,56.30473
-70,570,-105.5253143,52.55606
-70,570,-111.6356857,48.6252
-70,570,-118.0888857,44.58572
-70,570,-124.9040714,40.51556
-70,570,-132.1016,36.49741
-70,570,-139.7031571,32.61643
-70,570,-147.7318571,28.95512
-70,570,-156.2125714,25.58654
-70,570,-165.1714286,22.56779
-70,570,-174.6367143,19.93582
-70,570,-184.6385714,17.70655
-70,570,-195.209,15.87722
-70,570,-206.3822857,14.43106
-70,570,-218.1947143,13.34253
-70,570,-230.6851429,12.58221
-70,570,-243.8945714,12.12019
-70,570,-257.8668571,11.92776
-70,570,-272.6481429,11.97751
-70,570,-288.288,12.24229
-70,570,-304.8382857,12.69377
-70,570,-322.3545714,13.30139
-70,570,-340.8954286,14.03258
-70,570,-360.523,14.85453
-70,570,-381.3032857,15.73706
-70,570,-403.3058571,16.65561
-70,570,-426.6045714,17.59275
-70,570,-451.2774286,18.53747
-70,570,-477.4071429,19.48229
-70,570,-505.0805714,20.41969
-70,570,-534.3902857,21.33979
-70,570,-565.4335714,22.23075
-70,570,-598.3132857,23.08249
-70,570,-633.1385714,23.89219
-70,570,-670.0242857,24.66914
-70,570,-709.0921429,25.43626
-70,580,-25.05578571,45.60947
-70,580,-26.55668571,47.40577
-70,580,-28.14564286,49.27303
-70,580,-29.82785714,51.21045
-70,580,-31.60884286,53.21061
-70,580,-33.49441429,55.25901
-70,580,-35.49068571,57.33558
-70,580,-37.60404286,59.41683
-70,580,-39.8412,61.47664
-70,580,-42.20914286,63.48515
-70,580,-44.71521429,65.406
-70,580,-47.36702857,67.19346
-70,580,-50.17261429,68.79098
-70,580,-53.14034286,70.13229
-70,580,-56.27901429,71.14522
-70,580,-59.59787143,71.758
-70,580,-63.10662857,71.90683
-70,580,-66.81554286,71.54357
-70,580,-70.73542857,70.64198
-70,580,-74.87771429,69.20111
-70,580,-79.25447143,67.24494
-70,580,-83.8785,64.8184
-70,580,-88.76335714,61.98063
-70,580,-93.92337143,58.79762
-70,580,-99.37372857,55.33613
-70,580,-105.1304714,51.66056
-70,580,-111.2106286,47.83323
-70,580,-117.6322286,43.91709
-70,580,-124.4144143,39.97912
-70,580,-131.5775714,36.09209
-70,580,-139.1433857,32.3333
-70,580,-147.135,28.77993
-70,580,-155.5772857,25.50219
-70,580,-164.4964286,22.55648
-70,580,-173.921,19.98057
-70,580,-183.8811429,17.79211
-70,580,-194.4088571,15.99048
-70,580,-205.5388571,14.56091
-70,580,-217.3074286,13.47949
-70,580,-229.7535714,12.71772
-70,580,-242.9187143,12.24583
-70,580,-256.8464286,12.03439
-70,580,-271.5834286,12.05446
-70,580,-287.1791429,12.27674
-70,580,-303.686,12.67057
-70,580,-321.1597143,13.20355
-70,580,-339.6591429,13.84263
-70,580,-359.2471429,14.55686
-70,580,-379.99,15.32099
-70,580,-401.958,16.11871
-70,580,-425.2257143,16.94393
-70,580,-449.8718571,17.7991
-70,580,-475.9797143,18.69118
-70,580,-503.6375714,19.62652
-70,580,-532.9382857,20.60685
-70,580,-563.9801429,21.62797
-70,580,-596.867,22.68204
-70,580,-631.7085714,23.76241
-70,580,-668.6205714,24.86886
-70,580,-707.7255714,26.01048
-70,590,-25.01944286,45.79284
-70,590,-26.51805714,47.60828
-70,590,-28.1046,49.49577
-70,590,-29.7843,51.45418
-70,590,-31.56264286,53.47517
-70,590,-33.44542857,55.54261
-70,590,-35.43875714,57.63413
-70,590,-37.54901429,59.72337
-70,590,-39.78287143,61.78127
-70,590,-42.1473,63.77522
-70,590,-44.64961429,65.66673
-70,590,-47.29741429,67.40878
-70,590,-50.09871429,68.94446
-70,590,-53.06185714,70.20801
-70,590,-56.19564286,71.12862
-70,590,-59.50928571,71.63671
-70,590,-63.01251429,71.67164
-70,590,-66.71557143,71.18961
-70,590,-70.62927143,70.17004
-70,590,-74.76505714,68.61879
-70,590,-79.135,66.56727
-70,590,-83.75194286,64.06752
-70,590,-88.62941429,61.18441
-70,590,-93.7818,57.98736
-70,590,-99.22428571,54.54367
-70,590,-104.9729429,50.91542
-70,590,-111.0448286,47.16004
-70,590,-117.458,43.33383
-70,590,-124.2316286,39.49619
-70,590,-131.3861143,35.71242
-70,590,-138.9432,32.05321
-70,590,-146.9261429,28.59062
-70,590,-155.3595714,25.39155
-70,590,-164.2701429,22.51082
-70,590,-173.686,19.98615
-70,590,-183.6377143,17.83616
-70,590,-194.1572857,16.06176
-70,590,-205.2791429,14.64983
-70,590,-217.04,13.57793
-70,590,-229.4787143,12.81864
-70,590,-242.6365714,12.34278
-70,590,-256.5574286,12.12106
-70,590,-271.2881429,12.12439
-70,590,-286.8778571,12.32329
-70,590,-303.3791429,12.68721
-70,590,-320.848,13.18455
-70,590,-339.3434286,13.78407
-70,590,-358.9281429,14.45772
-70,590,-379.669,15.18403
-70,590,-401.6365714,15.95092
-70,590,-424.9055714,16.75635
-70,590,-449.555,17.60623
-70,590,-475.6688571,18.51004
-70,590,-503.3352857,19.47565
-70,590,-532.648,20.50534
-70,590,-563.7055714,21.59463
-70,590,-596.6122857,22.73465
-70,590,-631.4781429,23.91727
-70,590,-668.4194286,25.14064
-70,590,-707.5591429,26.41238
-70,600,-24.86472857,44.67561
-70,600,-26.35428571,46.44071
-70,600,-27.93125714,48.2747
-70,600,-29.60085714,50.1755
-70,600,-31.36855714,52.13418
-70,600,-33.24017143,54.13444
-70,600,-35.22184286,56.15419
-70,600,-37.31994286,58.1678
-70,600,-39.54124286,60.14715
-70,600,-41.89274286,62.06084
-70,600,-44.38181429,63.87188
-70,600,-47.01612857,65.53516
-70,600,-49.80375714,66.99644
-70,600,-52.75308571,68.19353
-70,600,-55.87298571,69.06021
-70,600,-59.17268571,69.53216
-70,600,-62.66194286,69.55398
-70,600,-66.35101429,69.08611
-70,600,-70.2507,68.11002
-70,600,-74.3724,66.63075
-70,600,-78.7282,64.67588
-70,600,-83.33081429,62.29128
-70,600,-88.19377143,59.5347
-70,600,-93.33132857,56.46893
-70,600,-98.75865714,53.15651
-70,600,-104.4917429,49.65717
-70,600,-110.5475857,46.02839
-70,600,-116.9442286,42.32808
-70,600,-123.7008,38.61759
-70,600,-130.8376714,34.96335
-70,600,-138.3765143,31.43559
-70,600,-146.3404286,28.10422
-70,600,-154.7541429,25.0328
-70,600,-163.6438571,22.27266
-70,600,-173.0378571,19.85872
-70,600,-182.966,17.80828
-70,600,-193.4601429,16.12259
-70,600,-204.5547143,14.79045
-70,600,-216.2855714,13.79246
-70,600,-228.6914286,13.10504
-70,600,-241.8132857,12.70322
-70,600,-255.6947143,12.56197
-70,600,-270.3818571,12.65615
-70,600,-285.9234286,12.95956
-70,600,-302.3718571,13.44365
-70,600,-319.7818571,14.07694
-70,600,-338.212,14.82569
-70,600,-357.724,15.6562
-70,600,-378.3832857,16.53803
-70,600,-400.2595714,17.44703
-70,600,-423.4258571,18.36652
-70,600,-447.9598571,19.28605
-70,600,-473.9438571,20.19795
-70,600,-501.4642857,21.09357
-70,600,-530.6132857,21.96101
-70,600,-561.4877143,22.78624
-70,600,-594.1901429,23.55761
-70,600,-628.8288571,24.27214
-70,600,-665.519,24.94062
-70,600,-704.3814286,25.58881
-80,340,-26.31541429,49.98367
-80,340,-27.88887143,52.59541
-80,340,-29.55432857,55.30667
-80,340,-31.31712857,58.07435
-80,340,-33.1829,60.83869
-80,340,-35.15755714,63.52518
-80,340,-37.24732857,66.0526
-80,340,-39.45871429,68.3441
-80,340,-41.79854286,70.337
-80,340,-44.27397143,71.98753
-80,340,-46.89247143,73.26936
-80,340,-49.66192857,74.16782
-80,340,-52.59055714,74.67267
-80,340,-55.68705714,74.77267
-80,340,-58.96052857,74.45388
-80,340,-62.42058571,73.70207
-80,340,-66.07738571,72.5086
-80,340,-69.94161429,70.87756
-80,340,-74.02457143,68.83159
-80,340,-78.33822857,66.41432
-80,340,-82.89522857,63.68788
-80,340,-87.70897143,60.72632
-80,340,-92.79361429,57.60652
-80,340,-98.1642,54.39946
-80,340,-103.8366714,51.1641
-80,340,-109.8279,47.94504
-80,340,-116.1558,44.77411
-80,340,-122.8393571,41.67459
-80,340,-129.8987429,38.6664
-80,340,-137.3553143,35.77056
-80,340,-145.2318571,33.01159
-80,340,-153.5522857,30.41742
-80,340,-162.3425714,28.01735
-80,340,-171.6298571,25.83869
-80,340,-181.4432857,23.90364
-80,340,-191.8135714,22.22693
-80,340,-202.7735714,20.81488
-80,340,-214.3582857,19.66549
-80,340,-226.6047143,18.76937
-80,340,-239.5522857,18.11091
-80,340,-253.2422857,17.66922
-80,340,-267.7192857,17.41898
-80,340,-283.0298571,17.33113
-80,340,-299.2235714,17.37392
-80,340,-316.3528571,17.51483
-80,340,-334.4732857,17.72331
-80,340,-353.6437143,17.97445
-80,340,-373.9261429,18.25236
-80,340,-395.3865714,18.55239
-80,340,-418.0948571,18.88075
-80,340,-442.1247143,19.25135
-80,340,-467.5545714,19.68033
-80,340,-494.467,20.17977
-80,340,-522.95,20.75242
-80,340,-553.0962857,21.38931
-80,340,-585.0042857,22.07146
-80,340,-618.7781429,22.77571
-80,340,-654.5282857,23.48303
-80,340,-692.3714286,24.18581
-80,340,-732.4315714,24.89074
-80,360,-26.88835714,54.14999
-80,360,-28.49401429,57.05297
-80,360,-30.19337143,60.08011
-80,360,-31.99192857,63.19503
-80,360,-33.89541429,66.34384
-80,360,-35.90988571,69.45629
-80,360,-38.04167143,72.45318
-80,360,-40.29735714,75.25697
-80,360,-42.68388571,77.80111
-80,360,-45.20845714,80.03421
-80,360,-47.87861429,81.91806
-80,360,-50.70222857,83.42129
-80,360,-53.68758571,84.51184
-80,360,-56.84334286,85.15172
-80,360,-60.17862857,85.29614
-80,360,-63.70304286,84.89794
-80,360,-67.42672857,83.9163
-80,360,-71.36038571,82.32769
-80,360,-75.51534286,80.13569
-80,360,-79.90357143,77.37661
-80,360,-84.53774286,74.1187
-80,360,-89.4313,70.45495
-80,360,-94.59847143,66.49158
-80,360,-100.0543857,62.33549
-80,360,-105.8150429,58.08412
-80,360,-111.8974286,53.81969
-80,360,-118.3195143,49.60819
-80,360,-125.1003714,45.50218
-80,360,-132.2602286,41.5452
-80,360,-139.8205286,37.7759
-80,360,-147.8041429,34.23047
-80,360,-156.2352857,30.94274
-80,360,-165.1398571,27.94256
-80,360,-174.5455714,25.2532
-80,360,-184.482,22.88909
-80,360,-194.9807143,20.85459
-80,360,-206.0752857,19.14392
-80,360,-217.8015714,17.74226
-80,360,-230.1975714,16.62726
-80,360,-243.3035714,15.77056
-80,360,-257.1621429,15.13896
-80,360,-271.8184286,14.69526
-80,360,-287.3202857,14.39921
-80,360,-303.7182857,14.20906
-80,360,-321.0661429,14.08463
-80,360,-339.421,13.99181
-80,360,-358.8435714,13.90807
-80,360,-379.3988571,13.82751
-80,360,-401.1554286,13.76351
-80,360,-424.187,13.7478
-80,360,-448.5711429,13.82637
-80,360,-474.3908571,14.05344
-80,360,-501.7335714,14.48569
-80,360,-530.6924286,15.17768
-80,360,-561.3652857,16.17879
-80,360,-593.8557143,17.53108
-80,360,-628.2731429,19.26756
-80,360,-664.7324286,21.4102
-80,360,-703.355,23.96717
-80,360,-744.2688571,26.92766
-80,380,-25.79921429,48.276
-80,380,-27.33968571,50.77011
-80,380,-28.9702,53.37425
-80,380,-30.6961,56.06653
-80,380,-32.52298571,58.81134
-80,380,-34.45678571,61.55962
-80,380,-36.5037,64.25378
-80,380,-38.67018571,66.83505
-80,380,-40.96302857,69.24977
-80,380,-43.38925714,71.45174
-80,380,-45.95624286,73.40022
-80,380,-48.67165714,75.05502
-80,380,-51.5435,76.37127
-80,380,-54.58018571,77.29631
-80,380,-57.7905,77.77032
-80,380,-61.18368571,77.73116
-80,380,-64.76948571,77.12272
-80,380,-68.55814286,75.90515
-80,380,-72.56047143,74.06449
-80,380,-76.78792857,71.61907
-80,380,-81.25261429,68.62075
-80,380,-85.96734286,65.15042
-80,380,-90.9457,61.30907
-80,380,-96.20211429,57.2068
-80,380,-101.7518571,52.95261
-80,380,-107.6111571,48.64713
-80,380,-113.7972429,44.37898
-80,380,-120.3284143,40.22433
-80,380,-127.2241143,36.24813
-80,380,-134.5050714,32.50568
-80,380,-142.1933286,29.04329
-80,380,-150.3124286,25.89789
-80,380,-158.8874286,23.0959
-80,380,-167.9451429,20.65236
-80,380,-177.5141429,18.57083
-80,380,-187.6247143,16.84456
-80,380,-198.3095714,15.45871
-80,380,-209.6031429,14.39298
-80,380,-221.5421429,13.62415
-80,380,-234.1652857,13.12798
-80,380,-247.5142857,12.88004
-80,380,-261.6327143,12.85551
-80,380,-276.5671429,13.02827
-80,380,-292.3665714,13.36962
-80,380,-309.0832857,13.84755
-80,380,-326.7722857,14.42738
-80,380,-345.4922857,15.07401
-80,380,-365.3051429,15.75597
-80,380,-386.2762857,16.44973
-80,380,-408.4754286,17.14281
-80,380,-431.976,17.83417
-80,380,-456.8557143,18.53119
-80,380,-483.197,19.24438
-80,380,-511.0868571,19.98169
-80,380,-540.6175714,20.74451
-80,380,-571.8864286,21.52717
-80,380,-604.9964286,22.32002
-80,380,-640.0567143,23.11511
-80,380,-677.1822857,23.91159
-80,380,-716.495,24.71833
-80,400,-25.9986,47.98857
-80,400,-27.55368571,50.28158
-80,400,-29.19975714,52.67108
-80,400,-30.94218571,55.14132
-80,400,-32.78671429,57.665
-80,400,-34.73932857,60.20363
-80,400,-36.80637143,62.71206
-80,400,-38.99445714,65.14506
-80,400,-41.31051429,67.46273
-80,400,-43.76177143,69.6322
-80,400,-46.3558,71.62501
-80,400,-49.10047143,73.41163
-80,400,-52.00401429,74.95525
-80,400,-55.07504286,76.20746
-80,400,-58.32261429,77.10755
-80,400,-61.75617143,77.58616
-80,400,-65.3857,77.57315
-80,400,-69.22164286,77.0082
-80,400,-73.27504286,75.85161
-80,400,-77.55754286,74.09255
-80,400,-82.08141429,71.75242
-80,400,-86.85965714,68.8825
-80,400,-91.90602857,65.55701
-80,400,-97.2351,61.86382
-80,400,-102.8623,57.89587
-80,400,-108.8039857,53.74505
-80,400,-115.0775286,49.49931
-80,400,-121.7013143,45.24229
-80,400,-128.6949286,41.05385
-80,400,-136.0791714,37.01002
-80,400,-143.8761429,33.18148
-80,400,-152.1095714,29.63055
-80,400,-160.8044286,26.40764
-80,400,-169.9875714,23.54827
-80,400,-179.6878571,21.07177
-80,400,-189.9355714,18.98192
-80,400,-200.7634286,17.26936
-80,400,-212.206,15.91502
-80,400,-224.3002857,14.89362
-80,400,-237.085,14.17664
-80,400,-250.6021429,13.73411
-80,400,-264.8952857,13.5353
-80,400,-280.0112857,13.54841
-80,400,-295.9995714,13.73997
-80,400,-312.9122857,14.07454
-80,400,-330.805,14.51568
-80,400,-349.7364286,15.02833
-80,400,-369.7685714,15.58264
-80,400,-390.9674286,16.15783
-80,400,-413.4027143,16.74469
-80,400,-437.1481429,17.34534
-80,400,-462.282,17.9699
-80,400,-488.8868571,18.6311
-80,400,-517.0501429,19.33849
-80,400,-546.8644286,20.09454
-80,400,-578.4275714,20.89376
-80,400,-611.8428571,21.72564
-80,400,-647.2201429,22.57998
-80,400,-684.6747143,23.45242
-80,400,-724.3294286,24.34723
-80,420,-28.50841429,53.31172
-80,420,-30.20441429,56.38075
-80,420,-31.9992,59.60846
-80,420,-33.89864286,62.97509
-80,420,-35.90898571,66.44352
-80,420,-38.0367,69.95863
-80,420,-40.28858571,73.45287
-80,420,-42.67171429,76.85533
-80,420,-45.1934,80.09988
-80,420,-47.86127143,83.12895
-80,420,-50.68325714,85.89151
-80,420,-53.66761429,88.33716
-80,420,-56.82292857,90.40908
-80,420,-60.15822857,92.03916
-80,420,-63.68295714,93.14749
-80,420,-67.40701429,93.64735
-80,420,-71.34082857,93.45513
-80,420,-75.49538571,92.50346
-80,420,-79.88221429,90.75462
-80,420,-84.51351429,88.21045
-80,420,-89.40208571,84.91617
-80,420,-94.56152857,80.95654
-80,420,-100.0061571,76.44596
-80,420,-105.7511429,71.51524
-80,420,-111.8125857,66.29888
-80,420,-118.2075571,60.92578
-80,420,-124.9542286,55.51435
-80,420,-132.0719143,50.17151
-80,420,-139.5811857,44.99365
-80,420,-147.5038571,40.06744
-80,420,-155.8634286,35.46918
-80,420,-164.6845714,31.26251
-80,420,-173.9938571,27.49532
-80,420,-183.8191429,24.19725
-80,420,-194.1905714,21.37908
-80,420,-205.14,19.03441
-80,420,-216.7008571,17.14342
-80,420,-228.9092857,15.67766
-80,420,-241.8032857,14.60501
-80,420,-255.4234286,13.89377
-80,420,-269.8127143,13.51534
-80,420,-285.0168571,13.44546
-80,420,-301.0844286,13.66384
-80,420,-318.0667143,14.15267
-80,420,-336.0184286,14.89422
-80,420,-354.9971429,15.86808
-80,420,-375.0635714,17.04833
-80,420,-396.2815714,18.4009
-80,420,-418.7185714,19.88103
-80,420,-442.4457143,21.43062
-80,420,-467.5374286,22.97548
-80,420,-494.0722857,24.42358
-80,420,-522.1331429,25.66672
-80,420,-551.8077143,26.5895
-80,420,-583.1884286,27.08794
-80,420,-616.3732857,27.09612
-80,420,-651.4664286,26.61205
-80,420,-688.578,25.70972
-80,420,-727.8254286,24.52824
-80,420,-769.3331429,23.24079
-80,440,-26.00054286,47.34802
-80,440,-27.55665714,49.53868
-80,440,-29.20368571,51.82075
-80,440,-30.94701429,54.18219
-80,440,-32.79235714,56.6009
-80,440,-34.74578571,59.04515
-80,440,-36.81364286,61.4777
-80,440,-39.00261429,63.86169
-80,440,-41.3197,66.16524
-80,440,-43.77221429,68.36258
-80,440,-46.36774286,70.4313
-80,440,-49.11428571,72.34694
-80,440,-52.02014286,74.07696
-80,440,-55.09398571,75.57626
-80,440,-58.3449,76.78561
-80,440,-61.78242857,77.63391
-80,440,-65.41652857,78.04428
-80,440,-69.25768571,77.94308
-80,440,-73.31694286,77.27011
-80,440,-77.6059,75.9878
-80,440,-82.13681429,74.08708
-80,440,-86.9226,71.5887
-80,440,-91.97695714,68.54013
-80,440,-97.31435714,65.00958
-80,440,-102.9501286,61.0794
-80,440,-108.9005143,56.84075
-80,440,-115.1827286,52.39039
-80,440,-121.8150571,47.82916
-80,440,-128.8169,43.26076
-80,440,-136.2089,38.78923
-80,440,-144.013,34.51446
-80,440,-152.2528571,30.5259
-80,440,-160.9531429,26.89617
-80,440,-170.1408571,23.67617
-80,440,-179.8442857,20.89317
-80,440,-190.0938571,18.55224
-80,440,-200.9221429,16.64038
-80,440,-212.3634286,15.132
-80,440,-224.4545714,13.99452
-80,440,-237.2345714,13.19287
-80,440,-250.745,12.69247
-80,440,-265.0297143,12.46046
-80,440,-280.1355714,12.46552
-80,440,-296.112,12.67686
-80,440,-313.0114286,13.06301
-80,440,-330.8891429,13.59138
-80,440,-349.8041429,14.22901
-80,440,-369.8185714,14.94471
-80,440,-390.9982857,15.71184
-80,440,-413.4128571,16.51055
-80,440,-437.136,17.32813
-80,440,-462.2454286,18.15701
-80,440,-488.8238571,18.99093
-80,440,-516.9581429,19.82099
-80,440,-546.7404286,20.63359
-80,440,-578.2682857,21.41198
-80,440,-611.6447143,22.14133
-80,440,-646.9785714,22.81575
-80,440,-684.3852857,23.44397
-80,440,-723.9867143,24.05071
-80,450,-27.95898571,54.40383
-80,450,-29.62622857,57.40165
-80,450,-31.39052857,60.54876
-80,450,-33.25762857,63.82754
-80,450,-35.23357143,67.20455
-80,450,-37.3247,70.63026
-80,450,-39.53764286,74.04455
-80,450,-41.8793,77.38527
-80,450,-44.35684286,80.5956
-80,450,-46.97774286,83.62696
-80,450,-49.74975714,86.43626
-80,450,-52.68095714,88.97944
-80,450,-55.77981429,91.20382
-80,450,-59.05515714,93.04273
-80,450,-62.51625714,94.4143
-80,450,-66.17285714,95.22556
-80,450,-70.0352,95.38166
-80,450,-74.11408571,94.79861
-80,450,-78.42087143,93.41686
-80,450,-82.96755714,91.21241
-80,450,-87.76682857,88.2026
-80,450,-92.83207143,84.44525
-80,450,-98.17744286,80.03183
-80,450,-103.8179571,75.07741
-80,450,-109.7695286,69.71037
-80,450,-116.0489714,64.06455
-80,450,-122.6741571,58.27445
-80,450,-129.6640714,52.47279
-80,450,-137.0388571,46.78836
-80,450,-144.82,41.34247
-80,450,-153.0302857,36.24361
-80,450,-161.694,31.58083
-80,450,-170.8374286,27.41795
-80,450,-180.4882857,23.79041
-80,450,-190.6762857,20.70581
-80,450,-201.433,18.14795
-80,450,-212.7924286,16.08321
-80,450,-224.7905714,14.46767
-80,450,-237.4658571,13.2535
-80,450,-250.8591429,12.3937
-80,450,-265.0135714,11.8449
-80,450,-279.9752857,11.56818
-80,450,-295.793,11.52864
-80,450,-312.5184286,11.69397
-80,450,-330.206,12.03316
-80,450,-348.9138571,12.51579
-80,450,-368.7031429,13.1126
-80,450,-389.6388571,13.79725
-80,450,-411.7897143,14.5486
-80,450,-435.2282857,15.35238
-80,450,-460.0314286,16.20101
-80,450,-486.2802857,17.09117
-80,450,-514.061,18.01965
-80,450,-543.4642857,18.9791
-80,450,-574.586,19.95571
-80,450,-607.5274286,20.93061
-80,450,-642.3957143,21.88524
-80,450,-679.304,22.80922
-80,450,-718.3718571,23.70731
-80,450,-759.7255714,24.60197
-80,460,-26.38512857,49.0134
-80,460,-27.96451429,51.35815
-80,460,-29.6361,53.80304
-80,460,-31.40532857,56.33373
-80,460,-33.27794286,58.92479
-80,460,-35.25998571,61.54018
-80,460,-37.35784286,64.13806
-80,460,-39.57815714,66.67762
-80,460,-41.9279,69.12453
-80,460,-44.41435714,71.45264
-80,460,-47.04512857,73.64112
-80,460,-49.82811429,75.66834
-80,460,-52.7716,77.50486
-80,460,-55.88425714,79.10771
-80,460,-59.17517143,80.41786
-80,460,-62.65385714,81.36184
-80,460,-66.3303,81.85767
-80,460,-70.21505714,81.82437
-80,460,-74.31915714,81.19316
-80,460,-78.65431429,79.91776
-80,460,-83.23284286,77.98153
-80,460,-88.06777143,75.3996
-80,460,-93.1729,72.21625
-80,460,-98.56281429,68.49909
-80,460,-104.2529429,64.33241
-80,460,-110.2596429,59.81186
-80,460,-116.6002286,55.04145
-80,460,-123.2930714,50.13202
-80,460,-130.3576429,45.19976
-80,460,-137.8146714,40.36283
-80,460,-145.6862857,35.7354
-80,460,-153.9958571,31.41965
-80,460,-162.7687143,27.49778
-80,460,-172.0317143,24.02611
-80,460,-181.8135714,21.03304
-80,460,-192.145,18.52111
-80,460,-203.0588571,16.47216
-80,460,-214.5898571,14.85407
-80,460,-226.7754286,13.62735
-80,460,-239.655,12.75039
-80,460,-253.2704286,12.18279
-80,460,-267.6665714,11.88667
-80,460,-282.8902857,11.82647
-80,460,-298.9918571,11.96768
-80,460,-316.0242857,12.27561
-80,460,-334.0435714,12.71499
-80,460,-353.1094286,13.25111
-80,460,-373.285,13.85273
-80,460,-394.637,14.4958
-80,460,-417.2364286,15.16667
-80,460,-441.158,15.86303
-80,460,-466.481,16.59195
-80,460,-493.2894286,17.36533
-80,460,-521.6718571,18.19432
-80,460,-551.7218571,19.08484
-80,460,-583.5384286,20.03574
-80,460,-617.226,21.04046
-80,460,-652.895,22.0914
-80,460,-690.6621429,23.185
-80,460,-730.6507143,24.32469
-80,470,-26.41125714,48.98823
-80,470,-27.99271429,51.30173
-80,470,-29.66652857,53.71313
-80,470,-31.43811429,56.20876
-80,470,-33.31325714,58.76404
-80,470,-35.29798571,61.34406
-80,470,-37.3987,63.90834
-80,470,-39.62208571,66.41754
-80,470,-41.97512857,68.83905
-80,470,-44.46512857,71.14853
-80,470,-47.0997,73.32715
-80,470,-49.8868,75.35545
-80,470,-52.83477143,77.20619
-80,470,-55.95227143,78.83843
-80,470,-59.24845714,80.19473
-80,470,-62.73285714,81.20245
-80,470,-66.41552857,81.77953
-80,470,-70.30702857,81.84374
-80,470,-74.41842857,81.32385
-80,470,-78.76148571,80.17001
-80,470,-83.34851429,78.36095
-80,470,-88.19261429,75.90628
-80,470,-93.30757143,72.84416
-80,470,-98.70801429,69.23578
-80,470,-104.4094143,65.15918
-80,470,-110.4281286,60.70456
-80,470,-116.7815,55.97191
-80,470,-123.4879143,51.07018
-80,470,-130.5668571,46.1162
-80,470,-138.0390714,41.23139
-80,470,-145.9267143,36.53538
-80,470,-154.2531429,32.13715
-80,470,-163.0437143,28.12596
-80,470,-172.3251429,24.56449
-80,470,-182.1262857,21.48607
-80,470,-192.478,18.89643
-80,470,-203.4127143,16.77893
-80,470,-214.9657143,15.10166
-80,470,-227.174,13.82439
-80,470,-240.0771429,12.90426
-80,470,-253.7172857,12.29938
-80,470,-268.1388571,11.97044
-80,470,-283.3891429,11.88059
-80,470,-299.5181429,11.99437
-80,470,-316.5791429,12.27644
-80,470,-334.6281429,12.6913
-80,470,-353.7248571,13.20434
-80,470,-373.9324286,13.78471
-80,470,-395.3177143,14.40893
-80,470,-417.9517143,15.0639
-80,470,-441.9092857,15.74785
-80,470,-467.2698571,16.46825
-80,470,-494.1174286,17.2373
-80,470,-522.5405714,18.06641
-80,470,-552.633,18.96167
-80,470,-584.494,19.92206
-80,470,-618.2278571,20.941
-80,470,-653.9452857,22.0107
-80,470,-691.763,23.12716
-80,470,-731.8042857,24.29322
-80,480,-25.75881429,46.54745
-80,480,-27.30191429,48.67768
-80,480,-28.93518571,50.89596
-80,480,-30.66391429,53.19069
-80,480,-32.49374286,55.54048
-80,480,-34.43058571,57.9145
-80,480,-36.48067143,60.2767
-80,480,-38.65054286,62.59163
-80,480,-40.94705714,64.82921
-80,480,-43.37735714,66.96604
-80,480,-45.94891429,68.98292
-80,480,-48.66952857,70.85961
-80,480,-51.54737143,72.56881
-80,480,-54.59097143,74.07142
-80,480,-57.80925714,75.31434
-80,480,-61.21161429,76.23182
-80,480,-64.8079,76.75031
-80,480,-68.60844286,76.79626
-80,480,-72.62414286,76.3052
-80,480,-76.8665,75.23048
-80,480,-81.34765714,73.54938
-80,480,-86.0804,71.26563
-80,480,-91.07831429,68.40836
-80,480,-96.35574286,65.0285
-80,480,-101.9278429,61.19472
-80,480,-107.8106857,56.99015
-80,480,-114.0213143,52.5105
-80,480,-120.5777571,47.86282
-80,480,-127.4991857,43.16333
-80,480,-134.8060143,38.53289
-80,480,-142.5199429,34.08966
-80,480,-150.6641429,29.93999
-80,480,-159.2635714,26.16954
-80,480,-168.3444286,22.83716
-80,480,-177.9351429,19.97282
-80,480,-188.0658571,17.58005
-80,480,-198.769,15.64153
-80,480,-210.079,14.12626
-80,480,-222.0322857,12.99643
-80,480,-234.6681429,12.21285
-80,480,-248.0277143,11.73837
-80,480,-262.155,11.53913
-80,480,-277.0968571,11.5841
-80,480,-292.9024286,11.84347
-80,480,-309.6242857,12.28667
-80,480,-327.3177143,12.88099
-80,480,-346.0415714,13.59169
-80,480,-365.8578571,14.38378
-80,480,-386.8322857,15.22526
-80,480,-409.0345714,16.09041
-80,480,-432.5381429,16.96164
-80,480,-457.4207143,17.82888
-80,480,-483.7645714,18.6866
-80,480,-511.6562857,19.52993
-80,480,-541.188,20.35178
-80,480,-572.4564286,21.14285
-80,480,-605.5644286,21.89481
-80,480,-640.62,22.60545
-80,480,-677.7381429,23.28337
-80,480,-717.0398571,23.9495
-80,490,-25.91215714,47.58232
-80,490,-27.46418571,49.7725
-80,490,-29.10685714,52.05375
-80,490,-30.84551429,54.4142
-80,490,-32.68581429,56.83198
-80,490,-34.63371429,59.27557
-80,490,-36.69548571,61.70805
-80,490,-38.8777,64.09306
-80,490,-41.18725714,66.39949
-80,490,-43.63131429,68.60287
-80,490,-46.2174,70.68281
-80,490,-48.95335714,72.61769
-80,490,-51.84735714,74.37864
-80,490,-54.90798571,75.92472
-80,490,-58.14418571,77.20075
-80,490,-61.5654,78.13862
-80,490,-65.1815,78.66232
-80,490,-69.00287143,78.69585
-80,490,-73.04045714,78.17289
-80,490,-77.3058,77.04593
-80,490,-81.8111,75.29297
-80,490,-86.56921429,72.92022
-80,490,-91.59378571,69.96083
-80,490,-96.89922857,66.47073
-80,490,-102.5007857,62.52351
-80,490,-108.4146,58.20622
-80,490,-114.6577571,53.61685
-80,490,-121.2484,48.86291
-80,490,-128.2057429,44.05975
-80,490,-135.5502286,39.32685
-80,490,-143.3037143,34.78137
-80,490,-151.4894286,30.52962
-80,490,-160.1321429,26.65835
-80,490,-169.2585714,23.22821
-80,490,-178.8972857,20.2712
-80,490,-189.0784286,17.7924
-80,490,-199.8345714,15.77522
-80,490,-211.2004286,14.18833
-80,490,-223.2127143,12.99268
-80,490,-235.9107143,12.14708
-80,490,-249.3361429,11.61179
-80,490,-263.533,11.35005
-80,490,-278.5481429,11.32774
-80,490,-294.4314286,11.51201
-80,490,-311.2352857,11.86969
-80,490,-329.0158571,12.36637
-80,490,-347.832,12.96721
-80,490,-367.7467143,13.63942
-80,490,-388.8262857,14.35615
-80,490,-411.1411429,15.09992
-80,490,-434.7657143,15.86433
-80,490,-459.7788571,16.65269
-80,490,-486.264,17.47406
-80,490,-514.3088571,18.33796
-80,490,-544.0067143,19.24997
-80,490,-575.4558571,20.20974
-80,490,-608.7598571,21.21238
-80,490,-644.0282857,22.25243
-80,490,-681.3771429,23.32854
-80,490,-720.9285714,24.4463
-80,500,-26.08635714,48.02705
-80,500,-27.64847143,50.27176
-80,500,-29.30177143,52.6105
-80,500,-31.05161429,55.0304
-80,500,-32.9037,57.50857
-80,500,-34.86401429,60.01279
-80,500,-36.93888571,62.50592
-80,500,-39.13491429,64.95214
-80,500,-41.45902857,67.32165
-80,500,-43.91844286,69.59164
-80,500,-46.52071429,71.7432
-80,500,-49.27371429,73.75535
-80,500,-52.18565714,75.59843
-80,500,-55.26514286,77.22897
-80,500,-58.52118571,78.58769
-80,500,-61.9632,79.60123
-80,500,-65.60112857,80.18791
-80,500,-69.44535714,80.26655
-80,500,-73.50688571,79.76669
-80,500,-77.79725714,78.63811
-80,500,-82.3287,76.85748
-80,500,-87.11411429,74.43083
-80,500,-92.16714286,71.39195
-80,500,-97.50224286,67.7982
-80,500,-103.1346714,63.72563
-80,500,-109.0806286,59.2652
-80,500,-115.3572429,54.52053
-80,500,-121.9826571,49.60643
-80,500,-128.9761714,44.64647
-80,500,-136.3582857,39.76809
-80,500,-144.1508571,35.09487
-80,500,-152.3772857,30.73694
-80,500,-161.0622857,26.78197
-80,500,-170.2328571,23.28897
-80,500,-179.9171429,20.28655
-80,500,-190.146,17.77574
-80,500,-200.9517143,15.73594
-80,500,-212.3691429,14.13248
-80,500,-224.4351429,12.92373
-80,500,-237.189,12.06678
-80,500,-250.6725714,11.5209
-80,500,-264.93,11.24896
-80,500,-280.0084286,11.21704
-80,500,-295.9575714,11.39303
-80,500,-312.8302857,11.7449
-80,500,-330.6824286,12.23963
-80,500,-349.5735714,12.84366
-80,500,-369.5662857,13.52504
-80,500,-390.7272857,14.25682
-80,500,-413.127,15.02041
-80,500,-436.8401429,15.8072
-80,500,-461.9455714,16.61762
-80,500,-488.5265714,17.45753
-80,500,-516.6714286,18.33352
-80,500,-546.4732857,19.24876
-80,500,-578.0304286,20.20135
-80,500,-611.4468571,21.1858
-80,500,-646.8321429,22.19714
-80,500,-684.3022857,23.23541
-80,500,-723.9798571,24.30843
-80,510,-25.83772857,47.36589
-80,510,-27.38524286,49.53861
-80,510,-29.02312857,51.80107
-80,510,-30.75668571,54.14127
-80,510,-32.59155714,56.5374
-80,510,-34.53368571,58.95836
-80,510,-36.58932857,61.36801
-80,510,-38.76505714,63.73117
-80,510,-41.06772857,66.01824
-80,510,-43.50451429,68.20632
-80,510,-46.08292857,70.27642
-80,510,-48.81075714,72.20781
-80,510,-51.6962,73.9718
-80,510,-54.74777143,75.52671
-80,510,-57.97442857,76.81586
-80,510,-61.38555714,77.76916
-80,510,-64.991,78.30849
-80,510,-68.80112857,78.35615
-80,510,-72.82681429,77.8447
-80,510,-77.0796,76.72607
-80,510,-81.5716,74.97798
-80,510,-86.31568571,72.60626
-80,510,-91.32541429,69.64342
-80,510,-96.61517143,66.14452
-80,510,-102.2001571,62.18264
-80,510,-108.0964571,57.84526
-80,510,-114.3211143,53.23219
-80,510,-120.8922,48.45419
-80,510,-127.8288857,43.63069
-80,510,-135.1515714,38.88507
-80,510,-142.882,34.33726
-80,510,-151.0434286,30.09445
-80,510,-159.6607143,26.24237
-80,510,-168.7602857,22.83917
-80,510,-178.3707143,19.91367
-80,510,-188.5221429,17.4679
-80,510,-199.2471429,15.48285
-80,510,-210.5802857,13.92569
-80,510,-222.5582857,12.75676
-80,510,-235.2204286,11.93497
-80,510,-248.6081429,11.42128
-80,510,-262.7655714,11.17995
-80,510,-277.7395714,11.17809
-80,510,-293.5798571,11.38412
-80,510,-310.3388571,11.76592
-80,510,-328.0724286,12.28975
-80,510,-346.8397143,12.92075
-80,510,-366.7032857,13.62537
-80,510,-387.7295714,14.3752
-80,510,-409.9888571,15.15076
-80,510,-433.5555714,15.94341
-80,510,-458.5082857,16.75447
-80,510,-484.9301429,17.59143
-80,510,-512.909,18.46286
-80,510,-542.538,19.37392
-80,510,-573.9148571,20.32438
-80,510,-607.1434286,21.30987
-80,510,-642.333,22.3258
-80,510,-679.5991429,23.37189
-80,510,-719.0638571,24.45494
-80,520,-25.62702857,43.83811
-80,520,-27.16097143,45.86255
-80,520,-28.78438571,47.97058
-80,520,-30.50255714,50.15041
-80,520,-32.3211,52.38123
-80,520,-34.24597143,54.63381
-80,520,-36.28341429,56.87455
-80,520,-38.44004286,59.07104
-80,520,-40.72275714,61.19639
-80,520,-43.13875714,63.23011
-80,520,-45.69558571,65.1555
-80,520,-48.40112857,66.95442
-80,520,-51.2636,68.60157
-80,520,-54.29155714,70.06
-80,520,-57.49401429,71.27922
-80,520,-60.88037143,72.19653
-80,520,-64.46044286,72.74145
-80,520,-68.2446,72.8428
-80,520,-72.24367143,72.437
-80,520,-76.46907143,71.476
-80,520,-80.93282857,69.93339
-80,520,-85.6476,67.80745
-80,520,-90.62678571,65.12123
-80,520,-95.88452857,61.92046
-80,520,-101.4358429,58.27049
-80,520,-107.2966286,54.25352
-80,520,-113.4838,49.96629
-80,520,-120.0153286,45.51759
-80,520,-126.9103143,41.02474
-80,520,-134.1891143,36.60787
-80,520,-141.8733857,32.38218
-80,520,-149.9862857,28.44922
-80,520,-158.5522857,24.88916
-80,520,-167.5974286,21.75585
-80,520,-177.1498571,19.07596
-80,520,-187.2391429,16.85198
-80,520,-197.8967143,15.06799
-80,520,-209.1562857,13.69674
-80,520,-221.0537143,12.7063
-80,520,-233.6271429,12.06554
-80,520,-246.9174286,11.74755
-80,520,-260.9677143,11.73125
-80,520,-275.8241429,12.00097
-80,520,-291.5354286,12.54462
-80,520,-308.1534286,13.3504
-80,520,-325.7324286,14.4027
-80,520,-344.3302857,15.6776
-80,520,-364.0072857,17.13862
-80,520,-384.8275714,18.73318
-80,520,-406.8581429,20.3904
-80,520,-430.1695714,22.0208
-80,520,-454.8364286,23.51882
-80,520,-480.9372857,24.7699
-80,520,-508.5552857,25.6637
-80,520,-537.7781429,26.11346
-80,520,-568.6987143,26.0778
-80,520,-601.416,25.57718
-80,520,-636.0342857,24.69656
-80,520,-672.665,23.57051
-80,520,-711.4258571,22.3557
-80,530,-25.96457143,47.27142
-80,530,-27.519,49.46684
-80,530,-29.16417143,51.75351
-80,530,-30.90545714,54.11884
-80,530,-32.74851429,56.54068
-80,530,-34.6993,58.98794
-80,530,-36.76408571,61.42486
-80,530,-38.94947143,63.81683
-80,530,-41.26231429,66.13458
-80,530,-43.7098,68.3549
-80,530,-46.29942857,70.45734
-80,530,-49.03902857,72.4184
-80,530,-51.93678571,74.20527
-80,530,-55.00122857,75.77136
-80,530,-58.24134286,77.05497
-80,530,-61.66651429,77.98183
-80,530,-65.28661429,78.47149
-80,530,-69.11201429,78.44653
-80,530,-73.15365714,77.84277
-80,530,-77.42307143,76.61825
-80,530,-81.93241429,74.75881
-80,530,-86.69455714,72.2793
-80,530,-91.7231,69.22058
-80,530,-97.03244286,65.64427
-80,530,-102.6378143,61.62721
-80,530,-108.5553429,57.25768
-80,530,-114.8021286,52.63366
-80,530,-121.3963286,47.86229
-80,530,-128.3571857,43.0587
-80,530,-135.7052429,38.34224
-80,530,-143.4624286,33.82967
-80,530,-151.6518571,29.62607
-80,530,-160.2987143,25.81584
-80,530,-169.4294286,22.45626
-80,530,-179.0725714,19.57541
-80,530,-189.2584286,17.17461
-80,530,-200.0195714,15.23427
-80,530,-211.3905714,13.72136
-80,530,-223.4082857,12.59655
-80,530,-236.112,11.81992
-80,530,-249.5432857,11.35455
-80,530,-263.7467143,11.16795
-80,530,-278.7691429,11.23173
-80,530,-294.6604286,11.52005
-80,530,-311.4734286,12.00744
-80,530,-329.2641429,12.66691
-80,530,-348.0915714,13.46906
-80,530,-368.0185714,14.38245
-80,530,-389.111,15.37524
-80,530,-411.4392857,16.41705
-80,530,-435.0771429,17.48015
-80,530,-460.1027143,18.53909
-80,530,-486.5985714,19.56905
-80,530,-514.6521429,20.54433
-80,530,-544.3554286,21.43864
-80,530,-575.806,22.22869
-80,530,-609.1068571,22.90059
-80,530,-644.3668571,23.45682
-80,530,-681.7012857,23.92054
-80,530,-721.2317143,24.33468
-80,540,-25.95294286,46.91772
-80,540,-27.50658571,49.11462
-80,540,-29.15092857,51.40355
-80,540,-30.8913,53.7717
-80,540,-32.73335714,56.19644
-80,540,-34.68304286,58.64586
-80,540,-36.74665714,61.08308
-80,540,-38.93074286,63.47216
-80,540,-41.24217143,65.78261
-80,540,-43.68812857,67.99031
-80,540,-46.27608571,70.07453
-80,540,-49.01388571,72.01235
-80,540,-51.90967143,73.77261
-80,540,-54.972,75.31146
-80,540,-58.20982857,76.5708
-80,540,-61.63251429,77.48039
-80,540,-65.24995714,77.96341
-80,540,-69.07248571,77.94464
-80,540,-73.11102857,77.35985
-80,540,-77.37708571,76.16429
-80,540,-81.8828,74.33877
-80,540,-86.64101429,71.89201
-80,540,-91.66531429,68.85942
-80,540,-96.97005714,65.29949
-80,540,-102.5704429,61.28929
-80,540,-108.4825857,56.92056
-80,540,-114.7235429,52.29688
-80,540,-121.3114571,47.53131
-80,540,-128.2655571,42.74335
-80,540,-135.6063571,38.05404
-80,540,-143.3557143,33.57891
-80,540,-151.5367143,29.41959
-80,540,-160.1745714,25.65617
-80,540,-169.2957143,22.342
-80,540,-178.9284286,19.50252
-80,540,-189.103,17.13793
-80,540,-199.852,15.22893
-80,540,-211.2098571,13.7437
-80,540,-223.2132857,12.64463
-80,540,-235.9015714,11.89368
-80,540,-249.3161429,11.4557
-80,540,-263.5011429,11.29975
-80,540,-278.5037143,11.39858
-80,540,-294.3732857,11.72686
-80,540,-311.1625714,12.2588
-80,540,-328.9272857,12.96602
-80,540,-347.7262857,13.81647
-80,540,-367.6218571,14.77493
-80,540,-388.6797143,15.80489
-80,540,-410.9694286,16.87106
-80,540,-434.5642857,17.94107
-80,540,-459.542,18.98575
-80,540,-485.9844286,19.97781
-80,540,-513.9782857,20.89048
-80,540,-543.615,21.69799
-80,540,-574.9912857,22.379
-80,540,-608.2097143,22.92288
-80,540,-643.3781429,23.3362
-80,540,-680.6115714,23.64635
-80,540,-720.0308571,23.8999
-80,550,-26.16174286,48.82157
-80,550,-27.72715714,51.15566
-80,550,-29.38392857,53.58884
-80,550,-31.13741429,56.10637
-80,550,-32.99331429,58.68263
-80,550,-34.95764286,61.2817
-80,550,-37.03671429,63.86209
-80,550,-39.23711429,66.3833
-80,550,-41.56577143,68.81097
-80,550,-44.02987143,71.11799
-80,550,-46.63695714,73.28129
-80,550,-49.39484286,75.27549
-80,550,-52.31174286,77.06605
-80,550,-55.39621429,78.60402
-80,550,-58.65722857,79.82454
-80,550,-62.10421429,80.64956
-80,550,-65.74705714,80.99509
-80,550,-69.59617143,80.78156
-80,550,-73.66252857,79.94538
-80,550,-77.95771429,78.44891
-80,550,-82.49398571,76.28646
-80,550,-87.28425714,73.48507
-80,550,-92.34224286,70.10049
-80,550,-97.68244286,66.21024
-80,550,-103.3201714,61.90631
-80,550,-109.2717,57.28966
-80,550,-115.5542571,52.46704
-80,550,-122.1861,47.5496
-80,550,-129.1866571,42.65137
-80,550,-136.5766286,37.88611
-80,550,-144.378,33.36155
-80,550,-152.6144286,29.17208
-80,550,-161.311,25.39142
-80,550,-170.4947143,22.06762
-80,550,-180.1941429,19.22176
-80,550,-190.4401429,16.85061
-80,550,-201.2655714,14.93209
-80,550,-212.7054286,13.43218
-80,550,-224.797,12.3115
-80,550,-237.5798571,11.53045
-80,550,-251.0962857,11.05258
-80,550,-265.3911429,10.84585
-80,550,-280.5117143,10.88236
-80,550,-296.5085714,11.13685
-80,550,-313.4352857,11.58478
-80,550,-331.3485714,12.20064
-80,550,-350.3082857,12.95725
-80,550,-370.3782857,13.82638
-80,550,-391.6258571,14.7806
-80,550,-414.1222857,15.79526
-80,550,-437.943,16.84971
-80,550,-463.1677143,17.9267
-80,550,-489.8808571,19.01024
-80,550,-518.1711429,20.08304
-80,550,-548.1327143,21.12552
-80,550,-579.8648571,22.11776
-80,550,-613.4724286,23.04487
-80,550,-649.066,23.90373
-80,550,-686.7625714,24.70841
-80,550,-726.6858571,25.4913
-80,560,-25.89641429,46.28694
-80,560,-27.44494286,48.50897
-80,560,-29.08381429,50.826
-80,560,-30.81838571,53.22421
-80,560,-32.65434286,55.67913
-80,560,-34.5977,58.15608
-80,560,-36.65474286,60.61451
-80,560,-38.83212857,63.01424
-80,560,-41.13675714,65.3205
-80,560,-43.57588571,67.50532
-80,560,-46.15704286,69.5449
-80,560,-48.8881,71.41406
-80,560,-51.77728571,73.08003
-80,560,-54.83315714,74.49768
-80,560,-58.06471429,75.60787
-80,560,-61.48132857,76.3398
-80,560,-65.09287143,76.61738
-80,560,-68.90971429,76.36874
-80,560,-72.94274286,75.53687
-80,560,-77.20344286,74.08912
-80,560,-81.70394286,72.02288
-80,560,-86.45702857,69.3664
-80,560,-91.47622857,66.17477
-80,560,-96.7759,62.52305
-80,560,-102.3712143,58.49891
-80,560,-108.2783,54.19696
-80,560,-114.5142286,49.7156
-80,560,-121.0972,45.15578
-80,560,-128.0465286,40.62007
-80,560,-135.3827857,36.21042
-80,560,-143.1278571,32.02366
-80,560,-151.3051429,28.14532
-80,560,-159.9394286,24.64331
-80,560,-169.0574286,21.5633
-80,560,-178.6871429,18.92734
-80,560,-188.8588571,16.73588
-80,560,-199.6047143,14.97256
-80,560,-210.959,13.61031
-80,560,-222.9581429,12.61736
-80,560,-235.641,11.96206
-80,560,-249.0488571,11.61606
-80,560,-263.2258571,11.55557
-80,560,-278.2184286,11.76093
-80,560,-294.0761429,12.21476
-80,560,-310.8514286,12.89926
-80,560,-328.5997143,13.79315
-80,560,-347.3792857,14.86899
-80,560,-367.2522857,16.09143
-80,560,-388.2835714,17.41661
-80,560,-410.542,18.79263
-80,560,-434.1001429,20.16049
-80,560,-459.0345714,21.45549
-80,560,-485.4262857,22.60968
-80,560,-513.3607143,23.55667
-80,560,-542.9282857,24.23995
-80,560,-574.2247143,24.62425
-80,560,-607.3512857,24.70682
-80,560,-642.4152857,24.52373
-80,560,-679.5305714,24.14721
-80,560,-718.8174286,23.67409
-80,570,-26.27311429,49.1095
-80,570,-27.84444286,51.49501
-80,570,-29.50745714,53.98204
-80,570,-31.26757143,56.554
-80,570,-33.1305,59.18326
-80,570,-35.10224286,61.83193
-80,570,-37.18915714,64.45671
-80,570,-39.39781429,67.01551
-80,570,-41.73514286,69.47237
-80,570,-44.20835714,71.79818
-80,570,-46.82495714,73.96699
-80,570,-49.59281429,75.94938
-80,570,-52.52008571,77.70558
-80,570,-55.61535714,79.18098
-80,570,-58.88761429,80.30557
-80,570,-62.34628571,80.99819
-80,570,-66.00127143,81.17505
-80,570,-69.86301429,80.76103
-80,570,-73.94251429,79.70127
-80,570,-78.2514,77.97041
-80,570,-82.80195714,75.57701
-80,570,-87.60715714,72.5626
-80,570,-92.68077143,68.99592
-80,570,-98.03735714,64.96477
-80,570,-103.6923286,60.56803
-80,570,-109.6620286,55.90982
-80,570,-115.9638,51.09627
-80,570,-122.6160429,46.23422
-80,570,-129.6383286,41.43012
-80,570,-137.0515286,36.78756
-80,570,-144.8778571,32.40282
-80,570,-153.141,28.3589
-80,570,-161.8664286,24.71973
-80,570,-171.081,21.52619
-80,570,-180.8138571,18.79528
-80,570,-191.0957143,16.52258
-80,570,-201.9597143,14.6872
-80,570,-213.441,13.25793
-80,570,-225.577,12.19919
-80,570,-238.4077143,11.47578
-80,570,-251.9755714,11.05602
-80,570,-266.3255714,10.91304
-80,570,-281.5058571,11.02444
-80,570,-297.5671429,11.3708
-80,570,-314.5632857,11.93332
-80,570,-332.5512857,12.69147
-80,570,-351.5915714,13.62106
-80,570,-371.7481429,14.69346
-80,570,-393.0885714,15.87594
-80,570,-415.684,17.13263
-80,570,-439.6102857,18.42547
-80,570,-464.947,19.71444
-80,570,-491.7781429,20.95748
-80,570,-520.193,22.11121
-80,570,-550.2854286,23.1341
-80,570,-582.1547143,23.99294
-80,570,-615.9057143,24.67156
-80,570,-651.6492857,25.17856
-80,570,-689.5027143,25.55062
-80,570,-729.59,25.84912
-80,580,-26.20715714,49.11016
-80,580,-27.77347143,51.55965
-80,580,-29.43115714,54.11523
-80,580,-31.1856,56.75859
-80,580,-33.04247143,59.45983
-80,580,-35.00778571,62.17827
-80,580,-37.08781429,64.86744
-80,580,-39.2891,67.48179
-80,580,-41.61854286,69.98178
-80,580,-44.08325714,72.33456
-80,580,-46.6907,74.51017
-80,580,-49.44865714,76.4749
-80,580,-52.36524286,78.18462
-80,580,-55.44894286,79.5807
-80,580,-58.70867143,80.59011
-80,580,-62.15378571,81.13042
-80,580,-65.7941,81.11908
-80,580,-69.63998571,80.4852
-80,580,-73.70238571,79.18132
-80,580,-77.99285714,77.19234
-80,580,-82.52361429,74.53936
-80,580,-87.30757143,71.27768
-80,580,-92.35845714,67.48983
-80,580,-97.69074286,63.27618
-80,580,-103.3198143,58.74573
-80,580,-109.2619571,54.00923
-80,580,-115.5344857,49.17533
-80,580,-122.1557429,44.34895
-80,580,-129.1453,39.63043
-80,580,-136.5239714,35.11387
-80,580,-144.314,30.88383
-80,580,-152.539,27.01096
-80,580,-161.2242857,23.54758
-80,580,-170.3971429,20.52496
-80,580,-180.0861429,17.95313
-80,580,-190.3224286,15.82355
-80,580,-201.1388571,14.1137
-80,580,-212.5705714,12.79278
-80,580,-224.655,11.82697
-80,580,-237.432,11.18363
-80,580,-250.9441429,10.83399
-80,580,-265.2364286,10.75404
-80,580,-280.3565714,10.92401
-80,580,-296.3554286,11.32664
-80,580,-313.2868571,11.94467
-80,580,-331.2075714,12.75834
-80,580,-350.1781429,13.74337
-80,580,-370.2621429,14.87021
-80,580,-391.527,16.10437
-80,580,-414.0441429,17.40763
-80,580,-437.8887143,18.73919
-80,580,-463.1404286,20.05623
-80,580,-489.8831429,21.3141
-80,580,-518.2057143,22.46742
-80,580,-548.2018571,23.47366
-80,580,-579.9705714,24.2999
-80,580,-613.6165714,24.93168
-80,580,-649.2507143,25.38047
-80,580,-686.9895714,25.68649
-80,580,-726.9572857,25.91457
-80,590,-25.52358571,46.06508
-80,590,-27.0504,48.24624
-80,590,-28.66641429,50.51679
-80,590,-30.37692857,52.86042
-80,590,-32.18751429,55.25053
-80,590,-34.10412857,57.651
-80,590,-36.13295714,60.02068
-80,590,-38.28052857,62.31971
-80,590,-40.55368571,64.51415
-80,590,-42.95955714,66.57704
-80,590,-45.50558571,68.48522
-80,590,-48.19952857,70.21342
-80,590,-51.0495,71.72803
-80,590,-54.06397143,72.98273
-80,590,-57.25184286,73.91769
-80,590,-60.6224,74.4631
-80,590,-64.1854,74.54668
-80,590,-67.95114286,74.10394
-80,590,-71.93042857,73.08881
-80,590,-76.13465714,71.48211
-80,590,-80.5759,69.29559
-80,590,-85.26688571,66.57056
-80,590,-90.2211,63.37205
-80,590,-95.45281429,59.78057
-80,590,-100.9771714,55.88417
-80,590,-106.8102143,51.77275
-80,590,-112.9689857,47.53536
-80,590,-119.4715714,43.25976
-80,590,-126.3371857,39.03258
-80,590,-133.5863143,34.93857
-80,590,-141.2407429,31.05784
-80,590,-149.3237143,27.46147
-80,590,-157.86,24.20667
-80,590,-166.876,21.33293
-80,590,-176.3998571,18.86059
-80,590,-186.4618571,16.79211
-80,590,-197.0937143,15.11549
-80,590,-208.3298571,13.80905
-80,590,-220.2065714,12.84616
-80,590,-232.7624286,12.1992
-80,590,-246.0387143,11.84216
-80,590,-260.0791429,11.75162
-80,590,-274.93,11.9064
-80,590,-290.6407143,12.28601
-80,590,-307.263,12.86861
-80,590,-324.8524286,13.62913
-80,590,-343.4672857,14.53818
-80,590,-363.169,15.56221
-80,590,-384.0231429,16.66484
-80,590,-406.0985714,17.80858
-80,590,-429.468,18.95606
-80,590,-454.2084286,20.07004
-80,590,-480.4014286,21.11277
-80,590,-508.1327143,22.04604
-80,590,-537.4935714,22.83385
-80,590,-568.5798571,23.44837
-80,590,-601.4935714,23.87818
-80,590,-636.3422857,24.13554
-80,590,-673.24,24.25888
-80,590,-712.3074286,24.30881
-80,600,-25.43615714,46.07423
-80,600,-26.95655714,48.33601
-80,600,-28.56577143,50.69265
-80,600,-30.26904286,53.12546
-80,600,-32.07195714,55.60472
-80,600,-33.98038571,58.09038
-80,600,-36.00048571,60.53682
-80,600,-38.13874286,62.89931
-80,600,-40.4019,65.13896
-80,600,-42.79702857,67.22388
-80,600,-45.33148571,69.1261
-80,600,-48.01292857,70.8158
-80,600,-50.8494,72.25526
-80,600,-53.84925714,73.39498
-80,600,-57.02127143,74.17343
-80,600,-60.37464286,74.52119
-80,600,-63.91904286,74.36909
-80,600,-67.66464286,73.65876
-80,600,-71.62217143,72.35339
-80,600,-75.80292857,70.44583
-80,600,-80.2189,67.96185
-80,600,-84.88272857,64.95768
-80,600,-89.80782857,61.51287
-80,600,-95.00841429,57.72069
-80,600,-100.4995571,53.67909
-80,600,-106.2972571,49.48414
-80,600,-112.4184714,45.22681
-80,600,-118.8812571,40.99243
-80,600,-125.7048,36.86115
-80,600,-132.9095429,32.90785
-80,600,-140.5172429,29.20057
-80,600,-148.5511429,25.79746
-80,600,-157.0358571,22.74338
-80,600,-165.998,20.06731
-80,600,-175.4654286,17.78168
-80,600,-185.4684286,15.88391
-80,600,-196.0388571,14.35972
-80,600,-207.2107143,13.1874
-80,600,-219.0205714,12.34192
-80,600,-231.507,11.79834
-80,600,-244.7108571,11.5338
-80,600,-258.676,11.52815
-80,600,-273.4487143,11.76318
-80,600,-289.078,12.2208
-80,600,-305.6158571,12.88078
-80,600,-323.1174286,13.7186
-80,600,-341.641,14.70424
-80,600,-361.248,15.8024
-80,600,-382.0034286,16.974
-80,600,-403.9761429,18.17824
-80,600,-427.2388571,19.37417
-80,600,-451.8681429,20.52114
-80,600,-477.9452857,21.57852
-80,600,-505.5558571,22.50622
-80,600,-534.7905714,23.26765
-80,600,-565.7454286,23.83608
-80,600,-598.5218571,24.20288
-80,600,-633.2271429,24.38441
-80,600,-669.9751429,24.42384
-80,600,-708.8861429,24.38623
-80,620,-25.33365714,45.916
-80,620,-26.84847143,48.12765
-80,620,-28.45187143,50.42925
-80,620,-30.14907143,52.80135
-80,620,-31.9456,55.21331
-80,620,-33.8473,57.6239
-80,620,-35.8603,59.9859
-80,620,-37.99098571,62.25249
-80,620,-40.24611429,64.38224
-80,620,-42.63268571,66.34057
-80,620,-45.15801429,68.09716
-80,620,-47.82978571,69.62097
-80,620,-50.65598571,70.87509
-80,620,-53.645,71.81387
-80,620,-56.8056,72.38334
-80,620,-60.14702857,72.52569
-80,620,-63.67897143,72.18682
-80,620,-67.41165714,71.32547
-80,620,-71.35582857,69.92162
-80,620,-75.52287143,67.98197
-80,620,-79.9248,65.54075
-80,620,-84.57435714,62.65585
-80,620,-89.485,59.40143
-80,620,-94.671,55.85938
-80,620,-100.1475,52.11202
-80,620,-105.9305714,48.23766
-80,620,-112.0372429,44.30931
-80,620,-118.4856429,40.39573
-80,620,-125.295,36.56307
-80,620,-132.4858286,32.87561
-80,620,-140.0799286,29.39463
-80,620,-148.1005714,26.17543
-80,620,-156.5724286,23.26357
-80,620,-165.522,20.69155
-80,620,-174.9774286,18.47725
-80,620,-184.9687143,16.62444
-80,620,-195.5278571,15.1252
-80,620,-206.689,13.96349
-80,620,-218.4881429,13.11881
-80,620,-230.964,12.56936
-80,620,-244.1577143,12.29402
-80,620,-258.1128571,12.27303
-80,620,-272.8754286,12.48748
-80,620,-288.4945714,12.91787
-80,620,-305.0222857,13.5423
-80,620,-322.5135714,14.33503
-80,620,-341.0264286,15.26589
-80,620,-360.6224286,16.30102
-80,620,-381.3664286,17.40446
-80,620,-403.3272857,18.53988
-80,620,-426.5774286,19.67147
-80,620,-451.1937143,20.76334
-80,620,-477.2571429,21.77843
-80,620,-504.8535714,22.67827
-80,620,-534.0734286,23.42592
-80,620,-565.0128571,23.99254
-80,620,-597.7732857,24.36638
-80,620,-632.4622857,24.5605
-80,620,-669.1935714,24.61537
-80,620,-708.0875714,24.59422
-80,640,-25.52758571,47.84423
-80,640,-27.05301429,50.27049
-80,640,-28.66765714,52.79668
-80,640,-30.37674286,55.39589
-80,640,-32.18581429,58.02748
-80,640,-34.10068571,60.63787
-80,640,-36.12745714,63.16597
-80,640,-38.27252857,65.55099
-80,640,-40.54257143,67.73898
-80,640,-42.94455714,69.68531
-80,640,-45.48578571,71.35266
-80,640,-48.17388571,72.70609
-80,640,-51.01682857,73.70789
-80,640,-54.02297143,74.31493
-80,640,-57.20111429,74.47972
-80,640,-60.56048571,74.15571
-80,640,-64.11081429,73.30558
-80,640,-67.86237143,71.91047
-80,640,-71.82597143,69.97736
-80,640,-76.01311429,67.54226
-80,640,-80.4359,64.66788
-80,640,-85.1072,61.4362
-80,640,-90.04065714,57.93819
-80,640,-95.2507,54.26347
-80,640,-100.7526429,50.49259
-80,640,-106.5627714,46.69345
-80,640,-112.6983143,42.92179
-80,640,-119.1775857,39.22447
-80,640,-126.0200714,35.64365
-80,640,-133.2464857,32.22009
-80,640,-140.8788571,28.99429
-80,640,-148.9407143,26.00532
-80,640,-157.457,23.28802
-80,640,-166.4545714,20.86982
-80,640,-175.9617143,18.7683
-80,640,-186.0088571,16.99041
-80,640,-196.6282857,15.53333
-80,640,-207.8544286,14.38654
-80,640,-219.7238571,13.53454
-80,640,-232.2757143,12.95921
-80,640,-245.551,12.64162
-80,640,-259.5938571,12.56278
-80,640,-274.4508571,12.70342
-80,640,-290.1714286,13.04311
-80,640,-306.8078571,13.5592
-80,640,-324.4157143,14.22618
-80,640,-343.0537143,15.01596
-80,640,-362.7844286,15.89941
-80,640,-383.6734286,16.84845
-80,640,-405.7907143,17.83809
-80,640,-429.2101429,18.84697
-80,640,-454.0095714,19.85618
-80,640,-480.2718571,20.84664
-80,640,-508.0841429,21.79681
-80,640,-537.5387143,22.68251
-80,640,-568.7332857,23.48044
-80,640,-601.7711429,24.17492
-80,640,-636.7612857,24.76542
-80,640,-673.8192857,25.27159
-80,640,-713.0674286,25.7329
-80,660,-25.60158571,49.24996
-80,660,-27.13138571,51.84357
-80,660,-28.75055714,54.53908
-80,660,-30.46427143,57.29633
-80,660,-32.278,60.0591
-80,660,-34.1975,62.75672
-80,660,-36.22881429,65.31116
-80,660,-38.37825714,67.647
-80,660,-40.65245714,69.69996
-80,660,-43.05834286,71.42082
-80,660,-45.60318571,72.77406
-80,660,-48.29455714,73.73293
-80,660,-51.14047143,74.27398
-80,660,-54.14927143,74.37372
-80,660,-57.32977143,74.00898
-80,660,-60.69127143,73.1608
-80,660,-64.24354286,71.82092
-80,660,-67.99691429,69.99841
-80,660,-71.96232857,67.72433
-80,660,-76.15135714,65.05218
-80,660,-80.57622857,62.05371
-80,660,-85.24992857,58.8108
-80,660,-90.18624286,55.40577
-80,660,-95.39974286,51.91276
-80,660,-100.9059,48.39238
-80,660,-106.7211286,44.8905
-80,660,-112.8628286,41.44103
-80,660,-119.3494857,38.07096
-80,660,-126.2007143,34.80592
-80,660,-133.4374,31.67426
-80,660,-141.0817571,28.70846
-80,660,-149.1574286,25.94373
-80,660,-157.6897143,23.41455
-80,660,-166.7052857,21.15049
-80,660,-176.2331429,19.17285
-80,660,-186.3037143,17.49293
-80,660,-196.9494286,16.1122
-80,660,-208.205,15.02385
-80,660,-220.1074286,14.21513
-80,660,-232.6955714,13.66944
-80,660,-246.0111429,13.36798
-80,660,-260.0981429,13.29041
-80,660,-275.0034286,13.41484
-80,660,-290.7765714,13.71735
-80,660,-307.4701429,14.17179
-80,660,-325.1398571,14.75032
-80,660,-343.8451429,15.42509
-80,660,-363.6484286,16.17091
-80,660,-384.6162857,16.96803
-80,660,-406.8191429,17.80379
-80,660,-430.3314286,18.67212
-80,660,-455.232,19.57055
-80,660,-481.6044286,20.49573
-80,660,-509.537,21.43917
-80,660,-539.1228571,22.38544
-80,660,-570.4608571,23.3143
-80,660,-603.6551429,24.20688
-80,660,-638.8162857,25.05376
-80,660,-676.0607143,25.86167
-80,660,-715.512,26.65535
-90,440,-25.41165714,45.98113
-90,440,-26.93555714,47.71322
-90,440,-28.54881429,49.51375
-90,440,-30.25671429,51.38539
-90,440,-32.06487143,53.32537
-90,440,-33.9792,55.32525
-90,440,-36.00592857,57.37245
-90,440,-38.15161429,59.45217
-90,440,-40.42311429,61.5478
-90,440,-42.8276,63.63924
-90,440,-45.37257143,65.69951
-90,440,-48.06585714,67.69122
-90,440,-50.91567143,69.56428
-90,440,-53.93057143,71.25602
-90,440,-57.11954286,72.69404
-90,440,-60.492,73.80124
-90,440,-64.05784286,74.50236
-90,440,-67.82745714,74.73085
-90,440,-71.81178571,74.43493
-90,440,-76.02238571,73.58198
-90,440,-80.47145714,72.1605
-90,440,-85.17188571,70.17962
-90,440,-90.1373,67.66659
-90,440,-95.38214286,64.66346
-90,440,-100.9216429,61.22427
-90,440,-106.7719429,57.41363
-90,440,-112.9501429,53.307
-90,440,-119.4743,48.99176
-90,440,-126.3636429,44.56737
-90,440,-133.6385571,40.14302
-90,440,-141.3207714,35.83183
-90,440,-149.4334286,31.74214
-90,440,-158.0014286,27.96789
-90,440,-167.0512857,24.5805
-90,440,-176.6111429,21.62442
-90,440,-186.7114286,19.11712
-90,440,-197.3845714,17.05286
-90,440,-208.6648571,15.40885
-90,440,-220.5891429,14.15174
-90,440,-233.1962857,13.2433
-90,440,-246.5277143,12.64419
-90,440,-260.6274286,12.31589
-90,440,-275.542,12.2209
-90,440,-291.3208571,12.32214
-90,440,-308.0164286,12.58232
-90,440,-325.6842857,12.9643
-90,440,-344.3835714,13.43304
-90,440,-364.1768571,13.95909
-90,440,-385.1307143,14.52256
-90,440,-407.3154286,15.11591
-90,440,-430.8057143,15.74432
-90,440,-455.6804286,16.42282
-90,440,-482.0231429,17.17116
-90,440,-509.922,18.00778
-90,440,-539.4705714,18.94499
-90,440,-570.7671429,19.98661
-90,440,-603.916,21.12893
-90,440,-639.0267143,22.36437
-90,440,-676.2154286,23.68604
-90,440,-715.6048571,25.09079
-90,450,-25.40608571,45.03149
-90,450,-26.92877143,46.74952
-90,450,-28.54064286,48.53671
-90,450,-30.24698571,50.39614
-90,450,-32.05341429,52.32537
-90,450,-33.96592857,54.31599
-90,450,-35.99078571,56.35517
-90,450,-38.13462857,58.42748
-90,450,-40.4044,60.51539
-90,450,-42.80734286,62.59783
-90,450,-45.35105714,64.64704
-90,450,-48.0435,66.62527
-90,450,-50.89294286,68.48278
-90,450,-53.90807143,70.15809
-90,450,-57.09794286,71.58083
-90,450,-60.47205714,72.67674
-90,450,-64.04035714,73.37383
-90,450,-67.81328571,73.60889
-90,450,-71.80182857,73.33299
-90,450,-76.01754286,72.51521
-90,450,-80.47258571,71.14411
-90,450,-85.17981429,69.22689
-90,450,-90.15282857,66.78695
-90,450,-95.40595714,63.86109
-90,450,-100.9544143,60.49755
-90,450,-106.8142571,56.75568
-90,450,-113.0025286,52.70729
-90,450,-119.5372714,48.43833
-90,450,-126.4376857,44.04929
-90,450,-133.7241286,39.65235
-90,450,-141.4183143,35.36469
-90,450,-149.5434286,31.29875
-90,450,-158.1241429,27.55165
-90,450,-167.1867143,24.19673
-90,450,-176.7595714,21.27906
-90,450,-186.8724286,18.81594
-90,450,-197.5577143,16.80125
-90,450,-208.8492857,15.21216
-90,450,-220.7838571,14.01613
-90,450,-233.3998571,13.17677
-90,450,-246.7387143,12.65781
-90,450,-260.8438571,12.42492
-90,450,-275.7618571,12.44565
-90,450,-291.5417143,12.68824
-90,450,-308.2354286,13.12003
-90,450,-325.8984286,13.70644
-90,450,-344.5888571,14.41134
-90,450,-364.3687143,15.19908
-90,450,-385.3031429,16.03751
-90,450,-407.4614286,16.90087
-90,450,-430.9168571,17.77097
-90,450,-455.7467143,18.63587
-90,450,-482.0327143,19.48655
-90,450,-509.8614286,20.3131
-90,450,-539.3242857,21.10269
-90,450,-570.5181429,21.84077
-90,450,-603.5451429,22.51567
-90,450,-638.5135714,23.125
-90,450,-675.5378571,23.6806
-90,450,-714.7391429,24.20949
-90,460,-25.51425714,44.59373
-90,460,-27.04297143,46.33469
-90,460,-28.66108571,48.14588
-90,460,-30.37391429,50.02908
-90,460,-32.18708571,51.98045
-90,460,-34.1066,53.99036
-90,460,-36.13874286,56.04499
-90,460,-38.29015714,58.12847
-90,460,-40.56781429,60.22355
-90,460,-42.979,62.31025
-90,460,-45.53131429,64.3628
-90,460,-48.23274286,66.34626
-90,460,-51.09157143,68.2143
-90,460,-54.11651429,69.90921
-90,460,-57.31661429,71.36413
-90,460,-60.70141429,72.50739
-90,460,-64.28085714,73.26789
-90,460,-68.06538571,73.58081
-90,460,-72.06595714,73.39269
-90,460,-76.29411429,72.66529
-90,460,-80.76201429,71.37773
-90,460,-85.48247143,69.527
-90,460,-90.46902857,67.12735
-90,460,-95.73602857,64.20919
-90,460,-101.2986,60.81848
-90,460,-107.1727857,57.01708
-90,460,-113.3756143,52.88365
-90,460,-119.9251,48.51412
-90,460,-126.8404286,44.02022
-90,460,-134.1419571,39.52463
-90,460,-141.8513857,35.1527
-90,460,-149.9918571,31.02175
-90,460,-158.588,27.23053
-90,460,-167.6661429,23.85128
-90,460,-177.2542857,20.9263
-90,460,-187.3824286,18.46945
-90,460,-198.0824286,16.47142
-90,460,-209.3884286,14.90699
-90,460,-221.3367143,13.74243
-90,460,-233.9657143,12.94157
-90,460,-247.3167143,12.46977
-90,460,-261.4331429,12.29579
-90,460,-276.3615714,12.39151
-90,460,-292.1508571,12.73033
-90,460,-308.853,13.28475
-90,460,-326.523,14.02404
-90,460,-345.2191429,14.91292
-90,460,-365.0025714,15.91175
-90,460,-385.9384286,16.97829
-90,460,-408.095,18.07013
-90,460,-431.5447143,19.14679
-90,460,-456.364,20.17046
-90,460,-482.6337143,21.10556
-90,460,-510.439,21.91853
-90,460,-539.8702857,22.5794
-90,460,-571.0231429,23.06651
-90,460,-603.9987143,23.37335
-90,460,-638.9041429,23.51475
-90,460,-675.8528571,23.52905
-90,460,-714.9651429,23.47415
-90,470,-25.27122857,44.04591
-90,470,-26.78618571,45.73654
-90,470,-28.38978571,47.49371
-90,470,-30.08728571,49.31852
-90,470,-31.88425714,51.20674
-90,470,-33.78662857,53.14871
-90,470,-35.80067143,55.13114
-90,470,-37.93295714,57.13915
-90,470,-40.19041429,59.15709
-90,470,-42.58028571,61.16721
-90,470,-45.11014286,63.14664
-90,470,-47.7879,65.06406
-90,470,-50.62182857,66.87729
-90,470,-53.62058571,68.53292
-90,470,-56.79318571,69.96813
-90,470,-60.1491,71.11424
-90,470,-63.69822857,71.9016
-90,470,-67.45097143,72.2649
-90,470,-71.41821429,72.14824
-90,470,-75.61145714,71.50931
-90,470,-80.04277143,70.3223
-90,470,-84.72492857,68.57909
-90,470,-89.67138571,66.28921
-90,470,-94.8964,63.47902
-90,470,-100.4150286,60.19111
-90,470,-106.2432143,56.48438
-90,470,-112.3978714,52.43484
-90,470,-118.8968857,48.1362
-90,470,-125.7593143,43.69875
-90,470,-133.0054,39.24488
-90,470,-140.6566714,34.90103
-90,470,-148.7361429,30.78689
-90,470,-157.2682857,27.00429
-90,470,-166.2792857,23.62867
-90,470,-175.797,20.70501
-90,470,-185.8512857,18.249
-90,470,-196.474,16.25222
-90,470,-207.6988571,14.68961
-90,470,-219.5622857,13.52702
-90,470,-232.1024286,12.72759
-90,470,-245.3604286,12.25582
-90,470,-259.3795714,12.07947
-90,470,-274.206,12.16937
-90,470,-289.8885714,12.49771
-90,470,-306.4791429,13.03572
-90,470,-324.0324286,13.75151
-90,470,-342.6065714,14.60901
-90,470,-362.2624286,15.56871
-90,470,-383.0651429,16.58977
-90,470,-405.0827143,17.63293
-90,470,-428.3877143,18.6627
-90,470,-453.0562857,19.6479
-90,470,-479.1691429,20.56064
-90,470,-506.8117143,21.37509
-90,470,-536.0741429,22.06773
-90,470,-567.0518571,22.62064
-90,470,-599.8458571,23.02709
-90,470,-634.5631429,23.29734
-90,470,-671.3167143,23.46152
-90,470,-710.2268571,23.56729
-90,480,-25.41235714,45.9062
-90,480,-26.93645714,47.69141
-90,480,-28.54982857,49.54872
-90,480,-30.25774286,51.48009
-90,480,-32.06578571,53.48133
-90,480,-33.97987143,55.54177
-90,480,-36.00622857,57.64593
-90,480,-38.15138571,59.77589
-90,480,-40.4222,61.91232
-90,480,-42.82584286,64.03353
-90,480,-45.36978571,66.1127
-90,480,-48.06188571,68.11469
-90,480,-50.91031429,69.99375
-90,480,-53.92361429,71.69328
-90,480,-57.11077143,73.14777
-90,480,-60.48115714,74.28668
-90,480,-64.04464286,75.03955
-90,480,-67.81158571,75.34155
-90,480,-71.79287143,75.13854
-90,480,-76.00001429,74.39105
-90,480,-80.44515714,73.07647
-90,480,-85.14111429,71.18968
-90,480,-90.10144286,68.74233
-90,480,-95.34048571,65.76178
-90,480,-100.8734,62.29079
-90,480,-106.7162286,58.38826
-90,480,-112.8859143,54.13104
-90,480,-119.4004286,49.61535
-90,480,-126.2788429,44.95592
-90,480,-133.5414286,40.28131
-90,480,-141.2097857,35.72487
-90,480,-149.307,31.41268
-90,480,-157.8577143,27.45132
-90,480,-166.8882857,23.91856
-90,480,-176.4271429,20.85918
-90,480,-186.5042857,18.28639
-90,480,-197.1521429,16.18755
-90,480,-208.405,14.53222
-90,480,-220.2994286,13.28009
-90,480,-232.8747143,12.38759
-90,480,-246.172,11.81198
-90,480,-260.2351429,11.51327
-90,480,-275.1108571,11.45416
-90,480,-290.8485714,11.59887
-90,480,-307.5005714,11.91179
-90,480,-325.1227143,12.35706
-90,480,-343.7738571,12.89971
-90,480,-363.5167143,13.50855
-90,480,-384.4177143,14.16004
-90,480,-406.5471429,14.84156
-90,480,-429.9792857,15.55256
-90,480,-454.7932857,16.30263
-90,480,-481.0724286,17.10708
-90,480,-508.9045714,17.98128
-90,480,-538.3831429,18.93588
-90,480,-569.6061429,19.97443
-90,480,-602.6772857,21.09409
-90,480,-637.7062857,22.28915
-90,480,-674.8087143,23.55542
-90,480,-714.1067143,24.89318
-90,490,-29.93927143,65.80517
-90,490,-31.72172857,69.70728
-90,490,-33.60645714,73.82737
-90,490,-35.59958571,78.1535
-90,490,-37.70765714,82.65517
-90,490,-39.93752857,87.28215
-90,490,-116.9020143,86.22624
-90,490,-123.5438,78.15516
-90,490,-130.5475857,69.98342
-90,490,-137.9331286,61.91468
-90,490,-145.7214286,54.1364
-90,490,-153.935,46.81334
-90,490,-162.5977143,40.08033
-90,490,-171.7347143,34.03549
-90,490,-181.3734286,28.7358
-90,490,-191.5428571,24.19664
-90,490,-202.2738571,20.39605
-90,490,-213.5997143,17.28285
-90,490,-225.5555714,14.78674
-90,490,-238.1797143,12.82828
-90,490,-251.5122857,11.32724
-90,490,-265.5965714,10.20809
-90,490,-280.4788571,9.40295
-90,490,-296.208,8.852177
-90,490,-312.8362857,8.503554
-90,490,-330.4192857,8.311084
-90,490,-349.016,8.234375
-90,490,-368.6887143,8.239415
-90,490,-389.5041429,8.300989
-90,490,-411.5327143,8.406171
-90,490,-434.8495714,8.557656
-90,490,-459.5344286,8.775581
-90,490,-485.6721429,9.097267
-90,490,-513.3525714,9.575407
-90,490,-542.6714286,10.27594
-90,490,-573.7297143,11.27665
-90,490,-606.6344286,12.66659
-90,490,-641.4982857,14.54578
-90,490,-678.4397143,17.02412
-90,490,-717.5834286,20.21853
-90,490,-759.0601429,24.24699
-90,490,-803.0065714,29.21614
-90,500,-25.19012857,44.13621
-90,500,-26.70027143,45.81799
-90,500,-28.29877143,47.56358
-90,500,-29.99084286,49.37231
-90,500,-31.78208571,51.23889
-90,500,-33.6784,53.15374
-90,500,-35.68602857,55.10497
-90,500,-37.81154286,57.08046
-90,500,-40.06184286,59.06817
-90,500,-42.44415714,61.05417
-90,500,-44.96602857,63.01871
-90,500,-47.63537143,64.932
-90,500,-50.46044286,66.75126
-90,500,-53.44982857,68.42016
-90,500,-56.61258571,69.87111
-90,500,-59.95811429,71.02993
-90,500,-63.4963,71.82214
-90,500,-67.23752857,72.17979
-90,500,-71.19265714,72.04742
-90,500,-75.37315714,71.38643
-90,500,-79.7911,70.17689
-90,500,-84.45922857,68.41714
-90,500,-89.39097143,66.12172
-90,500,-94.60057143,63.3189
-90,500,-100.1030429,60.04938
-90,500,-105.9143143,56.36681
-90,500,-112.0512429,52.34011
-90,500,-118.5316857,48.05604
-90,500,-125.3746429,43.62002
-90,500,-132.6002857,39.15295
-90,500,-140.2301286,34.78322
-90,500,-148.2871429,30.63497
-90,500,-156.7957143,26.81548
-90,500,-165.782,23.40506
-90,500,-175.2738571,20.45202
-90,500,-185.3012857,17.97339
-90,500,-195.8958571,15.96051
-90,500,-207.0917143,14.38695
-90,500,-218.9247143,13.21677
-90,500,-231.4335714,12.41131
-90,500,-244.6591429,11.93362
-90,500,-258.6448571,11.75044
-90,500,-273.4368571,11.83203
-90,500,-289.0841429,12.15043
-90,500,-305.6384286,12.67705
-90,500,-323.1545714,13.38042
-90,500,-341.6908571,14.22511
-90,500,-361.3084286,15.17241
-90,500,-382.0722857,16.18272
-90,500,-404.051,17.21859
-90,500,-427.3172857,18.24714
-90,500,-451.9477143,19.24068
-90,500,-478.0231429,20.17545
-90,500,-505.6294286,21.02981
-90,500,-534.8571429,21.7838
-90,500,-565.8018571,22.42133
-90,500,-598.5651429,22.93514
-90,500,-633.254,23.33243
-90,500,-669.9821429,23.63815
-90,500,-708.8692857,23.89386
-90,510,-25.52888571,45.37167
-90,510,-27.05892857,47.2171
-90,510,-28.6785,49.13827
-90,510,-30.3929,51.1351
-90,510,-32.20772857,53.201
-90,510,-34.12891429,55.32262
-90,510,-36.16267143,57.48187
-90,510,-38.31554286,59.65863
-90,510,-40.59438571,61.83221
-90,510,-43.00635714,63.98044
-90,510,-45.55892857,66.07681
-90,510,-48.25991429,68.08686
-90,510,-51.11747143,69.96539
-90,510,-54.14014286,71.65564
-90,510,-57.33685714,73.09085
-90,510,-60.717,74.19815
-90,510,-64.29038571,74.90403
-90,510,-68.06735714,75.14075
-90,510,-72.05877143,74.85248
-90,510,-76.27612857,74.00024
-90,510,-80.7315,72.56477
-90,510,-85.43768571,70.54699
-90,510,-90.40821429,67.96659
-90,510,-95.65738571,64.85972
-90,510,-101.2003143,61.27733
-90,510,-107.0530143,57.28485
-90,510,-113.2324286,52.96334
-90,510,-119.7565286,48.41072
-90,510,-126.6444143,43.74131
-90,510,-133.9163714,39.08151
-90,510,-141.5940571,34.56136
-90,510,-149.7005714,30.30304
-90,510,-158.2604286,26.40896
-90,510,-167.3002857,22.95289
-90,510,-176.8481429,19.97604
-90,510,-186.934,17.48885
-90,510,-197.5902857,15.47703
-90,510,-208.851,13.90982
-90,510,-220.753,12.7482
-90,510,-233.3351429,11.95151
-90,510,-246.6388571,11.48176
-90,510,-260.708,11.30533
-90,510,-275.5894286,11.39268
-90,510,-291.3324286,11.71642
-90,510,-307.9895714,12.24868
-90,510,-325.6162857,12.95871
-90,510,-344.2712857,13.81167
-90,510,-364.0165714,14.76926
-90,510,-384.9178571,15.79212
-90,510,-407.0442857,16.84311
-90,510,-430.4694286,17.88992
-90,510,-455.2704286,18.90597
-90,510,-481.5291429,19.86929
-90,510,-509.3321429,20.76055
-90,510,-538.7705714,21.56221
-90,510,-569.941,22.26012
-90,510,-602.9457143,22.84774
-90,510,-637.8925714,23.33135
-90,510,-674.8958571,23.73339
-90,510,-714.0764286,24.09187
-90,520,-25.65731429,45.77236
-90,520,-27.19441429,47.6445
-90,520,-28.82138571,49.59135
-90,520,-30.54354286,51.61063
-90,520,-32.36651429,53.6945
-90,520,-34.29625714,55.82988
-90,520,-36.33901429,58.0008
-90,520,-38.50137143,60.19093
-90,520,-40.79021429,62.38425
-90,520,-43.21271429,64.56299
-90,520,-45.77638571,66.70337
-90,520,-48.48904286,68.77082
-90,520,-51.35888571,70.71663
-90,520,-54.39447143,72.4774
-90,520,-57.60472857,73.97764
-90,520,-60.99907143,75.13523
-90,520,-64.58732857,75.86873
-90,520,-68.37984286,76.10499
-90,520,-72.38751429,75.78601
-90,520,-76.62182857,74.87367
-90,520,-81.0949,73.35194
-90,520,-85.81952857,71.22653
-90,520,-90.80927143,68.52289
-90,520,-96.07844286,65.28372
-90,520,-101.6422,61.56714
-90,520,-107.5165857,57.44632
-90,520,-113.7186,53.00995
-90,520,-120.2662857,48.36266
-90,520,-127.1788,43.62326
-90,520,-134.4765286,38.91965
-90,520,-142.1811857,34.38009
-90,520,-150.316,30.12221
-90,520,-158.9055714,26.24233
-90,520,-167.9765714,22.80794
-90,520,-177.557,19.85489
-90,520,-187.6772857,17.38982
-90,520,-198.3695714,15.3963
-90,520,-209.6684286,13.84277
-90,520,-221.6101429,12.6904
-90,520,-234.2341429,11.89931
-90,520,-247.5818571,11.4326
-90,520,-261.6972857,11.25809
-90,520,-276.6274286,11.34797
-90,520,-292.422,11.67704
-90,520,-309.1332857,12.22013
-90,520,-326.8172857,12.94961
-90,520,-345.5327143,13.8338
-90,520,-365.3418571,14.83696
-90,520,-386.3102857,15.92078
-90,520,-408.5078571,17.04666
-90,520,-432.0075714,18.17776
-90,520,-456.8872857,19.27965
-90,520,-483.2287143,20.31992
-90,520,-511.1184286,21.26753
-90,520,-540.648,22.09401
-90,520,-571.9138571,22.77733
-90,520,-605.0184286,23.30815
-90,520,-640.07,23.69594
-90,520,-677.1827143,23.97193
-90,520,-716.4777143,24.18674
-90,530,-25.36797143,45.77431
-90,530,-26.88888571,47.58398
-90,530,-28.49888571,49.46635
-90,530,-30.20322857,51.4218
-90,530,-32.00747143,53.44438
-90,530,-33.91752857,55.52157
-90,530,-35.9396,57.63622
-90,530,-38.08021429,59.76902
-90,530,-40.34617143,61.89975
-90,530,-42.74462857,64.00627
-90,530,-45.28304286,66.0616
-90,530,-47.9692,68.03036
-90,530,-50.81124286,69.86609
-90,530,-53.81768571,71.51068
-90,530,-56.99745714,72.89624
-90,530,-60.35991429,73.94931
-90,530,-63.91484286,74.5968
-90,530,-67.6726,74.77271
-90,530,-71.64402857,74.42438
-90,530,-75.84062857,73.51724
-90,530,-80.2745,72.03714
-90,530,-84.95845714,69.98998
-90,530,-89.90602857,67.39942
-90,530,-95.13155714,64.3039
-90,530,-100.6501714,60.7544
-90,530,-106.4778857,56.81412
-90,530,-112.6316857,52.55984
-90,530,-119.1295143,48.08372
-90,530,-125.9904571,43.49358
-90,530,-133.2348286,38.90943
-90,530,-140.8842714,34.45589
-90,530,-148.9618571,30.25121
-90,530,-157.4924286,26.39583
-90,530,-166.5022857,22.9633
-90,530,-176.0197143,19.99606
-90,530,-186.075,17.50657
-90,530,-196.7004286,15.48277
-90,530,-207.9304286,13.89571
-90,530,-219.8018571,12.70752
-90,530,-232.3535714,11.87777
-90,530,-245.6271429,11.36777
-90,530,-259.6668571,11.14238
-90,530,-274.5194286,11.16991
-90,530,-290.2344286,11.42052
-90,530,-306.8647143,11.86415
-90,530,-324.4661429,12.46895
-90,530,-343.0978571,13.201
-90,530,-362.8225714,14.02604
-90,530,-383.707,14.91259
-90,530,-405.8211429,15.83542
-90,530,-429.2397143,16.77766
-90,530,-454.0412857,17.73045
-90,530,-480.3091429,18.69004
-90,530,-508.131,19.65374
-90,530,-537.5997143,20.61669
-90,530,-568.8134286,21.57128
-90,530,-601.8757143,22.50979
-90,530,-636.896,23.4293
-90,530,-673.9897143,24.33647
-90,530,-713.2792857,25.24973
-90,540,-25.45267143,45.23632
-90,540,-26.97851429,47.03235
-90,540,-28.59374286,48.90196
-90,540,-30.30362857,50.84652
-90,540,-32.11377143,52.86076
-90,540,-34.03007143,54.93231
-90,540,-36.05875714,57.04345
-90,540,-38.20635714,59.17373
-90,540,-40.47971429,61.30149
-90,540,-42.88598571,63.40334
-90,540,-45.43262857,65.45174
-90,540,-48.12745714,67.41182
-90,540,-50.97864286,69.23881
-90,540,-53.99472857,70.87711
-90,540,-57.18465714,72.26148
-90,540,-60.5578,73.32046
-90,540,-64.12401429,73.98149
-90,540,-67.89362857,74.17739
-90,540,-71.87757143,73.85291
-90,540,-76.08731429,72.97043
-90,540,-80.535,71.51344
-90,540,-85.23342857,69.4873
-90,540,-90.19615714,66.91742
-90,540,-95.43751429,63.84591
-90,540,-100.9726571,60.32845
-90,540,-106.8176429,56.43237
-90,540,-112.9894857,52.23663
-90,540,-119.5062143,47.83271
-90,540,-126.3870143,43.32462
-90,540,-133.6522714,38.8262
-90,540,-141.3237143,34.45485
-90,540,-149.4245714,30.32216
-90,540,-157.9794286,26.5237
-90,540,-167.0148571,23.13068
-90,540,-176.5588571,20.18568
-90,540,-186.6418571,17.70322
-90,540,-197.2957143,15.6744
-90,540,-208.555,14.07398
-90,540,-220.4561429,12.86777
-90,540,-233.0382857,12.0191
-90,540,-246.343,11.49326
-90,540,-260.4144286,11.25994
-90,540,-275.2992857,11.29365
-90,540,-291.0475714,11.57261
-90,540,-307.712,12.07673
-90,540,-325.3482857,12.78505
-90,540,-344.0154286,13.67356
-90,540,-363.7761429,14.71366
-90,540,-384.6962857,15.87153
-90,540,-406.8455714,17.10831
-90,540,-430.2977143,18.38064
-90,540,-455.1304286,19.64123
-90,540,-481.426,20.8399
-90,540,-509.2711429,21.92603
-90,540,-538.7574286,22.85344
-90,540,-569.982,23.58811
-90,540,-603.0471429,24.1169
-90,540,-638.0614286,24.45431
-90,540,-675.1392857,24.64383
-90,540,-714.4022857,24.75275
-90,550,-26.01348571,53.89548
-90,550,-27.57668571,56.13501
-90,550,-29.23061429,58.46831
-90,550,-30.98047143,60.89544
-90,550,-32.83184286,63.40846
-90,550,-34.79062857,65.99087
-90,550,-36.86315714,68.61951
-90,550,-39.05608571,71.267
-90,550,-41.37648571,73.90272
-90,550,-43.83177143,76.49115
-90,550,-46.42975714,78.98842
-90,550,-49.17861429,81.33878
-90,550,-52.08687143,83.47302
-90,550,-55.16338571,85.31003
-90,550,-58.41738571,86.76134
-90,550,-61.85841429,87.73801
-90,550,-65.49641429,88.15822
-90,550,-69.34172857,87.95447
-90,550,-73.4052,87.07917
-90,550,-77.69822857,85.50816
-90,550,-82.2329,83.24186
-90,550,-87.022,80.30448
-90,550,-92.0792,76.74167
-90,550,-97.41902857,72.61765
-90,550,-103.0570143,68.01272
-90,550,-109.0096571,63.02162
-90,550,-115.2945,57.7528
-90,550,-121.9302,52.32729
-90,550,-128.9365571,46.87596
-90,550,-136.3346286,41.53371
-90,550,-144.1468571,36.43054
-90,550,-152.3971429,31.68089
-90,550,-161.1108571,27.37373
-90,550,-170.3151429,23.56606
-90,550,-180.0392857,20.28131
-90,550,-190.3141429,17.51257
-90,550,-201.1727143,15.22926
-90,550,-212.6504286,13.38511
-90,550,-224.785,11.92546
-90,550,-237.6167143,10.79288
-90,550,-251.1885714,9.930568
-90,550,-265.5465714,9.283785
-90,550,-280.7402857,8.800352
-90,550,-296.8224286,8.431187
-90,550,-313.8495714,8.132155
-90,550,-331.882,7.867912
-90,550,-350.9844286,7.617289
-90,550,-371.2255714,7.378442
-90,550,-392.6791429,7.171381
-90,550,-415.4231429,7.036735
-90,550,-439.5412857,7.032081
-90,550,-465.1222857,7.229206
-90,550,-492.2602857,7.71569
-90,550,-521.0557143,8.602206
-90,550,-551.6141429,10.03472
-90,550,-584.0478571,12.20935
-90,550,-618.4747143,15.38727
-90,550,-655.0187143,19.9073
-90,550,-693.8097143,26.19166
-90,550,-734.9834286,34.7339
-90,560,-29.35362857,56.26329
-90,560,-31.09777143,59.57303
-90,560,-32.94321429,63.06743
-90,560,-34.89598571,66.73716
-90,560,-36.96242857,70.55601
-90,560,-39.14914286,74.47919
-90,560,-41.46298571,78.44724
-90,560,-43.91107143,82.39299
-90,560,-46.50075714,86.24736
-90,560,-102.5839857,84.78499
-90,560,-108.4440857,78.9439
-90,560,-114.6243143,72.70788
-90,560,-121.1418286,66.23872
-90,560,-128.0148714,59.69449
-90,560,-135.2629,53.22578
-90,560,-142.9065714,46.9727
-90,560,-150.968,41.06116
-90,560,-159.4707143,35.59794
-90,560,-168.4398571,30.66532
-90,560,-177.9022857,26.31674
-90,560,-187.8862857,22.5753
-90,560,-198.4227143,19.43585
-90,560,-209.5438571,16.87047
-90,560,-221.2841429,14.83596
-90,560,-233.6804286,13.28199
-90,560,-246.772,12.15829
-90,560,-260.6002857,11.4201
-90,560,-275.2095714,11.03157
-90,560,-290.6472857,10.96706
-90,560,-306.963,11.21073
-90,560,-324.2101429,11.75432
-90,560,-342.4444286,12.59359
-90,560,-361.7252857,13.72329
-90,560,-382.115,15.13107
-90,560,-403.6792857,16.79063
-90,560,-426.4872857,18.65474
-90,560,-450.6114286,20.64931
-90,560,-476.1278571,22.66971
-90,560,-503.1168571,24.58186
-90,560,-531.663,26.23085
-90,560,-561.855,27.45989
-90,560,-593.7871429,28.13942
-90,560,-627.559,28.2005
-90,560,-663.276,27.6604
-90,560,-701.0501429,26.62708
-90,560,-741.0002857,25.27727
-90,560,-783.2525714,23.81627
-90,570,-25.05531429,44.20324
-90,570,-26.55664286,45.9409
-90,570,-28.14582857,47.74663
-90,570,-29.8281,49.61934
-90,570,-31.609,51.55198
-90,570,-33.49438571,53.53138
-90,570,-35.49044286,55.54018
-90,570,-37.60371429,57.55918
-90,570,-39.84098571,59.56836
-90,570,-42.20944286,61.54577
-90,570,-44.71654286,63.4646
-90,570,-47.37008571,65.2898
-90,570,-50.17822857,66.97578
-90,570,-53.14948571,68.4662
-90,570,-56.29277143,69.69618
-90,570,-59.61742857,70.59663
-90,570,-63.13322857,71.09997
-90,570,-66.85047143,71.14633
-90,570,-70.77994286,70.68929
-90,570,-74.93304286,69.70017
-90,570,-79.32178571,68.17033
-90,570,-83.95884286,66.1111
-90,570,-88.85767143,63.5518
-90,570,-94.03241429,60.53683
-90,570,-99.49812857,57.12285
-90,570,-105.2707143,53.37706
-90,570,-111.3670429,49.37679
-90,570,-117.805,45.20956
-90,570,-124.6036429,40.97247
-90,570,-131.7831857,36.76936
-90,570,-139.3651714,32.70518
-90,570,-147.3725714,28.87818
-90,570,-155.83,25.37158
-90,570,-164.7635714,22.24696
-90,570,-174.2011429,19.54093
-90,570,-184.1725714,17.26597
-90,570,-194.7095714,15.41445
-90,570,-205.8462857,13.96471
-90,570,-217.6187143,12.88742
-90,570,-230.0654286,12.15095
-90,570,-243.2272857,11.72506
-90,570,-257.1478571,11.58266
-90,570,-271.8734286,11.6997
-90,570,-287.4528571,12.05374
-90,570,-303.9381429,12.62169
-90,570,-321.3845714,13.37766
-90,570,-339.85,14.29151
-90,570,-359.3961429,15.32881
-90,570,-380.0882857,16.452
-90,570,-401.995,17.62225
-90,570,-425.1891429,18.80085
-90,570,-449.7477143,19.94951
-90,570,-475.7515714,21.02985
-90,570,-503.287,22.00355
-90,570,-532.4445714,22.83482
-90,570,-563.3201429,23.49609
-90,570,-596.0154286,23.976
-90,570,-630.6378571,24.28638
-90,570,-667.301,24.46488
-90,570,-706.1254286,24.57113
-90,580,-25.1001,44.82262
-90,580,-26.60327143,46.66192
-90,580,-28.19447143,48.57541
-90,580,-29.87892857,50.56083
-90,580,-31.66212857,52.60903
-90,580,-33.54988571,54.70379
-90,580,-35.54832857,56.82384
-90,580,-37.66384286,58.94549
-90,580,-39.90312857,61.04404
-90,580,-42.27318571,63.09268
-90,580,-44.78132857,65.05948
-90,580,-47.43521429,66.90375
-90,580,-50.2428,68.5736
-90,580,-53.21245714,70.00583
-90,580,-56.35294286,71.12889
-90,580,-59.67344286,71.86833
-90,580,-63.18364286,72.15414
-90,580,-66.89371429,71.92858
-90,580,-70.81437143,71.15304
-90,580,-74.95697143,69.81263
-90,580,-79.33348571,67.91739
-90,580,-83.95658571,65.50029
-90,580,-88.83968571,62.61247
-90,580,-93.99698571,59.31755
-90,580,-99.44354286,55.68652
-90,580,-105.1952429,51.79465
-90,580,-111.269,47.72067
-90,580,-117.6827143,43.54741
-90,580,-124.4554143,39.36242
-90,580,-131.6073857,35.25684
-90,580,-139.1602,31.32164
-90,580,-147.137,27.64151
-90,580,-155.5621429,24.28784
-90,580,-164.4621429,21.31289
-90,580,-173.8651429,18.74678
-90,580,-183.801,16.59811
-90,580,-194.3017143,14.85759
-90,580,-205.4015714,13.50349
-90,580,-217.137,12.50745
-90,580,-229.5468571,11.83934
-90,580,-242.672,11.47046
-90,580,-256.5565714,11.37495
-90,580,-271.247,11.52941
-90,580,-286.7924286,11.91125
-90,580,-303.2451429,12.49643
-90,580,-320.6605714,13.25747
-90,580,-339.0972857,14.16248
-90,580,-358.617,15.17591
-90,580,-379.2855714,16.26066
-90,580,-401.172,17.38088
-90,580,-424.3495714,18.5039
-90,580,-448.8955714,19.60051
-90,580,-474.892,20.64374
-90,580,-502.4248571,21.60743
-90,580,-531.5858571,22.46657
-90,580,-562.4711429,23.20063
-90,580,-595.183,23.79964
-90,580,-629.8291429,24.27049
-90,580,-666.5237143,24.6405
-90,580,-705.3875714,24.95584
-90,590,-24.917,44.3856
-90,590,-26.40851429,46.222
-90,590,-27.98734286,48.13246
-90,590,-29.65871429,50.11397
-90,590,-31.42811429,52.15648
-90,590,-33.30137143,54.24255
-90,590,-35.2846,56.34922
-90,590,-37.38422857,58.4506
-90,590,-39.607,60.51921
-90,590,-41.95992857,62.52504
-90,590,-44.45035714,64.43285
-90,590,-47.08597143,66.19899
-90,590,-49.87477143,67.76948
-90,590,-52.82512857,69.08051
-90,590,-55.94582857,70.06176
-90,590,-59.24602857,70.64219
-90,590,-62.73541429,70.75738
-90,590,-66.42412857,70.35718
-90,590,-70.32285714,69.41214
-90,590,-74.44291429,67.9174
-90,590,-78.79621429,65.89317
-90,590,-83.39538571,63.3816
-90,590,-88.25377143,60.4412
-90,590,-93.38552857,57.1402
-90,590,-98.80564286,53.55099
-90,590,-104.5299857,49.74689
-90,590,-110.5754143,45.80154
-90,590,-116.9598143,41.79014
-90,590,-123.7022,37.79092
-90,590,-130.8228286,33.88489
-90,590,-138.3432571,30.15312
-90,590,-146.2864286,26.67142
-90,590,-154.677,23.50405
-90,590,-163.541,20.69831
-90,590,-172.9065714,18.28164
-90,590,-182.8032857,16.26205
-90,590,-193.2631429,14.6314
-90,590,-204.3201429,13.37033
-90,590,-216.0102857,12.45359
-90,590,-228.372,11.85437
-90,590,-241.4462857,11.54732
-90,590,-255.2767143,11.50964
-90,590,-269.9094286,11.72062
-90,590,-285.3932857,12.15994
-90,590,-301.7802857,12.80534
-90,590,-319.1252857,13.6305
-90,590,-337.4867143,14.60398
-90,590,-356.9257143,15.68962
-90,590,-377.5078571,16.84844
-90,590,-399.3015714,18.04103
-90,590,-422.3797143,19.22938
-90,590,-446.8192857,20.37729
-90,590,-472.7014286,21.44973
-90,590,-500.112,22.41247
-90,590,-529.142,23.23397
-90,590,-559.8872857,23.89033
-90,590,-592.4495714,24.37251
-90,590,-626.9361429,24.69287
-90,590,-663.4607143,24.88774
-90,590,-702.1437143,25.01402
-90,600,-24.71561429,41.88256
-90,600,-26.19652857,43.51269
-90,600,-27.76421429,45.20472
-90,600,-29.42381429,46.95612
-90,600,-31.18077143,48.75865
-90,600,-33.04085714,50.59829
-90,600,-35.01015714,52.45703
-90,600,-37.09507143,54.31509
-90,600,-39.30232857,56.15188
-90,600,-41.63892857,57.94496
-90,600,-44.11225714,59.66741
-90,600,-46.72998571,61.28499
-90,600,-49.50015714,62.75438
-90,600,-52.4312,64.02353
-90,600,-55.53192857,65.03423
-90,600,-58.81157143,65.72637
-90,600,-62.27982857,66.04331
-90,600,-65.9469,65.93721
-90,600,-69.82351429,65.37363
-90,600,-73.92094286,64.3347
-90,600,-78.2511,62.82031
-90,600,-82.82658571,60.84745
-90,600,-87.66067143,58.44797
-90,600,-92.76745714,55.66568
-90,600,-98.16184286,52.55358
-90,600,-103.8596429,49.17218
-90,600,-109.8776571,45.58889
-90,600,-116.2337286,41.87814
-90,600,-122.9468,38.12101
-90,600,-130.0370286,34.40342
-90,600,-137.5259143,30.81217
-90,600,-145.4362857,27.42916
-90,600,-153.7924286,24.32502
-90,600,-162.6201429,21.55377
-90,600,-171.947,19.14995
-90,600,-181.8024286,17.12882
-90,600,-192.2177143,15.48929
-90,600,-203.226,14.21865
-90,600,-214.863,13.2977
-90,600,-227.1665714,12.70537
-90,600,-240.177,12.42193
-90,600,-253.9374286,12.43061
-90,600,-268.4932857,12.71747
-90,600,-283.8931429,13.2698
-90,600,-300.1882857,14.07325
-90,600,-317.4327143,15.10839
-90,600,-335.6837143,16.34722
-90,600,-355.0015714,17.75028
-90,600,-375.4495714,19.2648
-90,600,-397.0948571,20.82408
-90,600,-420.0077143,22.34821
-90,600,-444.2625714,23.74656
-90,600,-469.9378571,24.92331
-90,600,-497.1168571,25.78733
-90,600,-525.8871429,26.26696
-90,600,-556.3418571,26.32703
-90,600,-588.5795714,25.98237
-90,600,-622.7048571,25.3011
-90,600,-658.8287143,24.3944
-90,600,-697.0688571,23.3956
-100,220,-21.47321429,31.66882
-100,220,-22.76988571,31.92137
-100,220,-24.14438571,32.20648
-100,220,-25.60142857,32.55566
-100,220,-27.14607143,33.00101
-100,220,-28.78361429,33.57398
-100,220,-30.5197,34.30304
-100,220,-32.36028571,35.21025
-100,220,-34.31165714,36.30694
-100,220,-36.3804,37.58932
-100,220,-38.57347143,39.03481
-100,220,-40.89815714,40.60033
-100,220,-43.3621,42.22361
-100,220,-45.97338571,43.82814
-100,220,-48.74041429,45.33134
-100,220,-51.67208571,46.65437
-100,220,-54.7777,47.73116
-100,220,-58.06707143,48.5142
-100,220,-61.5505,48.9758
-100,220,-65.23887143,49.10502
-100,220,-69.14361429,48.902
-100,220,-73.27684286,48.37183
-100,220,-77.6513,47.52018
-100,220,-82.28048571,46.35169
-100,220,-87.17861429,44.87142
-100,220,-92.36074286,43.08897
-100,220,-97.8428,41.02388
-100,220,-103.6416571,38.71081
-100,220,-109.7751857,36.20261
-100,220,-116.2624286,33.57002
-100,220,-123.1236286,30.89722
-100,220,-130.3803429,28.27415
-100,220,-138.0556429,25.78723
-100,220,-146.1741429,23.51093
-100,220,-154.762,21.5021
-100,220,-163.8472857,19.79784
-100,220,-173.46,18.41663
-100,220,-183.6317143,17.36151
-100,220,-194.3964286,16.62392
-100,220,-205.7901429,16.18681
-100,220,-217.8508571,16.0264
-100,220,-230.6192857,16.11233
-100,220,-244.138,16.40673
-100,220,-258.4527143,16.86329
-100,220,-273.6114286,17.42774
-100,220,-289.6651429,18.04107
-100,220,-306.6677143,18.64608
-100,220,-324.6764286,19.19588
-100,220,-343.7517143,19.66197
-100,220,-363.9574286,20.03835
-100,220,-385.3615714,20.33994
-100,220,-408.0357143,20.59563
-100,220,-432.0558571,20.83842
-100,220,-457.5025714,21.09633
-100,220,-484.461,21.38647
-100,220,-513.0214286,21.71368
-100,220,-543.2792857,22.07319
-100,220,-575.336,22.45578
-100,220,-609.2987143,22.85284
-100,220,-645.281,23.25919
-100,240,-20.4137,27.84796
-100,240,-21.64957143,27.58345
-100,240,-22.96024286,27.33829
-100,240,-24.3503,27.1322
-100,240,-25.82464286,26.99022
-100,240,-27.38844286,26.94344
-100,240,-29.04727143,27.02802
-100,240,-30.80695714,27.28282
-100,240,-32.67372857,27.74594
-100,240,-34.65418571,28.45063
-100,240,-36.75524286,29.42036
-100,240,-38.98427143,30.66351
-100,240,-41.34898571,32.16781
-100,240,-43.85752857,33.89583
-100,240,-46.51845714,35.78318
-100,240,-49.34077143,37.74149
-100,240,-52.33391429,39.66707
-100,240,-55.50778571,41.45462
-100,240,-58.87282857,43.01221
-100,240,-62.43997143,44.27303
-100,240,-66.22071429,45.1995
-100,240,-70.22717143,45.77897
-100,240,-74.47207143,46.01313
-100,240,-78.9688,45.90595
-100,240,-83.73148571,45.45506
-100,240,-88.77502857,44.6495
-100,240,-94.11511429,43.47499
-100,240,-99.76834286,41.92469
-100,240,-105.7523286,40.01191
-100,240,-112.0857429,37.77989
-100,240,-118.7884,35.30485
-100,240,-125.8814571,32.69045
-100,240,-133.3874714,30.05505
-100,240,-141.3304714,27.51595
-100,240,-149.7361429,25.17509
-100,240,-158.6318571,23.10981
-100,240,-168.0468571,21.36978
-100,240,-178.0122857,19.97888
-100,240,-188.5611429,18.93999
-100,240,-199.7287143,18.24019
-100,240,-211.5525714,17.85477
-100,240,-224.0722857,17.74942
-100,240,-237.3301429,17.88081
-100,240,-251.3705714,18.1967
-100,240,-266.241,18.63701
-100,240,-281.9914286,19.13758
-100,240,-298.6748571,19.6368
-100,240,-316.3475714,20.08445
-100,240,-335.0687143,20.44959
-100,240,-354.9012857,20.72468
-100,240,-375.9117143,20.92372
-100,240,-398.1704286,21.07492
-100,240,-421.7521429,21.21073
-100,240,-446.7357143,21.35857
-100,240,-473.205,21.53498
-100,240,-501.2485714,21.74436
-100,240,-530.9604286,21.98176
-100,240,-562.4401429,22.238
-100,240,-595.7932857,22.50459
-100,240,-631.1317143,22.77646
-100,260,-20.53455714,27.7172
-100,260,-21.7778,27.49873
-100,260,-23.09621429,27.29842
-100,260,-24.49437143,27.13558
-100,260,-25.9772,27.03487
-100,260,-27.54985714,27.027
-100,260,-29.2179,27.14783
-100,260,-30.9872,27.43594
-100,260,-32.86398571,27.92918
-100,260,-34.85482857,28.6604
-100,260,-36.96671429,29.65262
-100,260,-39.207,30.91377
-100,260,-41.58344286,32.43158
-100,260,-44.10418571,34.16962
-100,260,-46.77782857,36.06615
-100,260,-49.61338571,38.03733
-100,260,-52.62032857,39.9856
-100,260,-55.80857143,41.81197
-100,260,-59.18852857,43.42897
-100,260,-62.77115714,44.77019
-100,260,-66.56792857,45.7931
-100,260,-70.59092857,46.47468
-100,260,-74.85281429,46.80229
-100,260,-79.36694286,46.76403
-100,260,-84.1474,46.34287
-100,260,-89.20901429,45.517
-100,260,-94.56742857,44.26712
-100,260,-100.2392286,42.58823
-100,260,-106.2419429,40.50222
-100,260,-112.5942,38.0662
-100,260,-119.3157857,35.37305
-100,260,-126.4277571,32.54285
-100,260,-133.9525143,29.70753
-100,260,-141.9139714,26.99339
-100,260,-150.3375714,24.50645
-100,260,-159.2505714,22.32398
-100,260,-168.682,20.49282
-100,260,-178.6627143,19.03303
-100,260,-189.2258571,17.94416
-100,260,-200.4064286,17.21179
-100,260,-212.2421429,16.81248
-100,260,-224.7727143,16.71655
-100,260,-238.0404286,16.88882
-100,260,-252.09,17.28794
-100,260,-266.969,17.86587
-100,260,-282.7274286,18.56862
-100,260,-299.4184286,19.33915
-100,260,-317.0977143,20.12248
-100,260,-335.8244286,20.87143
-100,260,-355.661,21.55084
-100,260,-376.6734286,22.13852
-100,260,-398.9314286,22.62241
-100,260,-422.5088571,22.99559
-100,260,-447.4837143,23.25171
-100,260,-473.9388571,23.38349
-100,260,-501.9618571,23.38537
-100,260,-531.646,23.25896
-100,260,-563.0895714,23.01868
-100,260,-596.3975714,22.69408
-100,260,-631.6807143,22.32721
-100,280,-22.69854286,41.34821
-100,280,-24.07324286,41.73255
-100,280,-25.5298,42.13483
-100,280,-27.07302857,42.57323
-100,280,-28.70802857,43.07253
-100,280,-30.44028571,43.66601
-100,280,-32.27564286,44.39539
-100,280,-34.22032857,45.30846
-100,280,-36.28092857,46.45393
-100,280,-38.46448571,47.87399
-100,280,-40.77841429,49.59509
-100,280,-43.23052857,51.61824
-100,280,-45.82907143,53.91026
-100,280,-48.58262857,56.39815
-100,280,-51.50017143,58.96906
-100,280,-54.59102857,61.47816
-100,280,-57.86491429,63.76449
-100,280,-61.3319,65.67248
-100,280,-65.0025,67.07337
-100,280,-68.8877,67.88019
-100,280,-72.99908571,68.05169
-100,280,-77.34887143,67.58508
-100,280,-81.95005714,66.50168
-100,280,-86.81644286,64.83203
-100,280,-91.96275714,62.60624
-100,280,-97.40468571,59.85288
-100,280,-103.1589,56.60593
-100,280,-109.2430857,52.91649
-100,280,-115.6760143,48.86364
-100,280,-122.4775571,44.55933
-100,280,-129.6687571,40.14366
-100,280,-137.2719714,35.77102
-100,280,-145.311,31.59078
-100,280,-153.8111429,27.7285
-100,280,-162.7994286,24.27279
-100,280,-172.3048571,21.27034
-100,280,-182.3585714,18.72853
-100,280,-192.9938571,16.62298
-100,280,-204.2464286,14.90663
-100,280,-216.1547143,13.51817
-100,280,-228.7598571,12.3885
-100,280,-242.1058571,11.4459
-100,280,-256.2392857,10.62091
-100,280,-271.2101429,9.852526
-100,280,-287.0714286,9.09591
-100,280,-303.8795714,8.330154
-100,280,-321.6951429,7.562641
-100,280,-340.5828571,6.826901
-100,280,-360.6128571,6.17389
-100,280,-381.8605714,5.660892
-100,280,-404.4082857,5.344425
-100,280,-428.3442857,5.28184
-100,280,-453.7641429,5.542714
-100,280,-480.77,6.228643
-100,280,-509.4707143,7.499869
-100,280,-539.981,9.608398
-100,280,-572.4212857,12.93827
-100,280,-606.9165714,18.05366
-100,280,-643.5964286,25.7521
-100,280,-682.5938571,37.10646
-100,300,-21.80624286,34.16534
-100,300,-23.12458571,34.28809
-100,300,-24.52178571,34.4284
-100,300,-26.00257143,34.60655
-100,300,-27.57201429,34.84831
-100,300,-29.23554286,35.18596
-100,300,-30.99892857,35.65754
-100,300,-32.86827143,36.30436
-100,300,-34.85007143,37.16654
-100,300,-36.95118571,38.27728
-100,300,-39.17881429,39.65609
-100,300,-41.54055714,41.30189
-100,300,-44.04441429,43.18694
-100,300,-46.69871429,45.25327
-100,300,-49.51225714,47.41346
-100,300,-52.49421429,49.5571
-100,300,-55.65418571,51.56314
-100,300,-59.00227143,53.31558
-100,300,-62.54902857,54.7186
-100,300,-66.30557143,55.70599
-100,300,-70.28355714,56.24233
-100,300,-74.49528571,56.31616
-100,300,-78.95368571,55.92849
-100,300,-83.67235714,55.08199
-100,300,-88.66564286,53.77501
-100,300,-93.94864286,52.00305
-100,300,-99.53728571,49.76732
-100,300,-105.4484143,47.08742
-100,300,-111.6998857,44.01345
-100,300,-118.3106857,40.63234
-100,300,-125.3011,37.065
-100,300,-132.6928286,33.45394
-100,300,-140.5091429,29.94485
-100,300,-148.775,26.66763
-100,300,-157.5171429,23.72223
-100,300,-166.7641429,21.17219
-100,300,-176.5464286,19.04573
-100,300,-186.8965714,17.34204
-100,300,-197.849,16.03948
-100,300,-209.4401429,15.10322
-100,300,-221.709,14.4904
-100,300,-234.6962857,14.15279
-100,300,-248.446,14.03718
-100,300,-263.0042857,14.08535
-100,300,-278.4205714,14.23521
-100,300,-294.7475714,14.42501
-100,300,-312.0412857,14.60115
-100,300,-330.3611429,14.72812
-100,300,-349.7707143,14.79701
-100,300,-370.3374286,14.82895
-100,300,-392.1331429,14.87165
-100,300,-415.2335714,14.99038
-100,300,-439.7192857,15.25727
-100,300,-465.6752857,15.74214
-100,300,-493.1915714,16.50654
-100,300,-522.3631429,17.60045
-100,300,-553.2902857,19.05994
-100,300,-586.079,20.90445
-100,300,-620.8408571,23.1323
-100,300,-657.6941429,25.71386
-100,320,-20.77441429,28.52363
-100,320,-22.03168571,28.3909
-100,320,-23.36492857,28.27909
-100,320,-24.77874286,28.2109
-100,320,-26.27808571,28.21331
-100,320,-27.86818571,28.31796
-100,320,-29.5546,28.55991
-100,320,-31.3432,28.97505
-100,320,-33.24022857,29.59638
-100,320,-35.25228571,30.44964
-100,320,-37.38631429,31.5485
-100,320,-39.64965714,32.88978
-100,320,-42.05008571,34.44947
-100,320,-44.59572857,36.18063
-100,320,-47.29518571,38.01482
-100,320,-50.15747143,39.86782
-100,320,-53.19205714,41.64949
-100,320,-56.4089,43.27568
-100,320,-59.81842857,44.67871
-100,320,-63.43162857,45.81289
-100,320,-67.26,46.65317
-100,320,-71.31567143,47.18774
-100,320,-75.61137143,47.40746
-100,320,-80.16047143,47.2965
-100,320,-84.97711429,46.82768
-100,320,-90.07617143,45.96499
-100,320,-95.47334286,44.67338
-100,320,-101.1852571,42.93361
-100,320,-107.2295143,40.75787
-100,320,-113.6248,38.20044
-100,320,-120.3909571,35.35901
-100,320,-127.5490857,32.36467
-100,320,-135.1216857,29.36356
-100,320,-143.1327143,26.4956
-100,320,-151.6078571,23.87687
-100,320,-160.5741429,21.58976
-100,320,-170.061,19.68152
-100,320,-180.0992857,18.1692
-100,320,-190.7224286,17.04766
-100,320,-201.9657143,16.29757
-100,320,-213.867,15.89153
-100,320,-226.4662857,15.79744
-100,320,-239.8062857,15.97958
-100,320,-253.9321429,16.39815
-100,320,-268.8915714,17.00862
-100,320,-284.7354286,17.76211
-100,320,-301.5168571,18.6076
-100,320,-319.2925714,19.4956
-100,320,-338.122,20.38217
-100,320,-358.0681429,21.23125
-100,320,-379.1974286,22.01412
-100,320,-401.5802857,22.7061
-100,320,-425.2908571,23.2823
-100,320,-450.408,23.71543
-100,320,-477.0148571,23.97806
-100,320,-505.1998571,24.04975
-100,320,-535.0565714,23.9267
-100,320,-566.6842857,23.62942
-100,320,-600.1882857,23.20406
-100,320,-635.68,22.71594
-100,340,-20.88254286,29.69623
-100,340,-22.1463,29.59659
-100,340,-23.48631429,29.51944
-100,340,-24.90722857,29.48939
-100,340,-26.414,29.53533
-100,340,-28.01187143,29.69072
-100,340,-29.70641429,29.99212
-100,340,-31.50355714,30.47628
-100,340,-33.40952857,31.17608
-100,340,-35.43095714,32.11583
-100,340,-37.57482857,33.30614
-100,340,-39.84851429,34.73918
-100,340,-42.25974286,36.38486
-100,340,-44.81668571,38.1896
-100,340,-47.52792857,40.07869
-100,340,-50.40248571,41.96323
-100,340,-53.4498,43.75085
-100,340,-56.67982857,45.35766
-100,340,-60.10301429,46.71803
-100,340,-63.7303,47.78879
-100,340,-67.57321429,48.54659
-100,340,-71.64388571,48.97982
-100,340,-75.95505714,49.07838
-100,340,-80.52014286,48.82528
-100,340,-85.35325714,48.19347
-100,340,-90.46927143,47.1496
-100,340,-95.8839,45.66425
-100,340,-101.6137143,43.7264
-100,340,-107.6763,41.35746
-100,340,-114.0903286,38.62011
-100,340,-120.8756429,35.61784
-100,340,-128.0534429,32.48418
-100,340,-135.6463143,29.36457
-100,340,-143.6784286,26.39606
-100,340,-152.1755714,23.69094
-100,340,-161.1652857,21.32773
-100,340,-170.6771429,19.35018
-100,340,-180.7425714,17.77231
-100,340,-191.3948571,16.58624
-100,340,-202.6697143,15.76994
-100,340,-214.6051429,15.29309
-100,340,-227.2411429,15.12013
-100,340,-240.6208571,15.21102
-100,340,-254.7894286,15.52049
-100,340,-269.7948571,15.99741
-100,340,-285.6884286,16.5859
-100,340,-302.524,17.22913
-100,340,-320.3588571,17.8758
-100,340,-339.2537143,18.48734
-100,340,-359.2725714,19.04312
-100,340,-380.4834286,19.54131
-100,340,-402.9581429,19.99478
-100,340,-426.7728571,20.42358
-100,340,-452.008,20.84693
-100,340,-478.7487143,21.27738
-100,340,-507.0852857,21.71892
-100,340,-537.113,22.16891
-100,340,-568.933,22.62251
-100,340,-602.6522857,23.07715
-100,340,-638.384,23.5349
-100,360,-26.55341429,50.39227
-100,360,-28.14051429,52.98951
-100,360,-29.82042857,55.69856
-100,360,-31.59864286,58.49332
-100,360,-33.4809,61.33235
-100,360,-35.47324286,64.15922
-100,360,-37.58205714,66.90829
-100,360,-39.81398571,69.51354
-100,360,-42.17598571,71.91669
-100,360,-44.67532857,74.07133
-100,360,-47.31961429,75.94196
-100,360,-50.11677143,77.49934
-100,360,-53.07511429,78.71442
-100,360,-56.20335714,79.55355
-100,360,-59.51067143,79.97672
-100,360,-63.00664286,79.93982
-100,360,-66.7014,79.40059
-100,360,-70.60561429,78.3269
-100,360,-74.7305,76.70531
-100,360,-79.08794286,74.54729
-100,360,-83.69047143,71.89104
-100,360,-88.55134286,68.7984
-100,360,-93.68458571,65.34763
-100,360,-99.10508571,61.62447
-100,360,-104.8285857,57.71391
-100,360,-110.8717857,53.69485
-100,360,-117.2523857,49.63824
-100,360,-123.9891714,45.60804
-100,360,-131.1020714,41.66359
-100,360,-138.6122857,37.86152
-100,360,-146.5422857,34.25609
-100,360,-154.9161429,30.89754
-100,360,-163.7594286,27.82909
-100,360,-173.0992857,25.08369
-100,360,-182.9647143,22.68174
-100,360,-193.3867143,20.6305
-100,360,-204.3981429,18.92514
-100,360,-216.0341429,17.55101
-100,360,-228.3318571,16.48641
-100,360,-241.3308571,15.70502
-100,360,-255.0728571,15.17767
-100,360,-269.6024286,14.87333
-100,360,-284.9664286,14.7594
-100,360,-301.2148571,14.80194
-100,360,-318.4002857,14.96647
-100,360,-336.5785714,15.2196
-100,360,-355.809,15.53193
-100,360,-376.1542857,15.8816
-100,360,-397.6807143,16.25733
-100,360,-420.4587143,16.65975
-100,360,-444.563,17.10017
-100,360,-470.0724286,17.59661
-100,360,-497.0705714,18.16825
-100,360,-525.6458571,18.8298
-100,360,-555.892,19.58744
-100,360,-587.9078571,20.43775
-100,360,-621.7982857,21.3699
-100,360,-657.674,22.37041
-100,360,-695.6522857,23.42849
-100,360,-735.8568571,24.53908
-100,380,-25.942,48.29089
-100,380,-27.49448571,50.58424
-100,380,-29.13785714,52.97182
-100,380,-30.87748571,55.43598
-100,380,-32.71908571,57.94734
-100,380,-34.66862857,60.4653
-100,380,-36.73244286,62.94281
-100,380,-38.91712857,65.33324
-100,380,-41.2296,67.59613
-100,380,-43.6771,69.6991
-100,380,-46.26715714,71.61547
-100,380,-49.00767143,73.31865
-100,380,-51.90687143,74.77585
-100,380,-54.97341429,75.94333
-100,380,-58.21631429,76.7652
-100,380,-61.64508571,77.17649
-100,380,-65.26971429,77.11064
-100,380,-69.10067143,76.50981
-100,380,-73.14905714,75.33582
-100,380,-77.42651429,73.57876
-100,380,-81.94537143,71.26068
-100,380,-86.71868571,68.4334
-100,380,-91.76024286,65.17132
-100,380,-97.08465714,61.56162
-100,380,-102.7074,57.69492
-100,380,-108.6448857,53.65878
-100,380,-114.9145,49.53482
-100,380,-121.5347,45.39905
-100,380,-128.5250857,41.32353
-100,380,-135.9064714,37.37757
-100,380,-143.701,33.62722
-100,380,-151.9324286,30.13278
-100,380,-160.6258571,26.94501
-100,380,-169.8081429,24.10159
-100,380,-179.5081429,21.62489
-100,380,-189.7562857,19.52184
-100,380,-200.5852857,17.7857
-100,380,-212.03,16.39916
-100,380,-224.127,15.3377
-100,380,-236.9157143,14.57251
-100,380,-250.4375714,14.0725
-100,380,-264.7367143,13.80517
-100,380,-279.8597143,13.73677
-100,380,-295.856,13.83221
-100,380,-312.7778571,14.05551
-100,380,-330.681,14.37139
-100,380,-349.6242857,14.74831
-100,380,-369.67,15.16231
-100,380,-390.8844286,15.60058
-100,380,-413.3377143,16.0632
-100,380,-437.1042857,16.56202
-100,380,-462.2625714,17.11665
-100,380,-488.8961429,17.74864
-100,380,-517.093,18.47556
-100,380,-546.9464286,19.30668
-100,380,-578.555,20.24147
-100,380,-612.0227143,21.2715
-100,380,-647.46,22.38493
-100,380,-684.983,23.57159
-100,380,-724.7148571,24.82617
-100,400,-25.93948571,47.85539
-100,400,-27.49224286,50.06451
-100,400,-29.13581429,52.36456
-100,400,-30.87561429,54.74208
-100,400,-32.71732857,57.17322
-100,400,-34.66701429,59.6242
-100,400,-36.731,62.05559
-100,400,-38.91594286,64.42852
-100,400,-41.22882857,66.7095
-100,400,-43.67692857,68.87166
-100,400,-46.26784286,70.89193
-100,400,-49.0095,72.74532
-100,400,-51.9102,74.39859
-100,400,-54.97861429,75.80545
-100,400,-58.2238,76.90509
-100,400,-61.65528571,77.62506
-100,400,-65.28304286,77.88823
-100,400,-69.11757143,77.62314
-100,400,-73.16991429,76.7752
-100,400,-77.4517,75.31621
-100,400,-81.97522857,73.24966
-100,400,-86.75347143,70.61045
-100,400,-91.80017143,67.45972
-100,400,-97.12985714,63.87669
-100,400,-102.7579429,59.95051
-100,400,-108.7007286,55.77398
-100,400,-114.9755286,51.44033
-100,400,-121.6006857,47.04218
-100,400,-128.5956857,42.6713
-100,400,-135.9812571,38.41744
-100,400,-143.7794286,34.36539
-100,400,-152.0138571,30.59052
-100,400,-160.7094286,27.15383
-100,400,-169.8931429,24.0982
-100,400,-179.5935714,21.44682
-100,400,-189.8411429,19.20422
-100,400,-200.6684286,17.35943
-100,400,-212.1101429,15.89026
-100,400,-224.2031429,14.76767
-100,400,-236.9864286,13.95929
-100,400,-250.5017143,13.43173
-100,400,-264.793,13.15151
-100,400,-279.9067143,13.08496
-100,400,-295.8924286,13.19768
-100,400,-312.8025714,13.45427
-100,400,-330.6925714,13.81919
-100,400,-349.6212857,14.25907
-100,400,-369.6512857,14.74634
-100,400,-390.8484286,15.26302
-100,400,-413.283,15.8031
-100,400,-437.0291429,16.37239
-100,400,-462.1654286,16.98536
-100,400,-488.775,17.65975
-100,400,-516.9457143,18.41078
-100,400,-546.7705714,19.24669
-100,400,-578.348,20.16706
-100,400,-611.7818571,21.16455
-100,400,-647.1818571,22.22916
-100,400,-684.6641429,23.35324
-100,400,-724.3515714,24.53454
-100,420,-25.87954286,46.80321
-100,420,-27.42915714,48.92901
-100,420,-29.06931429,51.14296
-100,420,-30.80541429,53.43439
-100,420,-32.64311429,55.78257
-100,420,-34.58845714,58.15693
-100,420,-36.6478,60.52112
-100,420,-38.8278,62.83905
-100,420,-41.13544286,65.07979
-100,420,-43.57804286,67.21928
-100,420,-46.16321429,69.23815
-100,420,-48.8989,71.11645
-100,420,-51.79344286,72.82745
-100,420,-54.85551429,74.33221
-100,420,-58.09421429,75.57679
-100,420,-61.51902857,76.49311
-100,420,-65.13997143,77.00391
-100,420,-68.96748571,77.03139
-100,420,-73.01258571,76.50784
-100,420,-77.28688571,75.38614
-100,420,-81.80258571,73.6473
-100,420,-86.5726,71.3034
-100,420,-91.61057143,68.39555
-100,420,-96.93095714,64.98816
-100,420,-102.5490429,61.16205
-100,420,-108.4810143,57.00851
-100,420,-114.7440286,52.62549
-100,420,-121.3563143,48.11578
-100,420,-128.3372,43.58548
-100,420,-135.7072571,39.14131
-100,420,-143.4884286,34.88586
-100,420,-151.7038571,30.91097
-100,420,-160.3787143,27.29109
-100,420,-169.5395714,24.07825
-100,420,-179.2145714,21.30027
-100,420,-189.4341429,18.96236
-100,420,-200.2305714,17.05145
-100,420,-211.6382857,15.54184
-100,420,-223.6938571,14.40075
-100,420,-236.4361429,13.59281
-100,420,-249.9064286,13.08281
-100,420,-264.1485714,12.83677
-100,420,-279.2088571,12.82163
-100,420,-295.1365714,13.0041
-100,420,-311.9835714,13.34948
-100,420,-329.8052857,13.82146
-100,420,-348.66,14.38342
-100,420,-368.6094286,15.00138
-100,420,-389.7191429,15.64791
-100,420,-412.0582857,16.30547
-100,420,-435.7002857,16.96753
-100,420,-460.7225714,17.6368
-100,420,-487.2071429,18.32096
-100,420,-515.241,19.02729
-100,420,-544.9155714,19.75861
-100,420,-576.3281429,20.51183
-100,420,-609.5811429,21.27996
-100,420,-644.7834286,22.05663
-100,420,-682.0494286,22.84077
-100,420,-721.501,23.63911
-100,440,-25.70551429,45.7905
-100,440,-27.2452,47.83194
-100,440,-28.87482857,49.9565
-100,440,-30.59971429,52.1543
-100,440,-32.4255,54.40638
-100,440,-34.35821429,56.68517
-100,440,-36.40414286,58.95841
-100,440,-38.56995714,61.19473
-100,440,-40.8626,63.36794
-100,440,-43.28935714,65.4581
-100,440,-45.85782857,67.44875
-100,440,-48.57597143,69.32156
-100,440,-51.45207143,71.05025
-100,440,-54.49478571,72.59562
-100,440,-57.71317143,73.90337
-100,440,-61.11672857,74.90533
-100,440,-64.71535714,75.5246
-100,440,-68.51951429,75.68351
-100,440,-72.54012857,75.31334
-100,440,-76.78874286,74.36343
-100,440,-81.27748571,72.80776
-100,440,-86.01918571,70.6478
-100,440,-91.0274,67.91142
-100,440,-96.31645714,64.64936
-100,440,-101.9015286,60.9308
-100,440,-107.7986857,56.83968
-100,440,-114.0249571,52.47234
-100,440,-120.5984286,47.93565
-100,440,-127.5383286,43.34446
-100,440,-134.8650571,38.81701
-100,440,-142.6003857,34.46801
-100,440,-150.7675714,30.40027
-100,440,-159.3912857,26.69677
-100,440,-168.4978571,23.41521
-100,440,-178.1157143,20.58624
-100,440,-188.2748571,18.21565
-100,440,-199.0072857,16.28943
-100,440,-210.3471429,14.7802
-100,440,-222.331,13.65362
-100,440,-234.9972857,12.87334
-100,440,-248.3875714,12.40425
-100,440,-262.5451429,12.21377
-100,440,-277.5164286,12.27146
-100,440,-293.3505714,12.54761
-100,440,-310.0995714,13.01154
-100,440,-327.8184286,13.63048
-100,440,-346.5652857,14.36975
-100,440,-366.402,15.19442
-100,440,-387.3932857,16.07199
-100,440,-409.6082857,16.97478
-100,440,-433.1195714,17.88083
-100,440,-458.0041429,18.77247
-100,440,-484.3432857,19.6333
-100,440,-512.223,20.44518
-100,440,-541.7341429,21.18743
-100,440,-572.973,21.83976
-100,440,-606.0412857,22.38852
-100,440,-641.0467143,22.83405
-100,440,-678.1031429,23.19556
-100,440,-717.3314286,23.5107
-100,450,-25.86194286,45.8135
-100,450,-27.41065714,47.88915
-100,450,-29.04971429,50.0497
-100,450,-30.78445714,52.28412
-100,450,-32.62058571,54.57246
-100,450,-34.5641,56.88649
-100,450,-36.6214,59.19395
-100,450,-38.79912857,61.46425
-100,450,-41.10432857,63.67287
-100,450,-43.54431429,65.80227
-100,450,-46.12672857,67.83892
-100,450,-48.85957143,69.76755
-100,450,-51.75115714,71.56465
-100,450,-54.8102,73.19306
-100,450,-58.04578571,74.59922
-100,450,-61.46742857,75.71392
-100,450,-65.08508571,76.45681
-100,450,-68.9092,76.74425
-100,450,-72.95072857,76.49908
-100,450,-77.2212,75.66046
-100,450,-81.73277143,74.19168
-100,450,-86.49824286,72.08447
-100,450,-91.53117143,69.35941
-100,450,-96.84587143,66.06351
-100,450,-102.4575,62.26634
-100,450,-108.3821286,58.05635
-100,450,-114.6367857,53.53792
-100,450,-121.2395286,48.82861
-100,450,-128.2095857,44.0553
-100,450,-135.5674,39.3482
-100,450,-143.3347143,34.83242
-100,450,-151.5347143,30.61853
-100,450,-160.1922857,26.79393
-100,450,-169.3335714,23.41737
-100,450,-178.987,20.5179
-100,450,-189.1825714,18.09788
-100,450,-199.9521429,16.13915
-100,450,-211.3301429,14.61035
-100,450,-223.3528571,13.47383
-100,450,-236.0588571,12.69105
-100,450,-249.4894286,12.22594
-100,450,-263.6882857,12.04614
-100,450,-278.7015714,12.12253
-100,450,-294.5784286,12.42751
-100,450,-311.371,12.93282
-100,450,-329.1342857,13.60761
-100,450,-347.9262857,14.41763
-100,450,-367.8085714,15.32595
-100,450,-388.846,16.29497
-100,450,-411.1071429,17.28888
-100,450,-434.6645714,18.27522
-100,450,-459.5945714,19.22492
-100,450,-485.9782857,20.11084
-100,450,-513.9011429,20.90632
-100,450,-543.4535714,21.58573
-100,450,-574.7314286,22.12818
-100,450,-607.8357143,22.52399
-100,450,-642.874,22.7814
-100,450,-679.9597143,22.92992
-100,450,-719.213,23.01802
-100,460,-25.93815714,46.53175
-100,460,-27.49144286,48.63745
-100,460,-29.1353,50.82898
-100,460,-30.87507143,53.09503
-100,460,-32.7165,55.41546
-100,460,-34.66562857,57.76208
-100,460,-36.72884286,60.10299
-100,460,-38.91287143,62.40841
-100,460,-41.22471429,64.65496
-100,460,-43.67177143,66.82638
-100,460,-46.26168571,68.91012
-100,460,-49.0025,70.89129
-100,460,-51.90254286,72.74572
-100,460,-54.97055714,74.4344
-100,460,-58.21567143,75.90074
-100,460,-61.64738571,77.0716
-100,460,-65.2757,77.86236
-100,460,-69.11107143,78.1853
-100,460,-73.16448571,77.96004
-100,460,-77.44748571,77.12372
-100,460,-81.97227143,75.63892
-100,460,-86.75167143,73.49771
-100,460,-91.79925714,70.72164
-100,460,-97.1294,67.35871
-100,460,-102.7572857,63.47934
-100,460,-108.699,59.17262
-100,460,-114.9716,54.54377
-100,460,-121.5932,49.71191
-100,460,-128.583,44.80671
-100,460,-135.9614857,39.96256
-100,460,-143.7504286,35.3099
-100,460,-151.9731429,30.96497
-100,460,-160.6542857,27.02029
-100,460,-169.8204286,23.53837
-100,460,-179.4998571,20.55005
-100,460,-189.7228571,18.05765
-100,460,-200.5215714,16.04131
-100,460,-211.9304286,14.46693
-100,460,-223.9858571,13.29358
-100,460,-236.7268571,12.47928
-100,460,-250.1947143,11.98457
-100,460,-264.4334286,11.77385
-100,460,-279.4892857,11.81491
-100,460,-295.4118571,12.07718
-100,460,-312.2532857,12.52972
-100,460,-330.0687143,13.13958
-100,460,-348.9168571,13.87165
-100,460,-368.8595714,14.69002
-100,460,-389.9621429,15.56084
-100,460,-412.2938571,16.45524
-100,460,-435.928,17.35102
-100,460,-460.9415714,18.23214
-100,460,-487.4165714,19.08606
-100,460,-515.4392857,19.90061
-100,460,-545.1012857,20.66209
-100,460,-576.499,21.3565
-100,460,-609.7348571,21.97391
-100,460,-644.9167143,22.51441
-100,460,-682.1592857,22.99267
-100,460,-721.5834286,23.43842
-100,470,-26.6601,48.36275
-100,470,-28.25505714,50.71927
-100,470,-29.94297143,53.18049
-100,470,-31.72934286,55.73462
-100,470,-33.61995714,58.35924
-100,470,-35.62094286,61.02165
-100,470,-37.73871429,63.68346
-100,470,-39.98004286,66.30693
-100,470,-42.35191429,68.8601
-100,470,-44.86167143,71.31793
-100,470,-47.51697143,73.65933
-100,470,-50.32577143,75.86092
-100,470,-53.29638571,77.89017
-100,470,-56.43751429,79.69971
-100,470,-59.75827143,81.22477
-100,470,-63.2682,82.38452
-100,470,-66.9773,83.08765
-100,470,-70.8961,83.24157
-100,470,-75.03568571,82.76385
-100,470,-79.4077,81.59355
-100,470,-84.02444286,79.70005
-100,470,-88.89892857,77.08759
-100,470,-94.04487143,73.79505
-100,470,-99.47681429,69.89175
-100,470,-105.2101429,65.47147
-100,470,-111.2611857,60.64639
-100,470,-117.6472429,55.54209
-100,470,-124.3866571,50.29332
-100,470,-131.4989714,45.03932
-100,470,-139.0049571,39.91768
-100,470,-146.9267143,35.05623
-100,470,-155.288,30.5641
-100,470,-164.114,26.52397
-100,470,-173.4314286,22.98746
-100,470,-183.2692857,19.97499
-100,470,-193.6581429,17.47986
-100,470,-204.6308571,15.47519
-100,470,-216.2221429,13.92203
-100,470,-228.4694286,12.77677
-100,470,-241.412,11.99678
-100,470,-255.0922857,11.54397
-100,470,-269.5548571,11.38593
-100,470,-284.8471429,11.49538
-100,470,-301.0194286,11.84811
-100,470,-318.125,12.4202
-100,470,-336.22,13.18521
-100,470,-355.3637143,14.11223
-100,470,-375.6191429,15.16519
-100,470,-397.0522857,16.30365
-100,470,-419.733,17.48452
-100,470,-443.735,18.6637
-100,470,-469.1361429,19.79696
-100,470,-496.0184286,20.84023
-100,470,-524.4687143,21.75051
-100,470,-554.5787143,22.48917
-100,470,-586.4455714,23.02825
-100,470,-620.1718571,23.35883
-100,470,-655.8662857,23.49794
-100,470,-693.644,23.49036
-100,470,-733.627,23.40325
-100,480,-25.89744286,46.99225
-100,480,-27.4492,49.11007
-100,480,-29.09155714,51.31509
-100,480,-30.82985714,53.5973
-100,480,-32.66972857,55.93773
-100,480,-34.61717143,58.30902
-100,480,-36.67847143,60.67951
-100,480,-38.86022857,63.01886
-100,480,-41.16935714,65.30223
-100,480,-43.6131,67.51099
-100,480,-46.19897143,69.6296
-100,480,-48.93484286,71.63988
-100,480,-51.82892857,73.51453
-100,480,-54.88982857,75.21203
-100,480,-58.12652857,76.67425
-100,480,-61.54844286,77.82763
-100,480,-65.16547143,78.58821
-100,480,-68.98795714,78.86981
-100,480,-73.02687143,78.59412
-100,480,-77.29368571,77.70053
-100,480,-81.80057143,76.15372
-100,480,-86.56037143,73.94747
-100,480,-91.58665714,71.10455
-100,480,-96.89378571,67.67366
-100,480,-102.4969429,63.72536
-100,480,-108.4122286,59.34855
-100,480,-114.6566429,54.64812
-100,480,-121.2482571,49.74308
-100,480,-128.2062286,44.76353
-100,480,-135.5509857,39.84506
-100,480,-143.3042857,35.12001
-100,480,-151.4891429,30.70693
-100,480,-160.1307143,26.70058
-100,480,-169.2551429,23.16505
-100,480,-178.891,20.13179
-100,480,-189.0685714,17.60258
-100,480,-199.8202857,15.55612
-100,480,-211.1807143,13.95616
-100,480,-223.1864286,12.75932
-100,480,-235.8767143,11.92116
-100,480,-249.2931429,11.39998
-100,480,-263.4797143,11.15825
-100,480,-278.4834286,11.16223
-100,480,-294.3538571,11.38036
-100,480,-311.1435714,11.78129
-100,480,-328.9081429,12.3325
-100,480,-347.7068571,13.00035
-100,480,-367.602,13.75176
-100,480,-388.6597143,14.5573
-100,480,-410.9501429,15.39426
-100,480,-434.5471429,16.24829
-100,480,-459.5292857,17.11274
-100,480,-485.979,17.98557
-100,480,-513.984,18.86534
-100,480,-543.6364286,19.74805
-100,480,-575.0341429,20.62653
-100,480,-608.2801429,21.49305
-100,480,-643.4834286,22.34401
-100,480,-680.759,23.18461
-100,480,-720.2288571,24.03088
-100,490,-25.66665714,44.63979
-100,490,-27.204,46.63828
-100,490,-28.83094286,48.71851
-100,490,-30.55278571,50.87103
-100,490,-32.37515714,53.07784
-100,490,-34.30405714,55.31295
-100,490,-36.34578571,57.54638
-100,490,-38.507,59.74955
-100,490,-40.79467143,61.89945
-100,490,-43.2161,63.97959
-100,490,-45.77888571,65.97732
-100,490,-48.491,67.87859
-100,490,-51.36072857,69.66189
-100,490,-54.39672857,71.29315
-100,490,-57.60804286,72.7229
-100,490,-61.00412857,73.88642
-100,490,-64.59487143,74.7071
-100,490,-68.39064286,75.10284
-100,490,-72.40231429,74.9945
-100,490,-76.64134286,74.31488
-100,490,-81.11974286,73.01678
-100,490,-85.85022857,71.07858
-100,490,-90.8462,68.50684
-100,490,-96.12185714,65.33629
-100,490,-101.6922143,61.62799
-100,490,-107.5731714,57.46696
-100,490,-113.7816143,52.95928
-100,490,-120.3354571,48.22862
-100,490,-127.2537714,43.41094
-100,490,-134.5568143,38.64677
-100,490,-142.2662,34.07127
-100,490,-150.405,29.80336
-100,490,-158.9975714,25.93637
-100,490,-168.0704286,22.53227
-100,490,-177.6511429,19.62077
-100,490,-187.7698571,17.20308
-100,490,-198.458,15.25884
-100,490,-209.7497143,13.75431
-100,490,-221.681,12.65016
-100,490,-234.2902857,11.9074
-100,490,-247.6184286,11.49118
-100,490,-261.709,11.37228
-100,490,-276.6082857,11.52666
-100,490,-292.365,11.93338
-100,490,-309.031,12.57168
-100,490,-326.6612857,13.41762
-100,490,-345.3135714,14.44132
-100,490,-365.0488571,15.60529
-100,490,-385.9315714,16.8642
-100,490,-408.0298571,18.16596
-100,490,-431.4152857,19.45324
-100,490,-456.1634286,20.66529
-100,490,-482.3541429,21.74011
-100,490,-510.0721429,22.61831
-100,490,-539.4064286,23.24986
-100,490,-570.4515714,23.60375
-100,490,-603.3078571,23.67803
-100,490,-638.081,23.50588
-100,490,-674.8835714,23.15383
-100,490,-713.8347143,22.71149
-100,500,-25.81125714,45.43657
-100,500,-27.35684286,47.50301
-100,500,-28.99251429,49.65906
-100,500,-30.72357143,51.89848
-100,500,-32.5557,54.20518
-100,500,-34.49492857,56.55287
-100,500,-36.5476,58.90856
-100,500,-38.72038571,61.23791
-100,500,-41.02028571,63.51007
-100,500,-43.45462857,65.6998
-100,500,-46.03102857,67.78626
-100,500,-48.75748571,69.74916
-100,500,-51.64228571,71.56381
-100,500,-54.69411429,73.19636
-100,500,-57.92201429,74.60061
-100,500,-61.33547143,75.71707
-100,500,-64.94437143,76.47483
-100,500,-68.75911429,76.79645
-100,500,-72.79061429,76.60536
-100,500,-77.05031429,75.83455
-100,500,-81.55031429,74.43516
-100,500,-86.30334286,72.38335
-100,500,-91.32287143,69.68427
-100,500,-96.62314286,66.37328
-100,500,-102.2192143,62.5147
-100,500,-108.1270857,58.19911
-100,500,-114.3636714,53.53959
-100,500,-120.9469571,48.66686
-100,500,-127.8960571,43.72266
-100,500,-135.2313,38.8511
-100,500,-142.9744286,34.1884
-100,500,-151.1484286,29.85236
-100,500,-159.778,25.93376
-100,500,-168.8894286,22.49141
-100,500,-178.5108571,19.55199
-100,500,-188.6722857,17.11407
-100,500,-199.4055714,15.15524
-100,500,-210.745,13.64024
-100,500,-222.7267143,12.52848
-100,500,-235.3894286,11.77993
-100,500,-248.7742857,11.3587
-100,500,-262.925,11.23438
-100,500,-277.8881429,11.3813
-100,500,-293.7127143,11.77634
-100,500,-310.4507143,12.39572
-100,500,-328.1572857,13.21186
-100,500,-346.8905714,14.19094
-100,500,-366.7121429,15.2923
-100,500,-387.6867143,16.46964
-100,500,-409.8827143,17.67367
-100,500,-433.3724286,18.85505
-100,500,-458.2322857,19.96648
-100,500,-484.5428571,20.96393
-100,500,-512.3892857,21.80774
-100,500,-541.8615714,22.46536
-100,500,-573.0551429,22.91631
-100,500,-606.071,23.15877
-100,500,-641.0158571,23.21467
-100,500,-678.0028571,23.13043
-100,500,-717.152,22.97156
-100,510,-25.9075,47.27978
-100,510,-27.45975714,49.41856
-100,510,-29.10262857,51.64682
-100,510,-30.84142857,53.95548
-100,510,-32.68182857,56.32612
-100,510,-34.62978571,58.73127
-100,510,-36.69161429,61.13835
-100,510,-38.87391429,63.51526
-100,510,-41.1836,65.83466
-100,510,-43.62788571,68.07503
-100,510,-46.21432857,70.21791
-100,510,-48.95078571,72.24263
-100,510,-51.84545714,74.12021
-100,510,-54.90692857,75.80849
-100,510,-58.1442,77.24977
-100,510,-61.56664286,78.37182
-100,510,-65.18417143,79.09249
-100,510,-69.00711429,79.32742
-100,510,-73.04642857,78.99959
-100,510,-77.31361429,78.04884
-100,510,-81.8208,76.43943
-100,510,-86.58085714,74.16413
-100,510,-91.60735714,71.24468
-100,510,-96.91467143,67.7294
-100,510,-102.5179571,63.6897
-100,510,-108.4333429,59.2169
-100,510,-114.6778143,54.41987
-100,510,-121.2694714,49.42265
-100,510,-128.2274857,44.36066
-100,510,-135.5722714,39.3741
-100,510,-143.3255714,34.59836
-100,510,-151.5107143,30.153
-100,510,-160.1525714,26.13165
-100,510,-169.2777143,22.59564
-100,510,-178.9145714,19.57273
-100,510,-189.0934286,17.06084
-100,510,-199.8471429,15.03527
-100,510,-211.21,13.45725
-100,510,-223.2192857,12.2819
-100,510,-235.914,11.46431
-100,510,-249.3361429,10.96331
-100,510,-263.53,10.74287
-100,510,-278.5425714,10.7715
-100,510,-294.4238571,11.02053
-100,510,-311.2267143,11.46173
-100,510,-329.0072857,12.06547
-100,510,-347.8248571,12.80001
-100,510,-367.7424286,13.63264
-100,510,-388.8265714,14.53225
-100,510,-411.1478571,15.47239
-100,510,-434.7807143,16.43336
-100,510,-459.8038571,17.40223
-100,510,-486.3007143,18.37057
-100,510,-514.359,19.33123
-100,510,-544.072,20.2758
-100,510,-575.5375714,21.19455
-100,510,-608.8594286,22.07934
-100,510,-644.147,22.92855
-100,510,-681.5161429,23.75155
-100,510,-721.089,24.57036
-100,520,-25.87785714,46.8961
-100,520,-27.42835714,49.03203
-100,520,-29.06935714,51.25643
-100,520,-30.8062,53.55867
-100,520,-32.64451429,55.91895
-100,520,-34.59027143,58.30881
-100,520,-36.64975714,60.69528
-100,520,-38.82957143,63.04654
-100,520,-41.13661429,65.33616
-100,520,-43.57807143,67.54402
-100,520,-46.1615,69.65331
-100,520,-48.89472857,71.64501
-100,520,-51.78598571,73.49165
-100,520,-54.84381429,75.15235
-100,520,-58.0772,76.57047
-100,520,-61.49554286,77.67472
-100,520,-65.10871429,78.38381
-100,520,-68.92705714,78.6142
-100,520,-72.9615,78.28965
-100,520,-77.22352857,77.35067
-100,520,-81.72528571,75.76196
-100,520,-86.4796,73.51645
-100,520,-91.50001429,70.63554
-100,520,-96.80087143,67.16669
-100,520,-102.3973429,63.17984
-100,520,-108.3054857,58.76429
-100,520,-114.5423143,54.02645
-100,520,-121.1258714,49.0878
-100,520,-128.0753143,44.08147
-100,520,-135.4110714,39.14597
-100,520,-143.1548571,34.41586
-100,520,-151.33,30.01065
-100,520,-159.9611429,26.02455
-100,520,-169.0748571,22.51979
-100,520,-178.6997143,19.5251
-100,520,-188.8658571,17.03928
-100,520,-199.6058571,15.03837
-100,520,-210.9541429,13.48424
-100,520,-222.9477143,12.33268
-100,520,-235.6257143,11.53949
-100,520,-249.0297143,11.06427
-100,520,-263.204,10.87178
-100,520,-278.1955714,10.93134
-100,520,-294.0542857,11.2149
-100,520,-310.8328571,11.69468
-100,520,-328.587,12.34111
-100,520,-347.376,13.12198
-100,520,-367.2624286,14.00347
-100,520,-388.3124286,14.95245
-100,520,-410.5961429,15.93941
-100,520,-434.1875714,16.94038
-100,520,-459.1648571,17.93685
-100,520,-485.6105714,18.91375
-100,520,-513.6122857,19.85664
-100,520,-543.2621429,20.75025
-100,520,-574.6577143,21.57967
-100,520,-607.902,22.33472
-100,520,-643.1038571,23.01568
-100,520,-680.3782857,23.63782
-100,520,-719.8471429,24.23206
-100,530,-26.01667143,46.119
-100,530,-27.57474286,48.25991
-100,530,-29.22371429,50.49212
-100,530,-30.96891429,52.80592
-100,530,-32.81604286,55.18224
-100,530,-34.77105714,57.59312
-100,530,-36.84028571,60.00576
-100,530,-39.03031429,62.38805
-100,530,-41.34805714,64.71289
-100,530,-43.80075714,66.95898
-100,530,-46.39591429,69.10772
-100,530,-49.14141429,71.13766
-100,530,-52.04544286,73.01837
-100,530,-55.1166,74.70571
-100,530,-58.36384286,76.14002
-100,530,-61.79658571,77.24771
-100,530,-65.42471429,77.94644
-100,530,-69.2586,78.15301
-100,530,-73.30912857,77.79263
-100,530,-77.5878,76.80785
-100,530,-82.10674286,75.16537
-100,530,-86.87874286,72.85962
-100,530,-91.91731429,69.91321
-100,530,-97.23678571,66.37504
-100,530,-102.8522714,62.31749
-100,530,-108.7798429,57.83384
-100,530,-115.0365286,53.03596
-100,530,-121.6404286,48.05147
-100,530,-128.6107857,43.01902
-100,530,-135.9680857,38.08072
-100,530,-143.7341429,33.37191
-100,530,-151.9324286,29.00996
-100,530,-160.5877143,25.08469
-100,530,-169.7264286,21.65282
-100,530,-179.3771429,18.73767
-100,530,-189.57,16.33364
-100,530,-200.3375714,14.41404
-100,530,-211.714,12.93991
-100,530,-223.7362857,11.86818
-100,530,-236.4435714,11.15783
-100,530,-249.8777143,10.77377
-100,530,-264.083,10.68832
-100,530,-279.1067143,10.88072
-100,530,-294.9988571,11.33511
-100,530,-311.8121429,12.03725
-100,530,-329.6025714,12.97078
-100,530,-348.4292857,14.11334
-100,530,-368.3542857,15.43339
-100,530,-389.4432857,16.88787
-100,530,-411.7652857,18.42117
-100,530,-435.3931429,19.96507
-100,530,-460.4038571,21.44022
-100,530,-486.8784286,22.75999
-100,530,-514.9025714,23.83822
-100,530,-544.5665714,24.60164
-100,530,-575.9664286,25.00542
-100,530,-609.2032857,25.04722
-100,530,-644.3847143,24.77341
-100,530,-681.6241429,24.27369
-100,530,-721.0424286,23.66489
-100,540,-26.39952857,50.56203
-100,540,-27.98048571,52.97638
-100,540,-29.65354286,55.49626
-100,540,-31.42408571,58.10981
-100,540,-33.29788571,60.79373
-100,540,-35.281,63.51346
-100,540,-37.37985714,66.22777
-100,540,-39.60115714,68.89549
-100,540,-41.95191429,71.48106
-100,540,-44.43947143,73.95636
-100,540,-47.07145714,76.29816
-100,540,-49.85581429,78.48218
-100,540,-52.80084286,80.47607
-100,540,-55.9152,82.2335
-100,540,-59.20794286,83.69107
-100,540,-62.68857143,84.76923
-100,540,-66.36704286,85.37768
-100,540,-70.25382857,85.42441
-100,540,-74.36,84.82718
-100,540,-78.69717143,83.52475
-100,540,-83.27767143,81.48557
-100,540,-88.11447143,78.7121
-100,540,-93.2213,75.24043
-100,540,-98.6127,71.13661
-100,540,-104.3040429,66.49143
-100,540,-110.3116,61.41579
-100,540,-116.6526429,56.03692
-100,540,-123.3454857,50.49502
-100,540,-130.4096429,44.93849
-100,540,-137.8659,39.51657
-100,540,-145.7364286,34.36929
-100,540,-154.045,29.61631
-100,540,-162.817,25.34726
-100,540,-172.0797143,21.61612
-100,540,-181.862,18.44103
-100,540,-192.1952857,15.8091
-100,540,-203.1125714,13.68474
-100,540,-214.6497143,12.01895
-100,540,-226.8442857,10.75797
-100,540,-239.7368571,9.849901
-100,540,-253.3704286,9.248974
-100,540,-267.7907143,8.917594
-100,540,-283.0464286,8.826732
-100,540,-299.1892857,8.955162
-100,540,-316.2742857,9.288104
-100,540,-334.3602857,9.815658
-100,540,-353.5092857,10.53128
-100,540,-373.7874286,11.43027
-100,540,-395.2645714,12.50807
-100,540,-418.0151429,13.7578
-100,540,-442.1174286,15.1667
-100,540,-467.6544286,16.71167
-100,540,-494.7137143,18.35483
-100,540,-523.3877143,20.0418
-100,540,-553.7735714,21.70532
-100,540,-585.9738571,23.27635
-100,540,-620.097,24.7013
-100,540,-656.2564286,25.96041
-100,540,-694.5725714,27.07974
-100,540,-735.1717143,28.13178
-100,550,-26.94802857,50.49652
-100,550,-28.56007143,52.96972
-100,550,-30.26605714,55.55339
-100,550,-32.07152857,58.23493
-100,550,-33.98235714,60.99003
-100,550,-36.00472857,63.78285
-100,550,-38.14512857,66.57074
-100,550,-40.41038571,69.31102
-100,550,-42.80757143,71.96659
-100,550,-45.3441,74.50759
-100,550,-48.02771429,76.90855
-100,550,-50.86642857,79.14229
-100,550,-53.86865714,81.17275
-100,550,-57.04317143,82.9493
-100,550,-60.39917143,84.40408
-100,550,-63.94627143,85.45378
-100,550,-67.69461429,86.00579
-100,550,-71.6548,85.96832
-100,550,-75.83805714,85.26261
-100,550,-80.25618571,83.83458
-100,550,-84.92167143,81.66338
-100,550,-89.8477,78.76474
-100,550,-95.0482,75.18901
-100,550,-100.5379286,71.01522
-100,550,-106.3325143,66.34379
-100,550,-112.4485286,61.28999
-100,550,-118.9034857,55.97952
-100,550,-125.7160571,50.54544
-100,550,-132.9060571,45.12499
-100,550,-140.4945857,39.85453
-100,550,-148.5041429,34.86188
-100,550,-156.9588571,30.25709
-100,550,-165.8842857,26.12386
-100,550,-175.3078571,22.51413
-100,550,-185.259,19.44742
-100,550,-195.7688571,16.91485
-100,550,-206.871,14.88652
-100,550,-218.6011429,13.32021
-100,550,-230.9974286,12.16939
-100,550,-244.1001429,11.38948
-100,550,-257.9525714,10.94166
-100,550,-272.6007143,10.7944
-100,550,-288.0928571,10.92292
-100,550,-304.481,11.30715
-100,550,-321.8194286,11.92864
-100,550,-340.1662857,12.7671
-100,550,-359.5825714,13.7974
-100,550,-380.1328571,14.98755
-100,550,-401.8855714,16.29816
-100,550,-424.9125714,17.68321
-100,550,-449.29,19.09157
-100,550,-475.0981429,20.46865
-100,550,-502.422,21.75837
-100,550,-531.3508571,22.90607
-100,550,-561.9794286,23.86387
-100,550,-594.4078571,24.59838
-100,550,-628.7415714,25.09954
-100,550,-665.0925714,25.38707
-100,550,-703.579,25.51133
-100,550,-744.3261429,25.54713
-100,560,-26.89778571,50.4983
-100,560,-28.506,53.02176
-100,560,-30.20792857,55.65929
-100,560,-32.00908571,58.39685
-100,560,-33.91534286,61.20812
-100,560,-35.93282857,64.05478
-100,560,-38.06804286,66.89134
-100,560,-40.32774286,69.67223
-100,560,-42.71898571,72.35758
-100,560,-45.24912857,74.91498
-100,560,-47.92584286,77.31646
-100,560,-50.75714286,79.53213
-100,560,-53.75134286,81.52297
-100,560,-56.91715714,83.23518
-100,560,-60.26374286,84.59807
-100,560,-63.80067143,85.52659
-100,560,-67.53798571,85.92838
-100,560,-71.48627143,85.71464
-100,560,-75.6567,84.81262
-100,560,-80.06102857,83.17714
-100,560,-84.71168571,80.79825
-100,560,-89.62181429,77.70349
-100,560,-94.80532857,73.95469
-100,560,-100.2769286,69.64096
-100,560,-106.0522286,64.8705
-100,560,-112.1477143,59.76351
-100,560,-118.5809429,54.44727
-100,560,-125.3705,49.05297
-100,560,-132.5362143,43.71258
-100,560,-140.0991714,38.55425
-100,560,-148.0818571,33.69573
-100,560,-156.5082857,29.23634
-100,560,-165.4041429,25.24984
-100,560,-174.7968571,21.7801
-100,560,-184.7157143,18.84107
-100,560,-195.192,16.42089
-100,560,-206.2591429,14.48891
-100,560,-217.9527143,13.00382
-100,560,-230.311,11.92107
-100,560,-243.3742857,11.19855
-100,560,-257.1858571,10.80003
-100,560,-271.7912857,10.69645
-100,560,-287.2392857,10.86521
-100,560,-303.5812857,11.28799
-100,560,-320.8721429,11.94759
-100,560,-339.1694286,12.82443
-100,560,-358.5341429,13.89338
-100,560,-379.0308571,15.1218
-100,560,-400.7278571,16.46904
-100,560,-423.6968571,17.88733
-100,560,-448.0138571,19.32343
-100,560,-473.7591429,20.72061
-100,560,-501.0172857,22.02072
-100,560,-529.8777143,23.1676
-100,560,-560.435,24.11257
-100,560,-592.7887143,24.82256
-100,560,-627.0445714,25.28892
-100,560,-663.3141429,25.53377
-100,560,-701.7155714,25.61028
-100,560,-742.3735714,25.59606
-100,570,-26.26674286,48.82555
-100,570,-27.83861429,51.15576
-100,570,-29.50221429,53.58588
-100,570,-31.26294286,56.10241
-100,570,-33.1265,58.68091
-100,570,-35.09895714,61.28638
-100,570,-37.18661429,63.8779
-100,570,-39.39615714,66.41519
-100,570,-41.73448571,68.86387
-100,570,-44.20885714,71.19691
-100,570,-46.82684286,73.39172
-100,570,-49.5963,75.42398
-100,570,-52.52545714,77.26071
-100,570,-55.62292857,78.85459
-100,570,-58.89774286,80.14174
-100,570,-62.35931429,81.04363
-100,570,-66.01761429,81.47372
-100,570,-69.88307143,81.3477
-100,570,-73.96668571,80.59551
-100,570,-78.2801,79.17232
-100,570,-82.83555714,77.0659
-100,570,-87.64605714,74.29852
-100,570,-92.7253,70.92367
-100,570,-98.08784286,67.01919
-100,570,-103.7490571,62.67967
-100,570,-109.7252429,58.01019
-100,570,-116.0336429,53.12251
-100,570,-122.6926,48.13294
-100,570,-129.7215714,43.16035
-100,570,-137.1413143,38.3226
-100,570,-144.9738571,33.73066
-100,570,-153.243,29.48114
-100,570,-161.9737143,25.64907
-100,570,-171.1931429,22.28305
-100,570,-180.93,19.40415
-100,570,-191.215,17.00876
-100,570,-202.0812857,15.07428
-100,570,-213.5637143,13.56613
-100,570,-225.6997143,12.44443
-100,570,-238.529,11.66925
-100,570,-252.0938571,11.20394
-100,570,-266.4392857,11.01638
-100,570,-281.6125714,11.07854
-100,570,-297.6645714,11.36484
-100,570,-314.6485714,11.84994
-100,570,-332.6214286,12.50685
-100,570,-351.643,13.30599
-100,570,-371.7771429,14.21589
-100,570,-393.091,15.20505
-100,570,-415.6555714,16.24443
-100,570,-439.5464286,17.3091
-100,570,-464.8428571,18.37819
-100,570,-491.6288571,19.43321
-100,570,-519.9934286,20.45585
-100,570,-550.0302857,21.42712
-100,570,-581.8384286,22.32918
-100,570,-615.5224286,23.15022
-100,570,-651.1931429,23.89048
-100,570,-688.9671429,24.56684
-100,570,-728.9682857,25.21329
-100,580,-25.62657143,46.61749
-100,580,-27.16075714,48.77729
-100,580,-28.78457143,51.02658
-100,580,-30.50331429,53.35269
-100,580,-32.32254286,55.73314
-100,580,-34.24817143,58.13609
-100,580,-36.28638571,60.52453
-100,580,-38.44365714,62.86197
-100,580,-40.7268,65.11684
-100,580,-43.14288571,67.26339
-100,580,-45.69932857,69.27866
-100,580,-48.40382857,71.13701
-100,580,-51.26448571,72.80425
-100,580,-54.28972857,74.23338
-100,580,-57.4884,75.36365
-100,580,-60.8698,76.12338
-100,580,-64.4437,76.43655
-100,580,-68.22034286,76.232
-100,580,-72.21055714,75.45345
-100,580,-76.42578571,74.06799
-100,580,-80.87808571,72.07103
-100,580,-85.58022857,69.48678
-100,580,-90.54572857,66.36464
-100,580,-95.78885714,62.77322
-100,580,-101.3247714,58.79431
-100,580,-107.1694857,54.51832
-100,580,-113.34,50.0419
-100,580,-119.8543429,45.46682
-100,580,-126.7317,40.89862
-100,580,-133.9924429,36.44355
-100,580,-141.6583286,32.20314
-100,580,-149.7525714,28.26719
-100,580,-158.3,24.70686
-100,580,-167.327,21.56984
-100,580,-176.8621429,18.87899
-100,580,-186.9354286,16.63449
-100,580,-197.5791429,14.81882
-100,580,-208.828,13.403
-100,580,-220.7184286,12.35263
-100,580,-233.2897143,11.63275
-100,580,-246.5831429,11.2109
-100,580,-260.643,11.05834
-100,580,-275.5158571,11.14962
-100,580,-291.2514286,11.46099
-100,580,-307.9024286,11.96825
-100,580,-325.5244286,12.64491
-100,580,-344.1764286,13.46125
-100,580,-363.9208571,14.38504
-100,580,-384.8238571,15.38342
-100,580,-406.955,16.42553
-100,580,-430.3884286,17.48419
-100,580,-455.2021429,18.53613
-100,580,-481.4784286,19.56047
-100,580,-509.3047143,20.53681
-100,580,-538.7727143,21.44473
-100,580,-569.9798571,22.26598
-100,580,-603.0291429,22.98957
-100,580,-638.0288571,23.61777
-100,580,-675.0942857,24.17031
-100,580,-714.3465714,24.68422
-100,590,-25.62797143,46.55275
-100,590,-27.16181429,48.73521
-100,590,-28.7853,51.00894
-100,590,-30.50368571,53.36068
-100,590,-32.32255714,55.76676
-100,590,-34.24778571,58.19352
-100,590,-36.28555714,60.60134
-100,590,-38.44232857,62.95058
-100,590,-40.72488571,65.20629
-100,590,-43.14028571,67.33952
-100,590,-45.6959,69.3248
-100,590,-48.39944286,71.13515
-100,590,-51.25895714,72.73641
-100,590,-54.28288571,74.08318
-100,590,-57.48007143,75.1177
-100,590,-60.85977143,75.77236
-100,590,-64.43175714,75.97588
-100,590,-68.20627143,75.6621
-100,590,-72.19415714,74.77972
-100,590,-76.40684286,73.30068
-100,590,-80.85637143,71.22518
-100,590,-85.55554286,68.58201
-100,590,-90.51785714,65.42481
-100,590,-95.75761429,61.82564
-100,590,-101.2899714,57.86828
-100,590,-107.1309571,53.64312
-100,590,-113.2975857,49.2443
-100,590,-119.8079286,44.76865
-100,590,-126.6811571,40.31478
-100,590,-133.9377143,35.98093
-100,590,-141.5993429,31.86063
-100,590,-149.6892857,28.03685
-100,590,-158.2322857,24.57583
-100,590,-167.255,21.52265
-100,590,-176.7855714,18.89973
-100,590,-186.8542857,16.70855
-100,590,-197.4934286,14.93397
-100,590,-208.7374286,13.5499
-100,590,-220.6228571,12.52482
-100,590,-233.1887143,11.82634
-100,590,-246.4765714,11.42406
-100,590,-260.5302857,11.29075
-100,590,-275.3967143,11.40179
-100,590,-291.1252857,11.73365
-100,590,-307.7685714,12.26175
-100,590,-325.382,12.95861
-100,590,-344.0245714,13.79323
-100,590,-363.7584286,14.7319
-100,590,-384.6494286,15.74046
-100,590,-406.767,16.78694
-100,590,-430.185,17.84329
-100,590,-454.9808571,18.88528
-100,590,-481.2368571,19.89076
-100,590,-509.0397143,20.83763
-100,590,-538.4814286,21.70346
-100,590,-569.6585714,22.46835
-100,590,-602.674,23.12062
-100,590,-637.6357143,23.66344
-100,590,-674.6585714,24.11901
-100,590,-713.8638571,24.528
-100,600,-25.6232,47.2356
-100,600,-27.15647143,49.47032
-100,600,-28.77934286,51.79801
-100,600,-30.49711429,54.20348
-100,600,-32.31535714,56.66076
-100,600,-34.23994286,59.13362
-100,600,-36.27704286,61.57994
-100,600,-38.43311429,63.95813
-100,600,-40.7149,66.23201
-100,600,-43.12948571,68.37219
-100,600,-45.6842,70.35325
-100,600,-48.38674286,72.14797
-100,600,-51.24514286,73.72113
-100,600,-54.26781429,75.0249
-100,600,-57.46358571,75.99777
-100,600,-60.84172857,76.56782
-100,600,-64.41197143,76.66025
-100,600,-68.18457143,76.20795
-100,600,-72.17038571,75.16279
-100,600,-76.38084286,73.50469
-100,600,-80.82802857,71.24605
-100,600,-85.52474286,68.43037
-100,600,-90.48452857,65.12579
-100,600,-95.72172857,61.41605
-100,600,-101.2515429,57.3918
-100,600,-107.0900429,53.14458
-100,600,-113.2543,48.76427
-100,600,-119.7623857,44.33932
-100,600,-126.6335286,39.95763
-100,600,-133.8882143,35.70639
-100,600,-141.5482286,31.66946
-100,600,-149.6368571,27.92251
-100,600,-158.179,24.5273
-100,600,-167.2012857,21.52694
-100,600,-176.732,18.94372
-100,600,-186.8015714,16.78008
-100,600,-197.4424286,15.02221
-100,600,-208.6891429,13.64517
-100,600,-220.5782857,12.61811
-100,600,-233.1491429,11.90859
-100,600,-246.4432857,11.48538
-100,600,-260.5045714,11.31958
-100,600,-275.38,11.38427
-100,600,-291.1191429,11.65324
-100,600,-307.7745714,12.09939
-100,600,-325.4021429,12.69381
-100,600,-344.061,13.40605
-100,600,-363.8138571,14.20598
-100,600,-384.727,15.06665
-100,600,-406.8705714,15.96708
-100,600,-430.3192857,16.89347
-100,600,-455.1514286,17.83797
-100,600,-481.4501429,18.79549
-100,600,-509.3032857,19.75975
-100,600,-538.8037143,20.72076
-100,600,-570.0492857,21.66546
-100,600,-603.1437143,22.58169
-100,600,-638.1961429,23.46442
-100,600,-675.3224286,24.32116
-100,600,-714.6444286,25.17399
-100,620,-25.53888571,47.0466
-100,620,-27.06645714,49.28978
-100,620,-28.68334286,51.62474
-100,620,-30.3948,54.03347
-100,620,-32.20637143,56.48674
-100,620,-34.12387143,58.94455
-100,620,-36.15344286,61.36063
-100,620,-38.30145714,63.68883
-100,620,-40.57462857,65.88815
-100,620,-42.97994286,67.92423
-100,620,-45.52471429,69.76682
-100,620,-48.21657143,71.38476
-100,620,-51.06352857,72.7407
-100,620,-54.07394286,73.78789
-100,620,-57.25662857,74.47044
-100,620,-60.62084286,74.72749
-100,620,-64.1763,74.50085
-100,620,-67.93327143,73.74438
-100,620,-71.90261429,72.43296
-100,620,-76.09575714,70.56848
-100,620,-80.52482857,68.18112
-100,620,-85.20265714,65.32548
-100,620,-90.14281429,62.07291
-100,620,-95.35967143,58.50263
-100,620,-100.8684571,54.69416
-100,620,-106.6853286,50.72315
-100,620,-112.8273857,46.6609
-100,620,-119.3128,42.57645
-100,620,-126.1608571,38.53926
-100,620,-133.3920857,34.62036
-100,620,-141.0283857,30.89075
-100,620,-149.0931429,27.41712
-100,620,-157.611,24.25629
-100,620,-166.609,21.45013
-100,620,-176.1151429,19.02279
-100,620,-186.16,16.98083
-100,620,-196.7758571,15.31594
-100,620,-207.997,14.00921
-100,620,-219.8604286,13.0357
-100,620,-232.405,12.36843
-100,620,-245.6722857,11.98089
-100,620,-259.7062857,11.84827
-100,620,-274.5538571,11.94713
-100,620,-290.2642857,12.25429
-100,620,-306.8905714,12.7453
-100,620,-324.488,13.39332
-100,620,-343.1158571,14.16907
-100,620,-362.8364286,15.04213
-100,620,-383.7158571,15.98326
-100,620,-405.8241429,16.96674
-100,620,-429.2351429,17.97141
-100,620,-454.0271429,18.97982
-100,620,-480.2827143,19.97566
-100,620,-508.0894286,20.94107
-100,620,-537.5394286,21.85574
-100,620,-568.7302857,22.69938
-100,620,-601.7652857,23.45757
-100,620,-636.7534286,24.1288
-100,620,-673.8098571,24.72961
-100,620,-713.0567143,25.29495
-100,640,-25.18352857,46.76963
-100,640,-26.6888,49.11886
-100,640,-28.28212857,51.56712
-100,640,-29.96865714,54.09173
-100,640,-31.75385714,56.65617
-100,640,-33.64345714,59.21002
-100,640,-35.64348571,61.69352
-100,640,-37.76025714,64.04473
-100,640,-40.00037143,66.20614
-100,640,-42.37072857,68.12808
-100,640,-44.87852857,69.76836
-100,640,-47.53131429,71.08922
-100,640,-50.33697143,72.05376
-100,640,-53.30378571,72.62364
-100,640,-56.44042857,72.75958
-100,640,-59.75601429,72.4246
-100,640,-63.26018571,71.5898
-100,640,-66.96305714,70.24103
-100,640,-70.87535714,68.3847
-100,640,-75.0084,66.05068
-100,640,-79.3742,63.29124
-100,640,-83.98544286,60.17581
-100,640,-88.85558571,56.78323
-100,640,-93.99891429,53.19343
-100,640,-99.43055714,49.48108
-100,640,-105.1665571,45.71233
-100,640,-111.2239429,41.94508
-100,640,-117.6208143,38.23141
-100,640,-124.3763714,34.62076
-100,640,-131.5110857,31.16207
-100,640,-139.0467571,27.90372
-100,640,-147.0065714,24.89142
-100,640,-155.4154286,22.16459
-100,640,-164.2997143,19.75293
-100,640,-173.6875714,17.67411
-100,640,-183.6092857,15.93348
-100,640,-194.0967143,14.52562
-100,640,-205.1842857,13.43724
-100,640,-216.9081429,12.65033
-100,640,-229.307,12.145
-100,640,-242.4221429,11.90123
-100,640,-256.2968571,11.8995
-100,640,-270.9777143,12.12019
-100,640,-286.5137143,12.54223
-100,640,-302.9568571,13.14164
-100,640,-320.3624286,13.89055
-100,640,-338.7887143,14.75767
-100,640,-358.2978571,15.71011
-100,640,-378.9552857,16.71623
-100,640,-400.8302857,17.74843
-100,640,-423.9962857,18.78429
-100,640,-448.5308571,19.80571
-100,640,-474.5161429,20.79629
-100,640,-502.039,21.73859
-100,640,-531.1908571,22.61343
-100,640,-562.069,23.40244
-100,640,-594.776,24.09381
-100,640,-629.42,24.68894
-100,640,-666.1158571,25.20701
-100,640,-704.9848571,25.68487
-100,660,-24.89455714,46.78238
-100,660,-26.38148571,49.26909
-100,660,-27.95524286,51.85689
-100,660,-29.62088571,54.50956
-100,660,-31.38371429,57.17486
-100,660,-33.24934286,59.78545
-100,660,-35.2236,62.26512
-100,660,-37.31262857,64.53799
-100,660,-39.52284286,66.53668
-100,660,-41.86095714,68.20665
-100,660,-44.33401429,69.50569
-100,660,-46.94935714,70.40045
-100,660,-49.71472857,70.86234
-100,660,-52.6382,70.86545
-100,660,-55.72834286,70.38738
-100,660,-58.9941,69.41318
-100,660,-62.44497143,67.94098
-100,660,-66.09097143,65.98749
-100,660,-69.94268571,63.59128
-100,660,-74.01135714,60.81227
-100,660,-78.30887143,57.72696
-100,660,-82.84785714,54.42052
-100,660,-87.64172857,50.97755
-100,660,-92.70468571,47.47412
-100,660,-98.05181429,43.97278
-100,660,-103.6991286,40.5215
-100,660,-109.6636286,37.15604
-100,660,-115.9633714,33.90442
-100,660,-122.6175571,30.79181
-100,660,-129.6466,27.84409
-100,660,-137.0722714,25.08917
-100,660,-144.9177143,22.55588
-100,660,-153.2078571,20.27119
-100,660,-161.9687143,18.25698
-100,660,-171.2287143,16.52764
-100,660,-181.0177143,15.08914
-100,660,-191.3677143,13.93969
-100,660,-202.3127143,13.07164
-100,660,-213.8888571,12.47367
-100,660,-226.1347143,12.13277
-100,660,-239.0911429,12.03538
-100,660,-252.8015714,12.16751
-100,660,-267.312,12.51374
-100,660,-282.6714286,13.05573
-100,660,-298.9315714,13.77051
-100,660,-316.1474286,14.62977
-100,660,-334.377,15.60044
-100,660,-353.682,16.64715
-100,660,-374.1275714,17.73562
-100,660,-395.7827143,18.83582
-100,660,-418.7204286,19.92324
-100,660,-443.018,20.97777
-100,660,-468.7568571,21.98059
-100,660,-496.0234286,22.9113
-100,660,-524.9091429,23.74754
-100,660,-555.5104286,24.46851
-100,660,-587.9292857,25.062
-100,660,-622.274,25.53202
-100,660,-658.6587143,25.90346
-100,660,-697.2044286,26.22103
-110,440,-25.27675714,44.1047
-110,440,-26.79247143,45.74928
-110,440,-28.39692857,47.45767
-110,440,-30.09538571,49.23198
-110,440,-31.89345714,51.06964
-110,440,-33.79707143,52.96338
-110,440,-35.8125,54.90293
-110,440,-37.94637143,56.87682
-110,440,-40.2056,58.87274
-110,440,-42.59747143,60.87575
-110,440,-45.1296,62.86478
-110,440,-47.8099,64.80888
-110,440,-50.64668571,66.66457
-110,440,-53.64862857,68.37544
-110,440,-56.82481429,69.8742
-110,440,-60.18471429,71.08693
-110,440,-63.73827143,71.93879
-110,440,-67.4959,72.36025
-110,440,-71.46857143,72.29295
-110,440,-75.66777143,71.69417
-110,440,-80.10564286,70.53945
-110,440,-84.79497143,68.82312
-110,440,-89.74927143,66.55738
-110,440,-94.98282857,63.77071
-110,440,-100.5107429,60.50691
-110,440,-106.3490429,56.82517
-110,440,-112.5146429,52.80129
-110,440,-119.0255286,48.52858
-110,440,-125.9008,44.11687
-110,440,-133.1607429,39.68805
-110,440,-140.8269857,35.36776
-110,440,-148.9225714,31.27446
-110,440,-157.472,27.50853
-110,440,-166.5017143,24.14395
-110,440,-176.0394286,21.22473
-110,440,-186.1151429,18.76622
-110,440,-196.7608571,16.7603
-110,440,-208.0104286,15.1826
-110,440,-219.9,13.99974
-110,440,-232.4681429,13.1753
-110,440,-245.7558571,12.67373
-110,440,-259.8065714,12.46209
-110,440,-274.6664286,12.51001
-110,440,-290.3844286,12.78823
-110,440,-307.0124286,13.2667
-110,440,-324.605,13.91301
-110,440,-343.2205714,14.69193
-110,440,-362.9202857,15.56652
-110,440,-383.7691429,16.50037
-110,440,-405.8355714,17.46026
-110,440,-429.1921429,18.41761
-110,440,-453.9155714,19.34813
-110,440,-480.0867143,20.22992
-110,440,-507.7912857,21.04136
-110,440,-537.1198571,21.7608
-110,440,-568.1681429,22.36948
-110,440,-601.0377143,22.85723
-110,440,-635.8357143,23.22893
-110,440,-672.6757143,23.50827
-110,440,-711.6781429,23.73656
-110,450,-25.44881429,44.67187
-110,450,-26.97438571,46.36861
-110,450,-28.58917143,48.13373
-110,450,-30.29845714,49.97078
-110,450,-32.10788571,51.87809
-110,450,-34.02342857,53.84855
-110,450,-36.05141429,55.87119
-110,450,-38.1985,57.93315
-110,450,-40.47165714,60.02024
-110,450,-42.87821429,62.11548
-110,450,-45.42581429,64.19586
-110,450,-48.12242857,66.22883
-110,450,-50.97641429,68.16978
-110,450,-53.99644286,69.96159
-110,450,-57.19165714,71.53654
-110,450,-60.57152857,72.82018
-110,450,-64.14602857,73.73653
-110,450,-67.9256,74.21382
-110,450,-71.9212,74.18985
-110,450,-76.14432857,73.61642
-110,450,-80.60715714,72.46242
-110,450,-85.32247143,70.71532
-110,450,-90.3038,68.38166
-110,450,-95.56544286,65.487
-110,450,-101.1225143,62.07603
-110,450,-106.9910143,58.21322
-110,450,-113.1879286,53.98352
-110,450,-119.7312286,49.49202
-110,450,-126.6400143,44.8612
-110,450,-133.9346143,40.22449
-110,450,-141.6366857,35.71651
-110,450,-149.7692857,31.46131
-110,450,-158.357,27.56142
-110,450,-167.4261429,24.09009
-110,450,-177.0048571,21.08858
-110,450,-187.1231429,18.56836
-110,450,-197.8127143,16.51714
-110,450,-209.108,14.90653
-110,450,-221.045,13.69967
-110,450,-233.6625714,12.85731
-110,450,-247.0018571,12.34174
-110,450,-261.1061429,12.11849
-110,450,-276.022,12.15606
-110,450,-291.7985714,12.4244
-110,450,-308.4875714,12.89281
-110,450,-326.1441429,13.52828
-110,450,-344.8265714,14.29509
-110,450,-364.5962857,15.156
-110,450,-385.5187143,16.07491
-110,450,-407.6622857,17.01969
-110,450,-431.1001429,17.96392
-110,450,-455.9088571,18.88645
-110,450,-482.1701429,19.76922
-110,450,-509.9695714,20.59449
-110,450,-539.3982857,21.34392
-110,450,-570.5524286,22.00058
-110,450,-603.5337143,22.55425
-110,450,-638.4497143,23.00763
-110,450,-675.4142857,23.38057
-110,450,-714.5481429,23.70966
-110,460,-25.51767143,39.30084
-110,460,-27.04592857,40.87151
-110,460,-28.66354286,42.50726
-110,460,-30.3758,44.21018
-110,460,-32.18832857,45.97747
-110,460,-34.10705714,47.80143
-110,460,-36.13825714,49.6711
-110,460,-38.28851429,51.57433
-110,460,-40.56472857,53.49855
-110,460,-42.97414286,55.42953
-110,460,-45.52431429,57.34836
-110,460,-48.22315714,59.2279
-110,460,-51.07895714,61.03015
-110,460,-54.10037143,62.70534
-110,460,-57.29648571,64.19334
-110,460,-60.6768,65.42695
-110,460,-64.25127143,66.33676
-110,460,-68.03035714,66.85657
-110,460,-72.02498571,66.9288
-110,460,-76.24664286,66.50896
-110,460,-80.70737143,65.56863
-110,460,-85.4198,64.09683
-110,460,-90.39728571,62.09996
-110,460,-95.65384286,59.60116
-110,460,-101.2043286,56.63984
-110,460,-107.0645143,53.27194
-110,460,-113.2511286,49.57086
-110,460,-119.7820143,45.62779
-110,460,-126.6761714,41.55015
-110,460,-133.9538714,37.45673
-110,460,-141.6367429,33.46937
-110,460,-149.7477143,29.70241
-110,460,-158.3114286,26.25246
-110,460,-167.3535714,23.19092
-110,460,-176.9017143,20.5611
-110,460,-186.985,18.38011
-110,460,-197.6341429,16.64447
-110,460,-208.8821429,15.3375
-110,460,-220.7635714,14.43672
-110,460,-233.3154286,13.91991
-110,460,-246.5772857,13.76918
-110,460,-260.5908571,13.9726
-110,460,-275.401,14.52358
-110,460,-291.0551429,15.41784
-110,460,-307.6035714,16.64829
-110,460,-325.0994286,18.19804
-110,460,-343.5984286,20.03233
-110,460,-363.1592857,22.09037
-110,460,-383.8431429,24.27882
-110,460,-405.7141429,26.46814
-110,460,-428.8394286,28.49397
-110,460,-453.2894286,30.16533
-110,460,-479.1381429,31.28271
-110,460,-506.4634286,31.66861
-110,460,-535.348,31.20945
-110,460,-565.8795714,29.89846
-110,460,-598.1512857,27.85925
-110,460,-632.2625714,25.3303
-110,460,-668.3195714,22.60877
-110,460,-706.4357143,19.97706
-110,470,-25.33664286,44.45459
-110,470,-26.856,46.15244
-110,470,-28.46418571,47.91841
-110,470,-30.16647143,49.75519
-110,470,-31.96844286,51.66
-110,470,-33.87605714,53.62438
-110,470,-35.89561429,55.63592
-110,470,-38.03374286,57.68053
-110,470,-40.29738571,59.74341
-110,470,-42.69384286,61.80798
-110,470,-45.23075714,63.853
-110,470,-47.91605714,65.8491
-110,470,-50.75808571,67.75606
-110,470,-53.76551429,69.5219
-110,470,-56.94742857,71.084
-110,470,-60.3133,72.37218
-110,470,-63.87307143,73.31316
-110,470,-67.63714286,73.83581
-110,470,-71.61644286,73.87639
-110,470,-75.82244286,73.38321
-110,470,-80.26725714,72.31996
-110,470,-84.96362857,70.66767
-110,470,-89.92504286,68.42551
-110,470,-95.16572857,65.61111
-110,470,-100.7007286,62.26122
-110,470,-106.5459857,58.43318
-110,470,-112.7183714,54.20688
-110,470,-119.2357571,49.68561
-110,470,-126.1171429,44.99415
-110,470,-133.3827286,40.27243
-110,470,-141.0540571,35.66474
-110,470,-149.1541429,31.30614
-110,470,-157.7072857,27.30927
-110,470,-166.74,23.75495
-110,470,-176.28,20.68855
-110,470,-186.3574286,18.12229
-110,470,-197.004,16.04208
-110,470,-208.2537143,14.41633
-110,470,-220.143,13.20459
-110,470,-232.7102857,12.36438
-110,470,-245.9967143,11.85554
-110,470,-260.0457143,11.64206
-110,470,-274.9037143,11.6917
-110,470,-290.6195714,11.97421
-110,470,-307.2452857,12.45894
-110,470,-324.8358571,13.11278
-110,470,-343.4494286,13.89946
-110,470,-363.1477143,14.78073
-110,470,-383.9955714,15.71913
-110,470,-406.0621429,16.68129
-110,470,-429.42,17.64025
-110,470,-454.1461429,18.57559
-110,470,-480.322,19.47146
-110,470,-508.0335714,20.31371
-110,470,-537.3715714,21.08827
-110,470,-568.4324286,21.78222
-110,470,-601.3174286,22.38786
-110,470,-636.1344286,22.90811
-110,470,-672.997,23.36049
-110,470,-712.0257143,23.77724
-110,480,-25.50175714,44.57168
-110,480,-27.03031429,46.30394
-110,480,-28.6481,48.10547
-110,480,-30.36042857,49.97788
-110,480,-32.1729,51.91773
-110,480,-34.09154286,53.91661
-110,480,-36.12265714,55.96304
-110,480,-38.27294286,58.04469
-110,480,-40.54938571,60.14914
-110,480,-42.95932857,62.2622
-110,480,-45.51041429,64.36446
-110,480,-48.21064286,66.42723
-110,480,-51.06837143,68.40954
-110,480,-54.09231429,70.25708
-110,480,-57.29155714,71.90363
-110,480,-60.6756,73.27445
-110,480,-64.25438571,74.29122
-110,480,-68.03832857,74.87759
-110,480,-72.03835714,74.96469
-110,480,-76.26597143,74.49591
-110,480,-80.73322857,73.43062
-110,480,-85.45292857,71.74666
-110,480,-90.4385,69.44176
-110,480,-95.7042,66.53466
-110,480,-101.2650857,63.06617
-110,480,-107.1370857,59.1006
-110,480,-113.3371,54.72686
-110,480,-119.8830143,50.05811
-110,480,-126.7938857,45.22825
-110,480,-134.0899286,40.38426
-110,480,-141.7927429,35.67465
-110,480,-149.9252857,31.23575
-110,480,-158.5121429,27.17915
-110,480,-167.5794286,23.58309
-110,480,-177.1552857,20.48963
-110,480,-187.2695714,17.90774
-110,480,-197.954,15.82047
-110,480,-209.2428571,14.19409
-110,480,-221.1721429,12.9868
-110,480,-233.7807143,12.15565
-110,480,-247.1094286,11.66094
-110,480,-261.2021429,11.46803
-110,480,-276.105,11.54701
-110,480,-291.867,11.87074
-110,480,-308.5404286,12.41201
-110,480,-326.18,13.14085
-110,480,-344.8442857,14.0228
-110,480,-364.5944286,15.01884
-110,480,-385.4955714,16.0871
-110,480,-407.6162857,17.18562
-110,480,-431.0291429,18.27487
-110,480,-455.8108571,19.31902
-110,480,-482.0422857,20.28572
-110,480,-509.8088571,21.14561
-110,480,-539.2012857,21.87306
-110,480,-570.3151429,22.44956
-110,480,-603.2517143,22.86921
-110,480,-638.1181429,23.14424
-110,480,-675.028,23.30735
-110,480,-714.1012857,23.40909
-110,490,-25.41994286,44.95721
-110,490,-26.94502857,46.68365
-110,490,-28.5594,48.47846
-110,490,-30.2683,50.34323
-110,490,-32.07732857,52.27425
-110,490,-33.9924,54.2625
-110,490,-36.01975714,56.29566
-110,490,-38.16597143,58.36035
-110,490,-40.43791429,60.44307
-110,490,-42.84278571,62.52883
-110,490,-45.38812857,64.59784
-110,490,-48.08178571,66.62162
-110,490,-50.93198571,68.55998
-110,490,-53.94731429,70.35993
-110,490,-57.13674286,71.95689
-110,490,-60.50968571,73.27798
-110,490,-64.076,74.24686
-110,490,-67.84602857,74.78932
-110,490,-71.83065714,74.83884
-110,490,-76.04137143,74.34142
-110,490,-80.49025714,73.25909
-110,490,-85.1901,71.57189
-110,490,-90.15441429,69.27876
-110,490,-95.39745714,66.39779
-110,490,-100.9343429,62.96697
-110,490,-106.7810143,59.04564
-110,490,-112.9544,54.7164
-110,490,-119.4723857,50.08595
-110,490,-126.354,45.28309
-110,490,-133.6194714,40.45206
-110,490,-141.2903571,35.74135
-110,490,-149.3897143,31.28964
-110,490,-157.942,27.21214
-110,490,-166.9737143,23.5909
-110,490,-176.5127143,20.47113
-110,490,-186.5894286,17.86374
-110,490,-197.2355714,15.75254
-110,490,-208.4857143,14.10345
-110,490,-220.3762857,12.87359
-110,490,-232.9462857,12.01832
-110,490,-246.237,11.49584
-110,490,-260.2922857,11.26902
-110,490,-275.1587143,11.30514
-110,490,-290.886,11.5741
-110,490,-307.5262857,12.04588
-110,490,-325.135,12.68851
-110,490,-343.771,13.46717
-110,490,-363.4964286,14.3452
-110,490,-384.3768571,15.28672
-110,490,-406.482,16.25985
-110,490,-429.885,17.23904
-110,490,-454.6637143,18.20525
-110,490,-480.9001429,19.1441
-110,490,-508.6808571,20.04294
-110,490,-538.0975714,20.889
-110,490,-569.247,21.67013
-110,490,-602.2315714,22.37844
-110,490,-637.1592857,23.01546
-110,490,-674.1445714,23.59626
-110,490,-713.3085714,24.15005
-110,500,-26.60037143,48.89262
-110,500,-28.19348571,50.98804
-110,500,-29.87957143,53.17235
-110,500,-31.66411429,55.44438
-110,500,-33.55295714,57.79615
-110,500,-35.55225714,60.21301
-110,500,-37.66851429,62.6761
-110,500,-39.90852857,65.16533
-110,500,-42.27942857,67.66068
-110,500,-44.78864286,70.14038
-110,500,-47.44392857,72.57685
-110,500,-50.25334286,74.93167
-110,500,-53.22532857,77.15185
-110,500,-56.36868571,79.16872
-110,500,-59.6926,80.89991
-110,500,-63.20671429,82.25427
-110,500,-66.92111429,83.13877
-110,500,-70.84641429,83.46642
-110,500,-74.99378571,83.16378
-110,500,-79.37501429,82.17732
-110,500,-84.00251429,80.47761
-110,500,-88.88941429,78.06128
-110,500,-94.0496,74.95102
-110,500,-99.49777143,71.19458
-110,500,-105.2494714,66.86364
-110,500,-111.3211571,62.05303
-110,500,-117.7302714,56.88007
-110,500,-124.4953286,51.48247
-110,500,-131.6360429,46.01352
-110,500,-139.1733429,40.63307
-110,500,-147.1295714,35.49518
-110,500,-155.5287143,30.73435
-110,500,-164.3962857,26.45362
-110,500,-173.7594286,22.71771
-110,500,-183.6474286,19.55252
-110,500,-194.0914286,16.9505
-110,500,-205.125,14.87987
-110,500,-216.7834286,13.29504
-110,500,-229.1047143,12.14603
-110,500,-242.1294286,11.38548
-110,500,-255.9007143,10.97287
-110,500,-270.4641429,10.87586
-110,500,-285.8684286,11.06946
-110,500,-302.1648571,11.53319
-110,500,-319.408,12.24719
-110,500,-337.6557143,13.18783
-110,500,-356.9687143,14.32402
-110,500,-377.4114286,15.61512
-110,500,-399.0517143,17.01116
-110,500,-421.9614286,18.45534
-110,500,-446.2162857,19.88771
-110,500,-471.896,21.24912
-110,500,-499.0851429,22.48453
-110,500,-527.8727143,23.54607
-110,500,-558.3528571,24.39688
-110,500,-590.6251429,25.01621
-110,500,-624.7948571,25.40509
-110,500,-660.9732857,25.59005
-110,500,-699.2782857,25.62276
-110,500,-739.8344286,25.57422
-110,510,-26.09445714,48.07586
-110,510,-27.65881429,50.03286
-110,510,-29.31458571,52.07107
-110,510,-31.06717143,54.19141
-110,510,-32.9223,56.38808
-110,510,-34.88602857,58.64833
-110,510,-36.96475714,60.95457
-110,510,-39.1652,63.28717
-110,510,-41.4944,65.6259
-110,510,-43.95968571,67.94878
-110,510,-46.56874286,70.22882
-110,510,-49.32955714,72.42994
-110,510,-52.2505,74.50372
-110,510,-55.34027143,76.38826
-110,510,-58.60798571,78.00961
-110,510,-62.0632,79.28567
-110,510,-65.71591429,80.13193
-110,510,-69.57665714,80.46825
-110,510,-73.65651429,80.22557
-110,510,-77.96715714,79.35174
-110,510,-82.52094286,77.81542
-110,510,-87.33088571,75.60803
-110,510,-92.41078571,72.74389
-110,510,-97.7752,69.25961
-110,510,-103.4395571,65.2136
-110,510,-109.4201571,60.68645
-110,510,-115.7342857,55.78148
-110,510,-122.4003143,50.62426
-110,510,-129.4377,45.35902
-110,510,-136.8672571,40.14056
-110,510,-144.7111429,35.12203
-110,510,-152.993,30.44067
-110,510,-161.7381429,26.20485
-110,510,-170.9735714,22.48585
-110,510,-180.7284286,19.31614
-110,510,-191.0337143,16.69377
-110,510,-201.9224286,14.59108
-110,510,-213.4301429,12.96494
-110,510,-225.5944286,11.76628
-110,510,-238.4557143,10.94747
-110,510,-252.0568571,10.46692
-110,510,-266.4434286,10.29102
-110,510,-281.6637143,10.39384
-110,510,-297.7694286,10.75511
-110,510,-314.8148571,11.35717
-110,510,-332.8578571,12.18134
-110,510,-351.9597143,13.2048
-110,510,-372.185,14.39839
-110,510,-393.6021429,15.72595
-110,510,-416.2837143,17.14499
-110,510,-440.3058571,18.60808
-110,510,-465.7495714,20.06443
-110,510,-492.6998571,21.46146
-110,510,-521.2468571,22.74723
-110,510,-551.4855714,23.87499
-110,510,-583.5162857,24.81026
-110,510,-617.445,25.53922
-110,510,-653.3835714,26.07564
-110,510,-691.4502857,26.46284
-110,510,-731.7704286,26.76935
-110,520,-25.79562857,46.55121
-110,520,-27.34268571,48.39514
-110,520,-28.98025714,50.31355
-110,520,-30.71367143,52.30729
-110,520,-32.5486,54.3712
-110,520,-34.49102857,56.49403
-110,520,-36.5473,58.66044
-110,520,-38.72405714,60.85357
-110,520,-41.02825714,63.05613
-110,520,-43.4672,65.24923
-110,520,-46.0485,67.40907
-110,520,-48.7801,69.50309
-110,520,-51.67028571,71.48694
-110,520,-54.72772857,73.30341
-110,520,-57.96148571,74.88373
-110,520,-61.38104286,76.1511
-110,520,-64.99637143,77.02575
-110,520,-68.81792857,77.43094
-110,520,-72.85671429,77.29914
-110,520,-77.12432857,76.57746
-110,520,-81.63305714,75.23172
-110,520,-86.3958,73.24887
-110,520,-91.42627143,70.63766
-110,520,-96.73894286,67.42842
-110,520,-102.3490857,63.67259
-110,520,-108.2729143,59.44277
-110,520,-114.5275714,54.83307
-110,520,-121.1312429,49.9587
-110,520,-128.1032857,44.95325
-110,520,-135.4642429,39.96208
-110,520,-143.2361429,35.13168
-110,520,-151.4422857,30.59663
-110,520,-160.1077143,26.46696
-110,520,-169.2592857,22.81921
-110,520,-178.9257143,19.69328
-110,520,-189.1375714,17.09537
-110,520,-199.9274286,15.00541
-110,520,-211.3305714,13.38656
-110,520,-223.384,12.19453
-110,520,-236.1277143,11.38496
-110,520,-249.6038571,10.91821
-110,520,-263.8575714,10.76139
-110,520,-278.9364286,10.88804
-110,520,-294.8912857,11.27598
-110,520,-311.7758571,11.90396
-110,520,-329.647,12.74802
-110,520,-348.5647143,13.77844
-110,520,-368.5927143,14.95833
-110,520,-389.7982857,16.24407
-110,520,-412.2524286,17.58759
-110,520,-436.0301429,18.93929
-110,520,-461.2105714,20.25063
-110,520,-487.8772857,21.4759
-110,520,-516.1188571,22.57386
-110,520,-546.0285714,23.51035
-110,520,-577.7048571,24.26289
-110,520,-611.2521429,24.82637
-110,520,-646.7805714,25.21792
-110,520,-684.4067143,25.47817
-110,520,-724.2538571,25.66747
-110,530,-25.35142857,44.91427
-110,530,-26.87211429,46.66708
-110,530,-28.48181429,48.48856
-110,530,-30.18575714,50.37831
-110,530,-31.98951429,52.33041
-110,530,-33.899,54.33354
-110,530,-35.92044286,56.37334
-110,530,-38.06035714,58.43498
-110,530,-40.32561429,60.50443
-110,530,-42.72338571,62.56713
-110,530,-45.26117143,64.60446
-110,530,-47.94677143,66.58937
-110,530,-50.7884,68.48268
-110,530,-53.79457143,70.23139
-110,530,-56.97422857,71.76954
-110,530,-60.33674286,73.02162
-110,530,-63.89194286,73.90807
-110,530,-67.65012857,74.35198
-110,530,-71.62215714,74.28595
-110,530,-75.81947143,73.65804
-110,530,-80.25412857,72.43565
-110,530,-84.9389,70.60725
-110,530,-89.88725714,68.18209
-110,530,-95.11344286,65.18893
-110,530,-100.6325286,61.6751
-110,530,-106.4604857,57.70658
-110,530,-112.6141714,53.36892
-110,530,-119.1115,48.76786
-110,530,-125.9715143,44.02757
-110,530,-133.2144286,39.28491
-110,530,-140.8618429,34.67947
-110,530,-148.9368571,30.34089
-110,530,-157.4638571,26.37635
-110,530,-166.4694286,22.86169
-110,530,-175.9814286,19.83803
-110,530,-186.0302857,17.31423
-110,530,-196.6478571,15.27372
-110,530,-207.8684286,13.68331
-110,530,-219.7288571,12.50186
-110,530,-232.2678571,11.68707
-110,530,-245.5268571,11.19998
-110,530,-259.55,11.00675
-110,530,-274.3838571,11.0785
-110,530,-290.0781429,11.38943
-110,530,-306.6854286,11.91418
-110,530,-324.2611429,12.62528
-110,530,-342.8642857,13.49143
-110,530,-362.5572857,14.47751
-110,530,-383.4057143,15.5461
-110,530,-405.4792857,16.66006
-110,530,-428.8514286,17.78476
-110,530,-453.6001429,18.88904
-110,530,-479.8072857,19.94469
-110,530,-507.5597143,20.92547
-110,530,-536.949,21.80736
-110,530,-568.0718571,22.57133
-110,530,-601.0308571,23.20852
-110,530,-635.9341429,23.72583
-110,530,-672.8961429,24.1492
-110,530,-712.038,24.52238
-110,540,-25.36427143,47.35641
-110,540,-26.88602857,49.19217
-110,540,-28.49677143,51.09999
-110,540,-30.20174286,53.08013
-110,540,-32.00651429,55.12707
-110,540,-33.917,57.22962
-110,540,-35.93944286,59.3731
-110,540,-38.08038571,61.54187
-110,540,-40.34671429,63.72037
-110,540,-42.74562857,65.89158
-110,540,-45.28461429,68.03334
-110,540,-47.97151429,70.11397
-110,540,-50.81451429,72.08896
-110,540,-53.82215714,73.8997
-110,540,-57.00337143,75.47511
-110,540,-60.36754286,76.73564
-110,540,-63.9245,77.59913
-110,540,-67.68455714,77.98758
-110,540,-71.65857143,77.83367
-110,540,-75.85804286,77.08614
-110,540,-80.29505714,75.71337
-110,540,-84.9824,73.7048
-110,540,-89.9336,71.07087
-110,540,-95.16294286,67.84216
-110,540,-100.6855571,64.06887
-110,540,-106.5174143,59.82126
-110,540,-112.6753857,55.19064
-110,540,-119.1774,50.28975
-110,540,-126.0424429,45.25058
-110,540,-133.2907857,40.21805
-110,540,-140.944,35.33935
-110,540,-149.0251429,30.75041
-110,540,-157.5591429,26.56275
-110,540,-166.5725714,22.85397
-110,540,-176.0937143,19.66415
-110,540,-186.1532857,16.99839
-110,540,-196.7837143,14.83411
-110,540,-208.02,13.13041
-110,540,-219.899,11.8372
-110,540,-232.4601429,10.90239
-110,540,-245.7452857,10.27655
-110,540,-259.7988571,9.91489
-110,540,-274.668,9.777506
-110,540,-290.4028571,9.828454
-110,540,-307.057,10.03485
-110,540,-324.6874286,10.3668
-110,540,-343.3545714,10.79863
-110,540,-363.1228571,11.31141
-110,540,-384.0611429,11.89589
-110,540,-406.2421429,12.55449
-110,540,-429.7428571,13.30137
-110,540,-454.6454286,14.15988
-110,540,-481.0362857,15.15807
-110,540,-509.0064286,16.32318
-110,540,-538.6525714,17.67671
-110,540,-570.076,19.23149
-110,540,-603.3837143,20.99205
-110,540,-638.6882857,22.95846
-110,540,-676.1082857,25.13191
-110,540,-715.7687143,27.5192
-110,550,-24.98088571,41.82334
-110,550,-26.47918571,43.39297
-110,550,-28.06514286,45.0205
-110,550,-29.74391429,46.70456
-110,550,-31.52101429,48.43975
-110,550,-33.40231429,50.21714
-110,550,-35.39397143,52.02627
-110,550,-37.50255714,53.8571
-110,550,-39.73491429,55.7003
-110,550,-42.09822857,57.54514
-110,550,-44.60002857,59.3756
-110,550,-47.24818571,61.16614
-110,550,-50.05092857,62.87859
-110,550,-53.01682857,64.46129
-110,550,-56.15485714,65.85097
-110,550,-59.47441429,66.97673
-110,550,-62.98534286,67.76579
-110,550,-66.69795714,68.14967
-110,550,-70.62305714,68.06996
-110,550,-74.77201429,67.48275
-110,550,-79.15681429,66.36123
-110,550,-83.79007143,64.69643
-110,550,-88.6851,62.49659
-110,550,-93.85598571,59.78618
-110,550,-99.31767143,56.60553
-110,550,-105.0860143,53.01147
-110,550,-111.1778571,49.07884
-110,550,-117.6111429,44.90144
-110,550,-124.4049714,40.59082
-110,550,-131.5796286,36.27122
-110,550,-139.1567714,32.07059
-110,550,-147.1594286,28.10891
-110,550,-155.6118571,24.4866
-110,550,-164.5402857,21.27599
-110,550,-173.9721429,18.51794
-110,550,-183.937,16.22392
-110,550,-194.4661429,14.38224
-110,550,-205.5931429,12.96647
-110,550,-217.3538571,11.94381
-110,550,-229.7867143,11.28215
-110,550,-242.9327143,10.95504
-110,550,-256.8354286,10.94451
-110,550,-271.5415714,11.24188
-110,550,-287.1007143,11.847
-110,550,-303.565,12.76569
-110,550,-320.9897143,14.00556
-110,550,-339.4332857,15.56964
-110,550,-358.957,17.44742
-110,550,-379.625,19.60327
-110,550,-401.5052857,21.96295
-110,550,-424.669,24.40129
-110,550,-449.191,26.73718
-110,550,-475.1504286,28.74427
-110,550,-502.6305714,30.18448
-110,550,-531.7197143,30.86256
-110,550,-562.5112857,30.6856
-110,550,-595.1044286,29.70056
-110,550,-629.6042857,28.08818
-110,550,-666.1222857,26.1138
-110,550,-704.7771429,24.05904
-110,560,-25.63212857,46.98825
-110,560,-27.16832857,48.88766
-110,560,-28.7944,50.86012
-110,560,-30.51562857,52.9013
-110,560,-32.33767143,55.0013
-110,560,-34.26645714,57.14527
-110,560,-36.30828571,59.31598
-110,560,-38.46971429,61.49658
-110,560,-40.75765714,63.67142
-110,560,-43.1793,65.82381
-110,560,-45.74218571,67.93148
-110,560,-48.45414286,69.96139
-110,560,-51.3234,71.86573
-110,560,-54.3585,73.58091
-110,560,-57.56844286,75.02981
-110,560,-60.9626,76.12734
-110,560,-64.55088571,76.78826
-110,560,-68.34365714,76.93597
-110,560,-72.35187143,76.51065
-110,560,-76.58705714,75.47522
-110,560,-81.06142857,73.8181
-110,560,-85.78788571,71.55251
-110,560,-90.78004286,68.71314
-110,560,-96.05235714,65.3517
-110,560,-101.6200857,61.53318
-110,560,-107.4993571,57.33396
-110,560,-113.7073,52.84198
-110,560,-120.2620429,48.15774
-110,560,-127.1828571,43.39407
-110,560,-134.4902571,38.67286
-110,560,-142.2061429,34.11778
-110,560,-150.3538571,29.84393
-110,560,-158.9584286,25.94714
-110,560,-168.0465714,22.49556
-110,560,-177.647,19.52611
-110,560,-187.7901429,17.04613
-110,560,-198.5087143,15.03919
-110,560,-209.8377143,13.4731
-110,560,-221.8142857,12.30786
-110,560,-234.4778571,11.50221
-110,560,-247.8707143,11.01784
-110,560,-262.0374286,10.82122
-110,560,-277.0255714,10.88347
-110,560,-292.8857143,11.17867
-110,560,-309.671,11.6815
-110,560,-327.4385714,12.36508
-110,560,-346.2482857,13.19984
-110,560,-366.1638571,14.15395
-110,560,-387.2528571,15.1953
-110,560,-409.5865714,16.29407
-110,560,-433.2404286,17.42466
-110,560,-458.2942857,18.56582
-110,560,-484.8324286,19.69905
-110,560,-512.944,20.80633
-110,560,-542.7227143,21.86899
-110,560,-574.2681429,22.86941
-110,560,-607.685,23.79567
-110,560,-643.0841429,24.64764
-110,560,-680.5824286,25.44179
-110,560,-720.3037143,26.21197
-110,570,-26.97817143,52.52291
-110,570,-28.59188571,54.85975
-110,570,-30.29977143,57.29486
-110,570,-32.10738571,59.8218
-110,570,-34.02065714,62.42586
-110,570,-36.0458,65.08431
-110,570,-38.18937143,67.7695
-110,570,-40.4582,70.4525
-110,570,-42.85948571,73.10465
-110,570,-45.40065714,75.69553
-110,570,-48.08952857,78.18797
-110,570,-50.9342,80.53215
-110,570,-53.94311429,82.66134
-110,570,-57.12511429,84.49138
-110,570,-60.48944286,85.92464
-110,570,-64.0458,86.85827
-110,570,-67.80437143,87.19518
-110,570,-71.7759,86.85583
-110,570,-75.97168571,85.78822
-110,570,-80.40372857,83.97405
-110,570,-85.08465714,81.42981
-110,570,-90.02791429,78.20305
-110,570,-95.24767143,74.3654
-110,570,-100.7589429,70.00479
-110,570,-106.5776286,65.21922
-110,570,-112.7205714,60.1134
-110,570,-119.2056143,54.79818
-110,570,-126.0517429,49.39111
-110,570,-133.2790857,44.0159
-110,570,-140.9091571,38.79875
-110,570,-148.9648571,33.86103
-110,570,-157.4708571,29.30962
-110,570,-166.4532857,25.22737
-110,570,-175.9401429,21.66676
-110,570,-185.9617143,18.6483
-110,570,-196.5498571,16.16413
-110,570,-207.7392857,14.18521
-110,570,-219.5665714,12.67012
-110,570,-232.0708571,11.57341
-110,570,-245.294,10.85209
-110,570,-259.2802857,10.46975
-110,570,-274.0771429,10.3981
-110,570,-289.7347143,10.61631
-110,570,-306.3062857,11.10846
-110,570,-323.8484286,11.85969
-110,570,-342.4211429,12.85177
-110,570,-362.0877143,14.05914
-110,570,-382.9155714,15.44649
-110,570,-404.9758571,16.96866
-110,570,-428.3435714,18.57295
-110,570,-453.0982857,20.20287
-110,570,-479.3237143,21.80217
-110,570,-507.1087143,23.3181
-110,570,-536.5464286,24.70403
-110,570,-567.736,25.92259
-110,570,-600.7812857,26.94989
-110,570,-635.7925714,27.78086
-110,570,-672.8858571,28.43368
-110,570,-712.1841429,28.95114
-110,570,-753.8172857,29.39731
-110,580,-24.56362857,42.00646
-110,580,-26.0369,43.57792
-110,580,-27.59647143,45.20466
-110,580,-29.24744286,46.88241
-110,580,-30.99527143,48.60258
-110,580,-32.84571429,50.35292
-110,580,-34.80482857,52.11982
-110,580,-36.87904286,53.8906
-110,580,-39.07508571,55.65405
-110,580,-41.40002857,57.39856
-110,580,-43.86122857,59.10815
-110,580,-46.46644286,60.75806
-110,580,-49.22372857,62.31142
-110,580,-52.14154286,63.7183
-110,580,-55.2287,64.91755
-110,580,-58.49447143,65.84125
-110,580,-61.94854286,66.42105
-110,580,-65.6011,66.59509
-110,580,-69.46285714,66.31431
-110,580,-73.54508571,65.54687
-110,580,-77.85968571,64.28
-110,580,-82.41918571,62.51927
-110,580,-87.23687143,60.28598
-110,580,-92.32677143,57.61413
-110,580,-97.70374286,54.54815
-110,580,-103.3835,51.14238
-110,580,-109.3827429,47.46225
-110,580,-115.7191857,43.58586
-110,580,-122.4116286,39.6045
-110,580,-129.4801,35.62016
-110,580,-136.9459,31.73954
-110,580,-144.8317143,28.06523
-110,580,-153.1617143,24.68603
-110,580,-161.9618571,21.66925
-110,580,-171.2594286,19.05663
-110,580,-181.084,16.86487
-110,580,-191.4668571,15.08985
-110,580,-202.4412857,13.71302
-110,580,-214.0431429,12.70814
-110,580,-226.3102857,12.04708
-110,580,-239.2834286,11.70377
-110,580,-253.0055714,11.656
-110,580,-267.5224286,11.88528
-110,580,-282.8825714,12.37494
-110,580,-299.1374286,13.10712
-110,580,-316.3414286,14.05913
-110,580,-334.5518571,15.20027
-110,580,-353.8294286,16.48987
-110,580,-374.2382857,17.87691
-110,580,-395.8458571,19.30152
-110,580,-418.7234286,20.69756
-110,580,-442.9464286,21.99595
-110,580,-468.5941429,23.12872
-110,580,-495.7508571,24.03443
-110,580,-524.5054286,24.66573
-110,580,-554.9518571,24.99828
-110,580,-587.1897143,25.03867
-110,580,-621.3247143,24.82788
-110,580,-657.4684286,24.43738
-110,580,-695.7394286,23.9585
-110,590,-26.02501429,51.52553
-110,590,-27.5829,53.76692
-110,590,-29.23162857,56.10259
-110,590,-30.97657143,58.5283
-110,590,-32.82341429,61.03125
-110,590,-34.77817143,63.58986
-110,590,-36.84718571,66.17651
-110,590,-39.03705714,68.76102
-110,590,-41.35474286,71.31258
-110,590,-43.80747143,73.79847
-110,590,-46.40278571,76.18027
-110,590,-49.14852857,78.40924
-110,590,-52.05291429,80.42318
-110,590,-55.12448571,82.14644
-110,590,-58.37221429,83.49366
-110,590,-61.8055,84.37666
-110,590,-65.43424286,84.71337
-110,590,-69.26884286,84.43691
-110,590,-73.3203,83.50311
-110,590,-77.60022857,81.89507
-110,590,-82.12088571,79.62403
-110,590,-86.89522857,76.72667
-110,590,-91.93698571,73.26004
-110,590,-97.2607,69.29573
-110,590,-102.8817429,64.91522
-110,590,-108.8164286,60.20727
-110,590,-115.0820143,55.26761
-110,590,-121.6968286,50.19951
-110,590,-128.6802571,45.11367
-110,590,-136.0529429,40.12534
-110,590,-143.8368571,35.34831
-110,590,-152.0552857,30.88624
-110,590,-160.7335714,26.82366
-110,590,-169.8985714,23.21903
-110,590,-179.579,20.10165
-110,590,-189.8058571,17.47305
-110,590,-200.6124286,15.31196
-110,590,-212.0341429,13.58109
-110,590,-224.1085714,12.23401
-110,590,-236.876,11.22082
-110,590,-250.379,10.49184
-110,590,-264.6625714,9.999496
-110,590,-279.7745714,9.698851
-110,590,-295.766,9.547659
-110,590,-312.6907143,9.506999
-110,590,-330.6068571,9.543226
-110,590,-349.5757143,9.631402
-110,590,-369.6631429,9.759505
-110,590,-390.9395714,9.931999
-110,590,-413.48,10.17133
-110,590,-437.364,10.51689
-110,590,-462.6764286,11.02195
-110,590,-489.5072857,11.75011
-110,590,-517.9514286,12.77193
-110,590,-548.109,14.16238
-110,590,-580.0857143,15.99845
-110,590,-613.992,18.35686
-110,590,-649.9444286,21.31172
-110,590,-688.0651429,24.93146
-110,590,-728.482,29.27249
-110,600,-24.80685714,44.16836
-110,600,-26.29374286,45.87878
-110,600,-27.86778571,47.65223
-110,600,-29.53417143,49.48453
-110,600,-31.29837143,51.36585
-110,600,-33.1662,53.28108
-110,600,-35.14378571,55.21189
-110,600,-37.23754286,57.13924
-110,600,-39.45424286,59.04414
-110,600,-41.80092857,60.90611
-110,600,-44.28501429,62.69964
-110,600,-46.91421429,64.3903
-110,600,-49.69661429,65.93214
-110,600,-52.64068571,67.2677
-110,600,-55.75525714,68.33107
-110,600,-59.04962857,69.0535
-110,600,-62.53355714,69.37075
-110,600,-66.2173,69.23062
-110,600,-70.11164286,68.59912
-110,600,-74.22795714,67.46401
-110,600,-78.57827143,65.83482
-110,600,-83.17528571,63.73969
-110,600,-88.0324,61.21995
-110,600,-93.16384286,58.32443
-110,600,-98.58462857,55.10517
-110,600,-104.3106714,51.61593
-110,600,-110.3588,47.9137
-110,600,-116.7469286,44.062
-110,600,-123.4940143,40.134
-110,600,-130.6202571,36.21334
-110,600,-138.1471857,32.39102
-110,600,-146.0977143,28.75859
-110,600,-154.4964286,25.39924
-110,600,-163.3692857,22.37942
-110,600,-172.7442857,19.74334
-110,600,-182.6512857,17.51173
-110,600,-193.1221429,15.68443
-110,600,-204.1905714,14.24565
-110,600,-215.8928571,13.17001
-110,600,-228.2674286,12.42794
-110,600,-241.355,11.98952
-110,600,-255.1991429,11.82638
-110,600,-269.8458571,11.91179
-110,600,-285.3441429,12.21957
-110,600,-301.7458571,12.72242
-110,600,-319.106,13.3906
-110,600,-337.4827143,14.19179
-110,600,-356.9378571,15.09248
-110,600,-377.5365714,16.06036
-110,600,-399.3482857,17.06695
-110,600,-422.4458571,18.08882
-110,600,-446.9068571,19.10686
-110,600,-472.8128571,20.10385
-110,600,-500.2502857,21.06176
-110,600,-529.3105714,21.96093
-110,600,-560.0904286,22.78241
-110,600,-592.6917143,23.51355
-110,600,-627.2224286,24.15456
-110,600,-663.7968571,24.72325
-110,600,-702.5357143,25.25513
-120,340,-27.0206,53.1077
-120,340,-28.63204286,56.14216
-120,340,-30.33735714,59.3054
-120,340,-32.14198571,62.5468
-120,340,-34.05165714,65.79649
-120,340,-36.07242857,68.96807
-120,340,-38.21058571,71.96819
-120,340,-40.47277143,74.70949
-120,340,-42.86587143,77.12149
-120,340,-45.39712857,79.15507
-120,340,-48.0741,80.77971
-120,340,-50.90465714,81.97567
-120,340,-53.89711429,82.72531
-120,340,-57.06015714,83.00712
-120,340,-60.4029,82.79472
-120,340,-63.93498571,82.06088
-120,340,-67.66652857,80.78528
-120,340,-71.60822857,78.96348
-120,340,-75.77137143,76.61399
-120,340,-80.16791429,73.78109
-120,340,-84.81044286,70.53237
-120,340,-89.71235714,66.95146
-120,340,-94.8878,63.12843
-120,340,-100.3517571,59.15047
-120,340,-106.1201429,55.09525
-120,340,-112.2098429,51.02826
-120,340,-118.6387143,47.00382
-120,340,-125.4257714,43.06841
-120,340,-132.5911714,39.26469
-120,340,-140.1563286,35.63428
-120,340,-148.144,32.21852
-120,340,-156.5785714,29.05704
-120,340,-165.4857143,26.18478
-120,340,-174.893,23.62888
-120,340,-184.8297143,21.40632
-120,340,-195.3271429,19.5231
-120,340,-206.4185714,17.97503
-120,340,-218.1391429,16.74951
-120,340,-230.5267143,15.82786
-120,340,-243.6208571,15.18728
-120,340,-257.4641429,14.80217
-120,340,-272.1011429,14.64468
-120,340,-287.5794286,14.68463
-120,340,-303.9494286,14.8894
-120,340,-321.2642857,15.22442
-120,340,-339.5804286,15.65483
-120,340,-358.9575714,16.14851
-120,340,-379.4587143,16.67983
-120,340,-401.1508571,17.23298
-120,340,-424.1048571,17.80338
-120,340,-448.3957143,18.39608
-120,340,-474.1025714,19.02148
-120,340,-501.3095714,19.68931
-120,340,-530.1054286,20.40316
-120,340,-560.5842857,21.15731
-120,340,-592.8454286,21.93768
-120,340,-626.9944286,22.72668
-120,340,-663.1427143,23.51074
-120,340,-701.408,24.28707
-120,340,-741.9151429,25.06643
-120,360,-27.61397143,55.91645
-120,360,-29.26161429,58.9904
-120,360,-31.00527143,62.19867
-120,360,-32.85052857,65.50228
-120,360,-34.80331429,68.84509
-120,360,-36.86981429,72.15585
-120,360,-39.05652857,75.35637
-120,360,-41.37021429,78.37262
-120,360,-43.81795714,81.1436
-120,360,-46.40712857,83.62428
-120,360,-49.14542857,85.78181
-120,360,-52.04091429,87.58731
-120,360,-55.10198571,89.00716
-120,360,-58.33748571,89.99717
-120,360,-61.75671429,90.50209
-120,360,-65.36942857,90.46081
-120,360,-69.18594286,89.8162
-120,360,-73.21711429,88.52724
-120,360,-77.47442857,86.57992
-120,360,-81.97,83.99387
-120,360,-86.71665714,80.82266
-120,360,-91.72795714,77.14759
-120,360,-97.01828571,73.06707
-120,360,-102.6028571,68.6849
-120,360,-108.4978,64.10062
-120,360,-114.7202429,59.40412
-120,360,-121.2882714,54.6748
-120,360,-128.2211,49.98399
-120,360,-135.5390857,45.39857
-120,360,-143.2638571,40.98341
-120,360,-151.4184286,36.80146
-120,360,-160.0271429,32.91107
-120,360,-169.1161429,29.36173
-120,360,-178.7134286,26.18983
-120,360,-188.8485714,23.41579
-120,360,-199.5534286,21.04357
-120,360,-210.862,19.0623
-120,360,-222.8102857,17.44934
-120,360,-235.4367143,16.17375
-120,360,-248.782,15.19934
-120,360,-262.8891429,14.48686
-120,360,-277.804,13.99517
-120,360,-293.5747143,13.68201
-120,360,-310.2527143,13.50485
-120,360,-327.8921429,13.42271
-120,360,-346.5507143,13.39947
-120,360,-366.2898571,13.40836
-120,360,-387.1744286,13.4366
-120,360,-409.2741429,13.48863
-120,360,-432.6622857,13.58647
-120,360,-457.4172857,13.76684
-120,360,-483.622,14.07598
-120,360,-511.3642857,14.56384
-120,360,-540.7374286,15.27878
-120,360,-571.8394286,16.26365
-120,360,-604.7741429,17.55297
-120,360,-639.6511429,19.17125
-120,360,-676.5858571,21.13193
-120,360,-715.7,23.43625
-120,360,-757.122,26.07051
-120,380,-25.86902857,49.60692
-120,380,-27.41924286,51.54398
-120,380,-29.0604,53.56067
-120,380,-30.7979,55.66022
-120,380,-32.63744286,57.83888
-120,380,-34.58504286,60.08493
-120,380,-36.647,62.37974
-120,380,-38.82995714,64.69937
-120,380,-41.14084286,67.015
-120,380,-43.58685714,69.29155
-120,380,-46.1756,71.48504
-120,380,-48.91495714,73.54033
-120,380,-51.81317143,75.39065
-120,380,-54.87892857,76.95995
-120,380,-58.12131429,78.16795
-120,380,-61.54985714,78.93722
-120,380,-65.1746,79.20102
-120,380,-69.00614286,78.91054
-120,380,-73.05564286,78.04015
-120,380,-77.33485714,76.58968
-120,380,-81.85624286,74.58317
-120,380,-86.63298571,72.06441
-120,380,-91.67901429,69.09053
-120,380,-97.00908571,65.72545
-120,380,-102.6388429,62.03511
-120,380,-108.5848429,58.08558
-120,380,-114.8645857,53.94419
-120,380,-121.4966143,49.68238
-120,380,-128.5005857,45.37824
-120,380,-135.8973714,41.11676
-120,380,-143.7091429,36.98658
-120,380,-151.9597143,33.07372
-120,380,-160.6741429,29.45382
-120,380,-169.8797143,26.18518
-120,380,-179.6052857,23.30461
-120,380,-189.882,20.82662
-120,380,-200.7427143,18.74588
-120,380,-212.223,17.04149
-120,380,-224.3602857,15.68189
-120,380,-237.194,14.6292
-120,380,-250.7665714,13.84238
-120,380,-265.1224286,13.27928
-120,380,-280.309,12.89784
-120,380,-296.3762857,12.65706
-120,380,-313.3777143,12.51855
-120,380,-331.3702857,12.44906
-120,380,-350.4144286,12.424
-120,380,-370.5747143,12.43128
-120,380,-391.9201429,12.47434
-120,380,-414.5238571,12.57323
-120,380,-438.4638571,12.76328
-120,380,-463.823,13.09183
-120,380,-490.6887143,13.61416
-120,380,-519.1537143,14.38965
-120,380,-549.316,15.47856
-120,380,-581.2788571,16.93918
-120,380,-615.1508571,18.82468
-120,380,-651.0465714,21.17886
-120,380,-689.0865714,24.02996
-120,380,-729.3975714,27.38129
-120,400,-26.49365714,47.35826
-120,400,-28.07818571,49.36531
-120,400,-29.7553,51.46016
-120,400,-31.53054286,53.64518
-120,400,-33.40977143,55.91549
-120,400,-35.39917143,58.25824
-120,400,-37.50524286,60.65419
-120,400,-39.73482857,63.07999
-120,400,-42.09505714,65.50925
-120,400,-44.5934,67.91135
-120,400,-47.23764286,70.24853
-120,400,-50.03588571,72.47282
-120,400,-52.99662857,74.52442
-120,400,-56.12872857,76.33264
-120,400,-59.44144286,77.81939
-120,400,-62.9445,78.90475
-120,400,-66.64804286,79.51351
-120,400,-70.56277143,79.58149
-120,400,-74.69988571,79.06109
-120,400,-79.0712,77.92508
-120,400,-83.68914286,76.16854
-120,400,-88.56684286,73.80884
-120,400,-93.71818571,70.88402
-120,400,-99.15785714,67.45018
-120,400,-104.9014,63.57878
-120,400,-110.9653,59.3543
-120,400,-117.3670143,54.87243
-120,400,-124.1251286,50.2382
-120,400,-131.2593286,45.56323
-120,400,-138.7905714,40.96126
-120,400,-146.7411429,36.54184
-120,400,-155.1348571,32.40298
-120,400,-163.997,28.6242
-120,400,-173.3544286,25.26178
-120,400,-183.236,22.34712
-120,400,-193.6721429,19.88848
-120,400,-204.6957143,17.87542
-120,400,-216.3411429,16.28448
-120,400,-228.6455714,15.085
-120,400,-241.6482857,14.24383
-120,400,-255.391,13.72857
-120,400,-269.9181429,13.50894
-120,400,-285.2767143,13.55672
-120,400,-301.5167143,13.84434
-120,400,-318.6908571,14.34306
-120,400,-336.855,15.02125
-120,400,-356.0681429,15.84362
-120,400,-376.3925714,16.77171
-120,400,-397.894,17.76551
-120,400,-420.642,18.78537
-120,400,-444.7095714,19.79327
-120,400,-470.1744286,20.75258
-120,400,-497.118,21.62703
-120,400,-525.627,22.38013
-120,400,-555.7928571,22.97734
-120,400,-587.7124286,23.39197
-120,400,-621.4882857,23.61375
-120,400,-657.229,23.65662
-120,400,-695.0501429,23.56152
-120,400,-735.0735714,23.39158
-120,420,-25.46448571,45.09416
-120,420,-26.99111429,46.81394
-120,420,-28.60712857,48.60306
-120,420,-30.3178,50.46472
-120,420,-32.1288,52.3965
-120,420,-34.0461,54.38994
-120,420,-36.07602857,56.43205
-120,420,-38.2252,58.50726
-120,420,-40.50062857,60.59823
-120,420,-42.90958571,62.68467
-120,420,-45.45972857,64.74062
-120,420,-48.15902857,66.73142
-120,420,-51.0158,68.6115
-120,420,-54.03878571,70.32421
-120,420,-57.23705714,71.80357
-120,420,-60.62017143,72.97798
-120,420,-64.19808571,73.77515
-120,420,-67.98128571,74.12772
-120,420,-71.98075714,73.97872
-120,420,-76.20807143,73.28617
-120,420,-80.67542857,72.02616
-120,420,-85.3957,70.19408
-120,420,-90.38245714,67.80429
-120,420,-95.65008571,64.88882
-120,420,-101.2137857,61.4962
-120,420,-107.0896429,57.69097
-120,420,-113.2947,53.55397
-120,420,-119.8470429,49.18233
-120,420,-126.7658143,44.68784
-120,420,-134.0714571,40.19228
-120,420,-141.7856714,35.81942
-120,420,-149.9315714,31.68486
-120,420,-158.534,27.88583
-120,420,-167.6192857,24.49358
-120,420,-177.2155714,21.55013
-120,420,-187.3531429,19.06954
-120,420,-198.0638571,17.04298
-120,420,-209.3821429,15.44554
-120,420,-221.3442857,14.24322
-120,420,-233.9892857,13.39861
-120,420,-247.358,12.87452
-120,420,-261.4944286,12.63563
-120,420,-276.4447143,12.64815
-120,420,-292.258,12.87854
-120,420,-308.9862857,13.2918
-120,420,-326.6848571,13.85061
-120,420,-345.4118571,14.51601
-120,420,-365.2291429,15.24999
-120,420,-386.202,16.01936
-120,420,-408.3995714,16.79938
-120,420,-431.8951429,17.57559
-120,420,-456.766,18.34266
-120,420,-483.0938571,19.10073
-120,420,-510.9652857,19.85058
-120,420,-540.472,20.5901
-120,420,-571.7104286,21.31346
-120,420,-604.7831429,22.01375
-120,420,-639.7981429,22.68778
-120,420,-676.8702857,23.34068
-120,420,-716.1205714,23.98776
-120,440,-25.56775714,44.68003
-120,440,-27.10032857,46.42773
-120,440,-28.72245714,48.24573
-120,440,-30.43945714,50.13546
-120,440,-32.25698571,52.09269
-120,440,-34.18104286,54.10753
-120,440,-36.21798571,56.16628
-120,440,-38.37448571,58.2539
-120,440,-40.65752857,60.35512
-120,440,-43.07447143,62.45337
-120,440,-45.63298571,64.52773
-120,440,-48.34107143,66.54931
-120,440,-51.20708571,68.47815
-120,440,-54.23975714,70.262
-120,440,-57.44822857,71.83706
-120,440,-60.842,73.13081
-120,440,-64.43108571,74.06644
-120,440,-68.22591429,74.5684
-120,440,-72.23747143,74.56845
-120,440,-76.47731429,74.01138
-120,440,-80.95757143,72.85971
-120,440,-85.69108571,71.0968
-120,440,-90.69137143,68.72819
-120,440,-95.97275714,65.78166
-120,440,-101.5503857,62.3067
-120,440,-107.4402857,58.37387
-120,440,-113.6594714,54.07429
-120,440,-120.2259429,49.51824
-120,440,-127.1588857,44.83183
-120,440,-134.4786714,40.15053
-120,440,-142.2069857,35.60955
-120,440,-150.367,31.33252
-120,440,-158.9832857,27.42085
-120,440,-168.0822857,23.94631
-120,440,-177.6921429,20.94853
-120,440,-187.8427143,18.43746
-120,440,-198.566,16.39951
-120,440,-209.8961429,14.80543
-120,440,-221.8694286,13.61803
-120,440,-234.5247143,12.79837
-120,440,-247.9028571,12.30973
-120,440,-262.0478571,12.11931
-120,440,-277.0058571,12.19803
-120,440,-292.8261429,12.51878
-120,440,-309.5608571,13.05401
-120,440,-327.265,13.77342
-120,440,-345.9968571,14.64265
-120,440,-365.8178571,15.62331
-120,440,-386.7931429,16.67466
-120,440,-408.9912857,17.75585
-120,440,-432.485,18.82784
-120,440,-457.3507143,19.85403
-120,440,-483.6695714,20.79985
-120,440,-511.527,21.63242
-120,440,-541.0137143,22.32213
-120,440,-572.2252857,22.84715
-120,440,-605.2632857,23.20008
-120,440,-640.235,23.3941
-120,440,-677.254,23.46537
-120,440,-716.4408571,23.46942
-120,450,-25.37385714,44.44119
-120,450,-26.89581429,46.11909
-120,450,-28.50678571,47.86435
-120,450,-30.21204286,49.68033
-120,450,-32.0172,51.56483
-120,450,-33.92821429,53.50973
-120,450,-35.9514,55.50271
-120,450,-38.09338571,57.5295
-120,450,-40.36115714,59.57505
-120,450,-42.76202857,61.62274
-120,450,-45.30364286,63.65178
-120,450,-47.994,65.63403
-120,450,-50.84144286,67.53138
-120,450,-53.85468571,69.29453
-120,450,-57.04284286,70.86369
-120,450,-60.41544286,72.17089
-120,450,-63.98245714,73.14386
-120,450,-67.75431429,73.71072
-120,450,-71.74198571,73.80525
-120,450,-75.95701429,73.37191
-120,450,-80.4115,72.36997
-120,450,-85.11827143,70.77643
-120,450,-90.09084286,68.58762
-120,450,-95.34345714,65.81993
-120,450,-100.8912429,62.51051
-120,450,-106.7501714,58.71815
-120,450,-112.9371571,54.52444
-120,450,-119.4701286,50.03388
-120,450,-126.3681571,45.37139
-120,450,-133.6515,40.67598
-120,450,-141.3417286,36.09029
-120,450,-149.4618571,31.74767
-120,450,-158.0364286,27.75965
-120,450,-167.0918571,24.20687
-120,450,-176.656,21.13547
-120,450,-186.7587143,18.55915
-120,450,-197.4321429,16.46564
-120,450,-208.7104286,14.82506
-120,450,-220.6295714,13.59836
-120,450,-233.2284286,12.7439
-120,450,-246.5478571,12.22186
-120,450,-260.6317143,11.99592
-120,450,-275.526,12.03313
-120,450,-291.28,12.3021
-120,450,-307.9455714,12.77088
-120,450,-325.5777143,13.40517
-120,450,-344.2347143,14.16796
-120,450,-363.978,15.02097
-120,450,-384.8728571,15.9276
-120,450,-406.988,16.85617
-120,450,-430.3964286,17.78187
-120,450,-455.1748571,18.68639
-120,450,-481.405,19.5554
-120,450,-509.1724286,20.37537
-120,450,-538.5685714,21.13181
-120,450,-569.6891429,21.81059
-120,450,-602.6362857,22.40246
-120,450,-637.5174286,22.90899
-120,450,-674.4464286,23.34691
-120,450,-713.544,23.74833
-120,460,-25.49671429,44.28201
-120,460,-27.02565714,45.98024
-120,460,-28.64391429,47.74862
-120,460,-30.3568,49.59157
-120,460,-32.16991429,51.50776
-120,460,-34.08927143,53.48958
-120,460,-36.1212,55.52478
-120,460,-38.27237143,57.59877
-120,460,-40.5498,59.69588
-120,460,-42.96082857,61.79876
-120,460,-45.51314286,63.88602
-120,460,-48.21474286,65.92925
-120,460,-51.07402857,67.89047
-120,460,-54.09971429,69.72094
-120,460,-57.30094286,71.36156
-120,460,-60.68724286,72.74478
-120,460,-64.2686,73.79777
-120,460,-68.05545714,74.44656
-120,460,-72.05878571,74.62074
-120,460,-76.29007143,74.25855
-120,460,-80.76145714,73.31148
-120,460,-85.48572857,71.74836
-120,460,-90.47634286,69.55843
-120,460,-95.74757143,66.75362
-120,460,-101.3144857,63.37044
-120,460,-107.1930571,59.4714
-120,460,-113.4001714,55.14586
-120,460,-119.9537714,50.50894
-120,460,-126.8729,45.69734
-120,460,-134.1778286,40.86103
-120,460,-141.8901143,36.15121
-120,460,-150.0328571,31.70641
-120,460,-158.6304286,27.63984
-120,460,-167.7091429,24.03096
-120,460,-177.2971429,20.92284
-120,460,-187.424,18.32532
-120,460,-198.1218571,16.22231
-120,460,-209.4245714,14.58082
-120,460,-221.3684286,13.35958
-120,460,-233.9921429,12.51593
-120,460,-247.3364286,12.01006
-120,460,-261.4451429,11.80684
-120,460,-276.3644286,11.87548
-120,460,-292.1434286,12.18762
-120,460,-308.834,12.71471
-120,460,-326.4911429,13.42554
-120,460,-345.1728571,14.28485
-120,460,-364.9405714,15.25351
-120,460,-385.8592857,16.29044
-120,460,-407.9972857,17.3552
-120,460,-431.4271429,18.41015
-120,460,-456.2252857,19.42118
-120,460,-482.4722857,20.35689
-120,460,-510.2538571,21.18781
-120,460,-539.6601429,21.88718
-120,460,-570.7867143,22.43477
-120,460,-603.7345714,22.82309
-120,460,-638.611,23.06349
-120,460,-675.5291429,23.18891
-120,460,-714.6091429,23.25107
-120,470,-25.52031429,44.24306
-120,470,-27.05125714,45.90932
-120,470,-28.67165714,47.64375
-120,470,-30.38678571,49.45128
-120,470,-32.20231429,51.33129
-120,470,-34.1242,53.27724
-120,470,-36.15882857,55.27828
-120,470,-38.31284286,57.32138
-120,470,-40.59331429,59.39258
-120,470,-43.00758571,61.47627
-120,470,-45.56338571,63.55289
-120,470,-48.26874286,65.59588
-120,470,-51.1321,67.56928
-120,470,-54.16222857,69.42643
-120,470,-57.3683,71.11028
-120,470,-60.75991429,72.55507
-120,470,-64.34705714,73.68918
-120,470,-68.14024286,74.43883
-120,470,-72.15047143,74.73236
-120,470,-76.38928571,74.5049
-120,470,-80.86882857,73.70285
-120,470,-85.60194286,72.28794
-120,470,-90.6021,70.24083
-120,470,-95.88361429,67.56415
-120,470,-101.4615571,64.28543
-120,470,-107.3519143,60.45979
-120,470,-113.5716,56.17182
-120,470,-120.1385571,51.5353
-120,470,-127.0718429,46.68923
-120,470,-134.3917286,41.78915
-120,470,-142.1197857,36.99406
-120,470,-150.279,32.45125
-120,470,-158.894,28.28232
-120,470,-167.991,24.57362
-120,470,-177.598,21.37312
-120,470,-187.7447143,18.69348
-120,470,-198.4632857,16.51956
-120,470,-209.7875714,14.81799
-120,470,-221.7538571,13.54628
-120,470,-234.4008571,12.66007
-120,470,-247.7694286,12.11775
-120,470,-261.9032857,11.88251
-120,470,-276.8487143,11.92206
-120,470,-292.6548571,12.20688
-120,470,-309.3737143,12.70765
-120,470,-327.0601429,13.3928
-120,470,-345.7722857,14.2271
-120,470,-365.5717143,15.17191
-120,470,-386.5231429,16.18688
-120,470,-408.6954286,17.23252
-120,470,-432.1608571,18.27221
-120,470,-456.996,19.27277
-120,470,-483.2817143,20.20366
-120,470,-511.1034286,21.03597
-120,470,-540.5515714,21.74318
-120,470,-571.722,22.30485
-120,470,-604.7155714,22.71274
-120,470,-639.6397143,22.97702
-120,470,-676.6077143,23.12921
-120,470,-715.7398571,23.21955
-120,480,-25.31632857,45.82169
-120,480,-26.83617143,47.54742
-120,480,-28.44502857,49.34025
-120,480,-30.14814286,51.20163
-120,480,-31.9511,53.12763
-120,480,-33.8598,55.10901
-120,480,-35.88047143,57.13332
-120,480,-38.0197,59.18735
-120,480,-40.28434286,61.25829
-120,480,-42.68162857,63.33254
-120,480,-45.21907143,65.39234
-120,480,-47.90455714,67.41169
-120,480,-50.74628571,69.35278
-120,480,-53.75287143,71.16424
-120,480,-56.93327143,72.7817
-120,480,-60.2969,74.13073
-120,480,-63.85362857,75.13185
-120,480,-67.61381429,75.70682
-120,480,-71.58835714,75.78534
-120,480,-75.78872857,75.31091
-120,480,-80.22708571,74.24499
-120,480,-84.91621429,72.56876
-120,480,-89.86965714,70.28302
-120,480,-95.10175714,67.40715
-120,480,-100.6276286,63.97859
-120,480,-106.4632429,60.05379
-120,480,-112.6255286,55.71055
-120,480,-119.1323429,51.05031
-120,480,-126.0027,46.19775
-120,480,-133.2567571,41.29579
-120,480,-140.9160571,36.49501
-120,480,-149.0035714,31.93912
-120,480,-157.544,27.75009
-120,480,-166.5637143,24.01677
-120,480,-176.0908571,20.78982
-120,480,-186.1557143,18.08345
-120,480,-196.7907143,15.88242
-120,480,-208.0304286,14.15159
-120,480,-219.9114286,12.84532
-120,480,-232.4727143,11.91504
-120,480,-245.756,11.31401
-120,480,-259.8051429,10.99934
-120,480,-274.6668571,10.93173
-120,480,-290.3908571,11.07382
-120,480,-307.0297143,11.38829
-120,480,-324.6392857,11.83674
-120,480,-343.2791429,12.38066
-120,480,-363.012,12.98458
-120,480,-383.905,13.62107
-120,480,-406.029,14.27552
-120,480,-429.459,14.94888
-120,480,-454.2745714,15.65677
-120,480,-480.5597143,16.4252
-120,480,-508.4034286,17.28419
-120,480,-537.8994286,18.26132
-120,480,-569.1467143,19.37704
-120,480,-602.2498571,20.64246
-120,480,-637.3188571,22.05984
-120,480,-674.4701429,23.6245
-120,480,-713.8264286,25.32655
-120,490,-25.26661429,44.97694
-120,490,-26.78344286,46.67576
-120,490,-28.3891,48.43956
-120,490,-30.08884286,50.26862
-120,490,-31.8882,52.15829
-120,490,-33.79308571,54.09926
-120,490,-35.80972857,56.07972
-120,490,-37.94465714,58.08776
-120,490,-40.20472857,60.11233
-120,490,-42.59717143,62.1417
-120,490,-45.12945714,64.15997
-120,490,-47.80948571,66.14276
-120,490,-50.64542857,68.05371
-120,490,-53.64587143,69.84283
-120,490,-56.81978571,71.44718
-120,490,-60.17657143,72.79392
-120,490,-63.72605714,73.8052
-120,490,-67.47858571,74.40413
-120,490,-71.44504286,74.52102
-120,490,-75.63687143,74.09878
-120,490,-80.06615714,73.09668
-120,490,-84.74568571,71.49231
-120,490,-89.68894286,69.28191
-120,490,-94.91018571,66.48021
-120,490,-100.4244857,63.12097
-120,490,-106.2477857,59.2587
-120,490,-112.3969143,54.97138
-120,490,-118.8897429,50.36243
-120,490,-125.7452429,45.55962
-120,490,-132.9835429,40.70889
-120,490,-140.6261714,35.96281
-120,490,-148.696,31.46562
-120,490,-157.2177143,27.33833
-120,490,-166.2175714,23.66786
-120,490,-175.7237143,20.50269
-120,490,-185.766,17.85527
-120,490,-196.3768571,15.70942
-120,490,-207.5905714,14.02999
-120,490,-219.4435714,12.77234
-120,490,-231.9748571,11.88971
-120,490,-245.2257143,11.33797
-120,490,-259.24,11.07752
-120,490,-274.0645714,11.07305
-120,490,-289.7485714,11.29181
-120,490,-306.3447143,11.70133
-120,490,-323.9084286,12.26782
-120,490,-342.4987143,12.95599
-120,490,-362.178,13.73084
-120,490,-383.0124286,14.56104
-120,490,-405.072,15.42261
-120,490,-428.431,16.30106
-120,490,-453.1674286,17.19101
-120,490,-479.3642857,18.0931
-120,490,-507.109,19.00952
-120,490,-536.494,19.94025
-120,490,-567.6168571,20.88166
-120,490,-600.5805714,21.8283
-120,490,-635.4942857,22.77712
-120,490,-672.4727143,23.7319
-120,490,-711.6375714,24.70564
-120,500,-28.00038571,59.07378
-120,500,-29.67665714,61.81753
-120,500,-31.45021429,64.68734
-120,500,-33.32682857,67.68132
-120,500,-35.31262857,70.78668
-120,500,-37.4141,73.97918
-120,500,-39.63808571,77.22634
-120,500,-41.99177143,80.49214
-120,500,-44.48268571,83.74004
-120,500,-47.11862857,86.93246
-120,500,-49.90775714,90.02664
-120,500,-52.85848571,92.96877
-120,500,-55.97958571,95.68865
-120,500,-59.28014286,98.09697
-120,500,-62.76967143,100.0863
-120,500,-66.4581,101.5363
-120,500,-70.35582857,102.3221
-120,500,-74.47382857,102.3265
-120,500,-78.82368571,101.4521
-120,500,-83.41758571,99.63316
-120,500,-88.2685,96.84442
-120,500,-93.39011429,93.10468
-120,500,-98.79692857,88.47592
-120,500,-104.5043,83.05855
-120,500,-110.5284857,76.985
-120,500,-116.8866857,70.41342
-120,500,-123.5971429,63.52203
-120,500,-130.6791857,56.50311
-120,500,-138.1534286,49.55489
-120,500,-146.0418571,42.87017
-120,500,-154.3678571,36.62208
-120,500,-163.1567143,30.94965
-120,500,-172.4354286,25.94687
-120,500,-182.2331429,21.65814
-120,500,-192.5811429,18.08136
-120,500,-203.513,15.17723
-120,500,-215.0645714,12.882
-120,500,-227.2744286,11.12039
-120,500,-240.1832857,9.816419
-120,500,-253.835,8.901003
-120,500,-268.276,8.316009
-120,500,-283.5555714,8.015503
-120,500,-299.7265714,7.964866
-120,500,-316.8448571,8.138571
-120,500,-334.9704286,8.517394
-120,500,-354.167,9.085771
-120,500,-374.5025714,9.830062
-120,500,-396.0497143,10.73829
-120,500,-418.8855714,11.80149
-120,500,-443.0921429,13.01604
-120,500,-468.7564286,14.38576
-120,500,-495.9702857,15.92224
-120,500,-524.8312857,17.64248
-120,500,-555.4415714,19.56416
-120,500,-587.909,21.70014
-120,500,-622.3472857,24.05514
-120,500,-658.8752857,26.62752
-120,500,-697.6181429,29.4171
-120,500,-738.7072857,32.43697
-120,500,-782.2805714,35.72366
-120,510,-27.99398571,54.43804
-120,510,-29.66882857,56.9763
-120,510,-31.44095714,59.6321
-120,510,-33.31611429,62.40435
-120,510,-35.30041429,65.28229
-120,510,-37.40035714,68.24516
-120,510,-39.62275714,71.26547
-120,510,-41.97475714,74.31342
-120,510,-44.46387143,77.35959
-120,510,-47.09784286,80.37378
-120,510,-49.8848,83.32012
-120,510,-52.83311429,86.1502
-120,510,-55.95152857,88.79695
-120,510,-59.24912857,91.17154
-120,510,-62.73541429,93.16499
-120,510,-66.42028571,94.65464
-120,510,-70.31414286,95.51498
-120,510,-74.42791429,95.63066
-120,510,-78.7731,94.90945
-120,510,-83.36187143,93.29242
-120,510,-88.20702857,90.75974
-120,510,-93.32217143,87.33174
-120,510,-98.72162857,83.06627
-120,510,-104.4206429,78.05432
-120,510,-110.4353143,72.4157
-120,510,-116.7828,66.29533
-120,510,-123.4813,59.85971
-120,510,-130.5501857,53.29181
-120,510,-138.0101,46.78256
-120,510,-145.8831429,40.51858
-120,510,-154.1925714,34.66724
-120,510,-162.9638571,29.36224
-120,510,-172.2234286,24.69326
-120,510,-182.0002857,20.70236
-120,510,-192.3248571,17.38777
-120,510,-203.2301429,14.71346
-120,510,-214.7511429,12.62179
-120,510,-226.9257143,11.04611
-120,510,-239.794,9.921469
-120,510,-253.3992857,9.192221
-120,510,-267.7874286,8.816706
-120,510,-283.0075714,8.769381
-120,510,-299.112,9.04101
-120,510,-316.1561429,9.637222
-120,510,-334.1985714,10.57539
-120,510,-353.3015714,11.87941
-120,510,-373.5305714,13.57163
-120,510,-394.955,15.66151
-120,510,-417.6475714,18.13074
-120,510,-441.6851429,20.91651
-120,510,-467.1485714,23.89668
-120,510,-494.1232857,26.88368
-120,510,-522.6988571,29.63587
-120,510,-552.97,31.89229
-120,510,-585.0364286,33.42791
-120,510,-619.0038571,34.11324
-120,510,-654.9832857,33.95385
-120,510,-693.0925714,33.09072
-120,510,-733.4561429,31.76175
-120,510,-776.2055714,30.24334
-120,520,-25.39992857,45.12858
-120,520,-26.92484286,46.83693
-120,520,-28.53905714,48.61232
-120,520,-30.24782857,50.45639
-120,520,-32.05677143,52.36513
-120,520,-33.97177143,54.3289
-120,520,-35.99911429,56.3345
-120,520,-38.14534286,58.36785
-120,520,-40.41738571,60.41546
-120,520,-42.82245714,62.46369
-120,520,-45.36812857,64.49585
-120,520,-48.06227143,66.48836
-120,520,-50.91315714,68.40727
-120,520,-53.92941429,70.20614
-120,520,-57.12004286,71.82595
-120,520,-60.49448571,73.19711
-120,520,-64.06264286,74.24339
-120,520,-67.83491429,74.88736
-120,520,-71.8222,75.05648
-120,520,-76.03602857,74.68904
-120,520,-80.48852857,73.73888
-120,520,-85.19254286,72.17835
-120,520,-90.16158571,69.99961
-120,520,-95.41,67.21499
-120,520,-100.9528857,63.85748
-120,520,-106.8062429,59.98212
-120,520,-112.9870143,55.66817
-120,520,-119.5131143,51.0206
-120,520,-126.4035857,46.16867
-120,520,-133.6786571,41.25988
-120,520,-141.3599429,36.44862
-120,520,-149.4704286,31.8814
-120,520,-158.0348571,27.68201
-120,520,-167.0795714,23.94042
-120,520,-176.6325714,20.70807
-120,520,-186.7242857,17.99985
-120,520,-197.3867143,15.8012
-120,520,-208.6544286,14.07785
-120,520,-220.564,12.7854
-120,520,-233.1545714,11.87711
-120,520,-246.4675714,11.30897
-120,520,-260.5471429,11.042
-120,520,-275.4402857,11.0422
-120,520,-291.1964286,11.27888
-120,520,-307.8684286,11.72229
-120,520,-325.5121429,12.34139
-120,520,-344.1867143,13.10287
-120,520,-363.9545714,13.9719
-120,520,-384.8822857,14.91451
-120,520,-407.0398571,15.90055
-120,520,-430.5012857,16.9059
-120,520,-455.345,17.91266
-120,520,-481.6538571,18.90729
-120,520,-509.5152857,19.87774
-120,520,-539.0217143,20.81149
-120,520,-570.2707143,21.69606
-120,520,-603.3652857,22.52261
-120,520,-638.4144286,23.29106
-120,520,-675.5334286,24.01447
-120,520,-714.8438571,24.72013
-120,530,-25.63585714,45.06157
-120,530,-27.17297143,46.87292
-120,530,-28.79994286,48.75643
-120,530,-30.52205714,50.71113
-120,530,-32.34495714,52.73083
-120,530,-34.2746,54.80448
-120,530,-36.31725714,56.91848
-120,530,-38.47951429,59.05921
-120,530,-40.7683,61.21397
-120,530,-43.19082857,63.36921
-120,530,-45.75465714,65.50674
-120,530,-48.46765714,67.59907
-120,530,-51.33804286,69.60579
-120,530,-54.37444286,71.47199
-120,530,-57.58581429,73.12935
-120,530,-60.9816,74.49964
-120,530,-64.57164286,75.50017
-120,530,-68.36631429,76.05036
-120,530,-72.37648571,76.07845
-120,530,-76.61364286,75.52737
-120,530,-81.08987143,74.35897
-120,530,-85.81794286,72.55619
-120,530,-90.81132857,70.12355
-120,530,-96.08431429,67.08668
-120,530,-101.6519857,63.4921
-120,530,-107.5303,59.40775
-120,530,-113.7361857,54.92408
-120,530,-120.2875857,50.15432
-120,530,-127.2035429,45.23206
-120,530,-134.5043286,40.30434
-120,530,-142.2115571,35.52051
-120,530,-150.3482857,31.01827
-120,530,-158.9391429,26.91041
-120,530,-168.0102857,23.27559
-120,530,-177.59,20.15522
-120,530,-187.7084286,17.55649
-120,530,-198.3972857,15.46006
-120,530,-209.6911429,13.82953
-120,530,-221.6262857,12.62073
-120,530,-234.2417143,11.78887
-120,530,-247.5788571,11.29311
-120,530,-261.6814286,11.09856
-120,530,-276.5964286,11.17587
-120,530,-292.3731429,11.49934
-120,530,-309.064,12.04405
-120,530,-326.7242857,12.78288
-120,530,-345.4127143,13.68436
-120,530,-365.191,14.71192
-120,530,-386.1247143,15.82485
-120,530,-408.2825714,16.9803
-120,530,-431.7375714,18.13556
-120,530,-456.5665714,19.24954
-120,530,-482.8508571,20.28347
-120,530,-510.6762857,21.20153
-120,530,-540.1334286,21.97296
-120,530,-571.3181429,22.57639
-120,530,-604.3321429,23.00582
-120,530,-639.2827143,23.27586
-120,530,-676.2832857,23.42341
-120,530,-715.4544286,23.50417
-120,540,-25.54667143,47.29141
-120,540,-27.07947143,49.1564
-120,540,-28.70184286,51.09232
-120,540,-30.41905714,53.09596
-120,540,-32.23671429,55.15871
-120,540,-34.16077143,57.2673
-120,540,-36.19751429,59.40649
-120,540,-38.35355714,61.56201
-120,540,-40.63581429,63.72166
-120,540,-43.05154286,65.87339
-120,540,-45.60831429,68.00096
-120,540,-48.31401429,70.07857
-120,540,-51.17691429,72.06648
-120,540,-54.20558571,73.90893
-120,540,-57.40905714,75.53503
-120,540,-60.79672857,76.86251
-120,540,-64.3785,77.80384
-120,540,-68.16472857,78.2736
-120,540,-72.16635714,78.19598
-120,540,-76.3949,77.51124
-120,540,-80.86251429,76.1802
-120,540,-85.58202857,74.18641
-120,540,-90.56701429,71.53653
-120,540,-95.8318,68.25978
-120,540,-101.3915429,64.4077
-120,540,-107.2622857,60.05464
-120,540,-113.4610143,55.29883
-120,540,-120.0057571,50.26221
-120,540,-126.9156714,45.08726
-120,540,-134.2112,39.92912
-120,540,-141.9141429,34.94325
-120,540,-150.0478571,30.27066
-120,540,-158.6371429,26.02426
-120,540,-167.7088571,22.27972
-120,540,-177.2915714,19.07301
-120,540,-187.416,16.40432
-120,540,-198.1147143,14.24653
-120,540,-209.4227143,12.55543
-120,540,-221.3772857,11.27944
-120,540,-234.0181429,10.36715
-120,540,-247.3875714,9.772171
-120,540,-261.5305714,9.455504
-120,540,-276.495,9.385926
-120,540,-292.3318571,9.539088
-120,540,-309.0951429,9.896001
-120,540,-326.8427143,10.44147
-120,540,-345.6354286,11.16282
-120,540,-365.5384286,12.04911
-120,540,-386.6204286,13.09031
-120,540,-408.9545714,14.27603
-120,540,-432.6177143,15.59313
-120,540,-457.6915714,17.02199
-120,540,-484.2622857,18.53249
-120,540,-512.4204286,20.08164
-120,540,-542.2621429,21.61565
-120,540,-573.8882857,23.0783
-120,540,-607.4054286,24.42506
-120,540,-642.9257143,25.63875
-120,540,-680.5677143,26.74059
-120,540,-720.4564286,27.79163
-120,550,-25.11748571,44.08945
-120,550,-26.62468571,45.78818
-120,550,-28.22011429,47.54979
-120,550,-29.90898571,49.37109
-120,550,-31.69682857,51.24416
-120,550,-33.58947143,53.15703
-120,550,-35.59311429,55.09622
-120,550,-37.71421429,57.04937
-120,550,-39.95961429,59.00611
-120,550,-42.33642857,60.95631
-120,550,-44.85211429,62.8859
-120,550,-47.51444286,64.77202
-120,550,-50.33154286,66.57901
-120,550,-53.31194286,68.2565
-120,550,-56.46451429,69.74034
-120,550,-59.79858571,70.95612
-120,550,-63.3239,71.82486
-120,550,-67.05074286,72.26981
-120,550,-70.9899,72.22335
-120,550,-75.15277143,71.63283
-120,550,-79.55134286,70.46456
-120,550,-84.1983,68.70549
-120,550,-89.10707143,66.36315
-120,550,-94.29182857,63.46448
-120,550,-99.76755714,60.05497
-120,550,-105.5501286,56.19863
-120,550,-111.6563571,51.97876
-120,550,-118.1040714,47.49836
-120,550,-124.9122286,42.87842
-120,550,-132.1010143,38.25247
-120,550,-139.6919,33.75705
-120,550,-147.7078571,29.51949
-120,550,-156.1734286,25.64578
-120,550,-165.1147143,22.21162
-120,550,-174.5598571,19.2589
-120,550,-184.5387143,16.79783
-120,550,-195.0834286,14.81347
-120,550,-206.228,13.27448
-120,550,-218.009,12.14171
-120,550,-230.4652857,11.37516
-120,550,-243.6381429,10.93856
-120,550,-257.5717143,10.80137
-120,550,-272.3127143,10.93855
-120,550,-287.9104286,11.32857
-120,550,-304.4177143,11.95045
-120,550,-321.8897143,12.7804
-120,550,-340.3855714,13.78923
-120,550,-359.9671429,14.94106
-120,550,-380.7001429,16.19381
-120,550,-402.6537143,17.50095
-120,550,-425.9011429,18.81372
-120,550,-450.5197143,20.08286
-120,550,-476.5908571,21.26005
-120,550,-504.2008571,22.29961
-120,550,-533.441,23.16232
-120,550,-564.4071429,23.82146
-120,550,-597.2014286,24.27025
-120,550,-631.9312857,24.52756
-120,550,-668.7107143,24.63891
-120,550,-707.6604286,24.67131
-120,560,-27.06735714,62.71546
-120,560,-28.694,65.23019
-120,560,-30.41467143,67.83803
-120,560,-32.23507143,70.52995
-120,560,-34.16128571,73.28911
-120,560,-36.19985714,76.0917
-120,560,-38.35765714,78.91043
-120,560,-40.64188571,81.71818
-120,560,-43.05998571,84.48899
-120,560,-45.61968571,87.19482
-120,560,-48.32891429,89.79921
-120,560,-51.19584286,92.24995
-120,560,-54.22891429,94.47384
-120,560,-57.43688571,96.37547
-120,560,-60.82897143,97.84115
-120,560,-64.41492857,98.74755
-120,560,-68.20511429,98.97378
-120,560,-72.21065714,98.41471
-120,560,-76.44347143,96.99304
-120,560,-80.91624286,94.66798
-120,560,-85.64247143,91.43885
-120,560,-90.63638571,87.3439
-120,560,-95.9129,82.45544
-120,560,-101.4876429,76.8736
-120,560,-107.3769429,70.72095
-120,560,-113.5979143,64.13909
-120,560,-120.1686,57.28681
-120,560,-127.1081286,50.33784
-120,560,-134.4369286,43.47569
-120,560,-142.1769857,36.88376
-120,560,-150.3521429,30.73113
-120,560,-158.9881429,25.15664
-120,560,-168.113,20.25551
-120,560,-177.7575714,16.07236
-120,560,-187.9547143,12.60235
-120,560,-198.7404286,9.799812
-120,560,-210.1535714,7.591264
-120,560,-222.2352857,5.889434
-120,560,-235.03,4.605371
-120,560,-248.5854286,3.657192
-120,560,-262.9525714,2.975313
-120,560,-278.1864286,2.504891
-120,560,-294.3467143,2.206649
-120,560,-311.4984286,2.057295
-120,560,-329.7127143,2.050768
-120,560,-349.0672857,2.201534
-120,560,-369.6468571,2.551386
-120,560,-391.5441429,3.18139
-120,560,-414.8594286,4.230541
-120,560,-439.7017143,5.920919
-120,560,-466.188,8.583585
-120,560,-494.4438571,12.66657
-120,560,-524.6028571,18.6861
-120,560,-556.8061429,27.06879
-120,560,-591.202,37.86838
-120,560,-627.9441429,50.47426
-120,560,-667.1907143,63.60221
-120,560,-709.1015714,75.81518
-120,560,-753.8357143,86.38972
-120,560,-801.5482857,95.93613
-120,570,-25.77317143,41.2935
-120,570,-27.31915714,42.96147
-120,570,-28.95554286,44.6923
-120,570,-30.68762857,46.48072
-120,570,-32.52102857,48.31633
-120,570,-34.46167143,50.18427
-120,570,-36.51584286,52.06773
-120,570,-38.69012857,53.95063
-120,570,-40.99148571,55.81863
-120,570,-43.42718571,57.65736
-120,570,-46.00481429,59.44836
-120,570,-48.73234286,61.16437
-120,570,-51.61808571,62.76552
-120,570,-54.67071429,64.19805
-120,570,-57.89932857,65.39611
-120,570,-61.31348571,66.28635
-120,570,-64.92321429,66.79483
-120,570,-68.739,66.85475
-120,570,-72.77194286,66.41366
-120,570,-77.03362857,65.43881
-120,570,-81.53627143,63.9197
-120,570,-86.2927,61.86763
-120,570,-91.31648571,59.3131
-120,570,-96.62191429,56.30231
-120,570,-102.2242286,52.89415
-120,570,-108.1396857,49.15877
-120,570,-114.3856857,45.17745
-120,570,-120.9809,41.04292
-120,570,-127.9453571,36.85832
-120,570,-135.3004143,32.73346
-120,570,-143.0688571,28.7778
-120,570,-151.2747143,25.09137
-120,570,-159.9435714,21.7558
-120,570,-169.1022857,18.82794
-120,570,-178.7794286,16.33777
-120,570,-189.005,14.29103
-120,570,-199.8115714,12.67534
-120,570,-211.2334286,11.46837
-120,570,-223.3075714,10.64612
-120,570,-236.0742857,10.19055
-120,570,-249.5761429,10.09581
-120,570,-263.8594286,10.3734
-120,570,-278.9732857,11.05631
-120,570,-294.9698571,12.20203
-120,570,-311.9045714,13.89358
-120,570,-329.8351429,16.23622
-120,570,-348.8224286,19.34531
-120,570,-368.9292857,23.31881
-120,570,-390.2215714,28.18652
-120,570,-412.7672857,33.83271
-120,570,-436.6372857,39.9044
-120,570,-461.9058571,45.7474
-120,570,-488.6505714,50.44414
-120,570,-516.9531429,53.02
-120,570,-546.8998571,52.79425
-120,570,-578.5825714,49.70525
-120,570,-612.099,44.38308
-120,570,-647.5532857,37.89366
-120,570,-685.0567143,31.32325
-120,570,-724.7282857,25.45982
-120,580,-25.70924286,41.25214
-120,580,-27.25054286,42.97719
-120,580,-28.88187143,44.76773
-120,580,-30.60848571,46.6163
-120,580,-32.43598571,48.51002
-120,580,-34.37027143,50.43134
-120,580,-36.41758571,52.3608
-120,580,-38.58448571,54.27984
-120,580,-40.87787143,56.17184
-120,580,-43.30494286,58.02019
-120,580,-45.87328571,59.804
-120,580,-48.59078571,61.49308
-120,580,-51.46567143,63.04413
-120,580,-54.50657143,64.39967
-120,580,-57.72251429,65.49034
-120,580,-61.12298571,66.24046
-120,580,-64.71788571,66.57581
-120,580,-68.51767143,66.43221
-120,580,-72.53331429,65.76333
-120,580,-76.77635714,64.54596
-120,580,-81.2589,62.78199
-120,580,-85.99375714,60.49682
-120,580,-90.99437143,57.73543
-120,580,-96.27504286,54.55723
-120,580,-101.8509571,51.0318
-120,580,-107.7383286,47.23622
-120,580,-113.9545429,43.25421
-120,580,-120.5182714,39.17606
-120,580,-127.4495143,35.09789
-120,580,-134.7696429,31.11867
-120,580,-142.5013714,27.33472
-120,580,-150.6688571,23.83239
-120,580,-159.2974286,20.68084
-120,580,-168.414,17.92699
-120,580,-178.0471429,15.59418
-120,580,-188.227,13.68474
-120,580,-198.9857143,12.18574
-120,580,-210.3577143,11.07627
-120,580,-222.3802857,10.33512
-120,580,-235.0931429,9.947698
-120,580,-248.5391429,9.911914
-120,580,-262.7644286,10.24315
-120,580,-277.8182857,10.97834
-120,580,-293.7525714,12.17905
-120,580,-310.6225714,13.9325
-120,580,-328.4861429,16.34815
-120,580,-347.4037143,19.54516
-120,580,-367.4384286,23.62385
-120,580,-388.6554286,28.61309
-120,580,-411.123,34.3906
-120,580,-434.9117143,40.58877
-120,580,-460.0954286,46.53064
-120,580,-486.7515714,51.27231
-120,580,-514.9615714,53.81971
-120,580,-544.8118571,53.491
-120,580,-576.3937143,50.24593
-120,580,-609.8045714,44.74972
-120,580,-645.1485714,38.10116
-120,580,-682.5365714,31.40537
-120,580,-722.0874286,25.45368
-120,590,-25.62857143,50.21872
-120,590,-27.16518571,52.27222
-120,590,-28.79162857,54.39948
-120,590,-30.51318571,56.58915
-120,590,-32.33548571,58.82391
-120,590,-34.26447143,61.08175
-120,590,-36.30641429,63.33963
-120,590,-38.4679,65.57708
-120,590,-40.75584286,67.77732
-120,590,-43.17744286,69.92475
-120,590,-45.74025714,71.99941
-120,590,-48.45212857,73.97044
-120,590,-51.32128571,75.79096
-120,590,-54.35632857,77.39641
-120,590,-57.56621429,78.70695
-120,590,-60.96038571,79.63402
-120,590,-64.54877143,80.08976
-120,590,-68.34177143,79.99751
-120,590,-72.3504,79.30124
-120,590,-76.58628571,77.97181
-120,590,-81.0617,76.00892
-120,590,-85.78967143,73.43867
-120,590,-90.78395714,70.30806
-120,590,-96.05915714,66.6787
-120,590,-101.6306571,62.62181
-120,590,-107.5147857,58.21608
-120,590,-113.7287571,53.54823
-120,590,-120.2908286,48.715
-120,590,-127.2203857,43.82419
-120,590,-134.5380143,38.99242
-120,590,-142.2657571,34.33881
-120,590,-150.4271429,29.97515
-120,590,-159.0475714,25.99513
-120,590,-168.1541429,22.46574
-120,590,-177.776,19.4231
-120,590,-187.9444286,16.87354
-120,590,-198.6928571,14.79899
-120,590,-210.0571429,13.16463
-120,590,-222.0748571,11.92664
-120,590,-234.7865714,11.03846
-120,590,-248.235,10.45478
-120,590,-262.4654286,10.13304
-120,590,-277.5261429,10.03301
-120,590,-293.4685714,10.1153
-120,590,-310.3472857,10.34009
-120,590,-328.2207143,10.66746
-120,590,-347.151,11.06029
-120,590,-367.2048571,11.48994
-120,590,-388.4527143,11.943
-120,590,-410.9701429,12.42679
-120,590,-434.8371429,12.97116
-120,590,-460.1385714,13.62583
-120,590,-486.9642857,14.45456
-120,590,-515.409,15.52804
-120,590,-545.573,16.91738
-120,590,-577.5615714,18.68885
-120,590,-611.4858571,20.90006
-120,590,-647.4625714,23.59735
-120,590,-685.6142857,26.81343
-120,590,-726.0705714,30.56304
-120,600,-24.32777143,42.09541
-120,600,-25.78805714,43.62262
-120,600,-27.33402857,45.1986
-120,600,-28.97075714,46.81591
-120,600,-30.70362857,48.46343
-120,600,-32.53834286,50.12752
-120,600,-34.48092857,51.79458
-120,600,-36.53775714,53.45335
-120,600,-38.7155,55.09532
-120,600,-41.0212,56.7124
-120,600,-43.46217143,58.29249
-120,600,-46.04612857,59.81464
-120,600,-48.78111429,61.24541
-120,600,-51.67554286,62.5377
-120,600,-54.73822857,63.6327
-120,600,-57.97844286,64.46463
-120,600,-61.40584286,64.9675
-120,600,-65.03065714,65.08256
-120,600,-68.86358571,64.76478
-120,600,-72.91591429,63.98722
-120,600,-77.19957143,62.74225
-120,600,-81.72714286,61.0398
-120,600,-86.51192857,58.9036
-120,600,-91.56798571,56.36706
-120,600,-96.9102,53.47029
-120,600,-102.5543286,50.25961
-120,600,-108.5170714,46.78924
-120,600,-114.8161429,43.12424
-120,600,-121.4703571,39.34275
-120,600,-128.4997429,35.53538
-120,600,-135.9256,31.80075
-120,600,-143.7707143,28.2375
-120,600,-152.0591429,24.93464
-120,600,-160.8168571,21.96292
-120,600,-170.0712857,19.36954
-120,600,-179.8521429,17.17726
-120,600,-190.1907143,15.38748
-120,600,-201.1205714,13.98598
-120,600,-212.6774286,12.9493
-120,600,-224.8992857,12.2505
-120,600,-237.8271429,11.86324
-120,600,-251.5037143,11.76384
-120,600,-265.9751429,11.93138
-120,600,-281.2898571,12.34634
-120,600,-297.4997143,12.98809
-120,600,-314.6591429,13.83234
-120,600,-332.8258571,14.84903
-120,600,-352.0612857,16.00162
-120,600,-372.4297143,17.24776
-120,600,-393.9995714,18.54094
-120,600,-416.8431429,19.8324
-120,600,-441.0365714,21.07242
-120,600,-466.6602857,22.21148
-120,600,-493.7995714,23.2022
-120,600,-522.5444286,24.00364
-120,600,-552.9902857,24.58824
-120,600,-585.2375714,24.94988
-120,600,-619.393,25.10974
-120,600,-655.5694286,25.11687
-120,600,-693.8864286,25.04213
-120,610,-23.9184,41.03286
-120,610,-25.35467143,42.48532
-120,610,-26.87532857,43.98154
-120,610,-28.4854,45.51296
-120,610,-30.19015714,47.06763
-120,610,-31.99522857,48.63141
-120,610,-33.90655714,50.19058
-120,610,-35.93035714,51.73402
-120,610,-38.07324286,53.25351
-120,610,-40.3421,54.7414
-120,610,-42.74414286,56.18624
-120,610,-45.28698571,57.56802
-120,610,-47.97854286,58.85468
-120,610,-50.82712857,60.00121
-120,610,-53.84145714,60.95179
-120,610,-57.03065714,61.64484
-120,610,-60.40434286,62.01991
-120,610,-63.9726,62.0252
-120,610,-67.74607143,61.62382
-120,610,-71.73592857,60.7976
-120,610,-75.95401429,59.54742
-120,610,-80.41284286,57.89036
-120,610,-85.12558571,55.85488
-120,610,-90.10622857,53.47565
-120,610,-95.36954286,50.79012
-120,610,-100.9311857,47.83771
-120,610,-106.8077,44.66198
-120,610,-113.0166857,41.31441
-120,610,-119.5768,37.8579
-120,610,-126.5078857,34.36785
-120,610,-133.8310571,30.92937
-120,610,-141.5688429,27.63077
-120,610,-149.7452857,24.55479
-120,610,-158.3858571,21.77018
-120,610,-167.5181429,19.32585
-120,610,-177.1711429,17.24891
-120,610,-187.3761429,15.54662
-120,610,-198.1662857,14.21086
-120,610,-209.5771429,13.22376
-120,610,-221.6464286,12.56283
-120,610,-234.4141429,12.20471
-120,610,-247.9231429,12.12703
-120,610,-262.2187143,12.30846
-120,610,-277.349,12.7273
-120,610,-293.3651429,13.35918
-120,610,-310.321,14.17494
-120,610,-328.2738571,15.13945
-120,610,-347.2841429,16.21223
-120,610,-367.416,17.3497
-120,610,-388.7371429,18.50842
-120,610,-411.3188571,19.64791
-120,610,-435.2371429,20.73198
-120,610,-460.5715714,21.72854
-120,610,-487.407,22.60907
-120,610,-515.8325714,23.34949
-120,610,-545.9428571,23.93336
-120,610,-577.8378571,24.35714
-120,610,-611.6235714,24.63511
-120,610,-647.4117143,24.80135
-120,610,-685.3211429,24.90689
-120,620,-23.78388571,40.93334
-120,620,-25.21262857,42.36734
-120,620,-26.72538571,43.84029
-120,620,-28.32712857,45.33995
-120,620,-30.02312857,46.85132
-120,620,-31.81897143,48.35837
-120,620,-33.72054286,49.84698
-120,620,-35.73407143,51.30726
-120,620,-37.8661,52.73362
-120,620,-40.12348571,54.12205
-120,620,-42.51344286,55.46513
-120,620,-45.04352857,56.74677
-120,620,-47.72164286,57.93833
-120,620,-50.55608571,58.99756
-120,620,-53.55557143,59.87086
-120,620,-56.72922857,60.49858
-120,620,-60.08664286,60.82226
-120,620,-63.63791429,60.79239
-120,620,-67.39368571,60.37472
-120,620,-71.36517143,59.55387
-120,620,-75.56418571,58.33326
-120,620,-80.00325714,56.73187
-120,620,-84.69558571,54.77892
-120,620,-89.65517143,52.50845
-120,620,-94.89678571,49.95559
-120,620,-100.4360857,47.15555
-120,620,-106.2896429,44.1457
-120,620,-112.4750429,40.96951
-120,620,-119.0109286,37.6807
-120,620,-125.9171429,34.34537
-120,620,-133.2148,31.0406
-120,620,-140.9264143,27.84922
-120,620,-149.076,24.85176
-120,620,-157.689,22.118
-120,620,-166.7931429,19.70039
-120,620,-176.4171429,17.63096
-120,620,-186.5924286,15.92207
-120,620,-197.3521429,14.57003
-120,620,-208.7317143,13.56021
-120,620,-220.7687143,12.87197
-120,620,-233.5032857,12.48245
-120,620,-246.9781429,12.36866
-120,620,-261.2384286,12.5078
-120,620,-276.3322857,12.87628
-120,620,-292.3107143,13.44796
-120,620,-309.2275714,14.19276
-120,620,-327.1402857,15.07628
-120,620,-346.1092857,16.0611
-120,620,-366.1987143,17.10936
-120,620,-387.4762857,18.18563
-120,620,-410.014,19.2588
-120,620,-433.8875714,20.30189
-120,620,-459.1771429,21.29028
-120,620,-485.9675714,22.19978
-120,620,-514.3484286,23.00671
-120,620,-544.4145714,23.69117
-120,620,-576.2662857,24.24319
-120,620,-610.0095714,24.66926
-120,620,-645.7567143,24.99596
-120,620,-683.6267143,25.26843
-120,640,-23.58311429,40.6873
-120,640,-25.00002857,42.12993
-120,640,-26.50038571,43.60721
-120,640,-28.08908571,45.10135
-120,640,-29.77134286,46.5917
-120,640,-31.55268571,48.05704
-120,640,-33.43894286,49.47895
-120,640,-35.43624286,50.8445
-120,640,-37.55104286,52.14645
-120,640,-39.79012857,53.38032
-120,640,-42.16062857,54.53916
-120,640,-44.67,55.60803
-120,640,-47.3261,56.56019
-120,640,-50.13714286,57.35651
-120,640,-53.1118,57.94848
-120,640,-56.25914286,58.28446
-120,640,-59.58877143,58.31759
-120,640,-63.11075714,58.01364
-120,640,-66.83572857,57.35645
-120,640,-70.77492857,56.34966
-120,640,-74.9402,55.01425
-120,640,-79.3441,53.38253
-120,640,-83.99987143,51.4908
-120,640,-88.92155714,49.3726
-120,640,-94.12397143,47.05493
-120,640,-99.62284286,44.55824
-120,640,-105.4348,41.90036
-120,640,-111.5774714,39.10291
-120,640,-118.0695857,36.19801
-120,640,-124.9310429,33.23273
-120,640,-132.1829857,30.26932
-120,640,-139.8479714,27.38073
-120,640,-147.95,24.64244
-120,640,-156.5147143,22.12335
-120,640,-165.5695714,19.87818
-120,640,-175.1434286,17.94337
-120,640,-185.2677143,16.33694
-120,640,-195.9754286,15.06125
-120,640,-207.302,14.10748
-120,640,-219.2851429,13.46009
-120,640,-231.9645714,13.1003
-120,640,-245.3832857,13.0081
-120,640,-259.5862857,13.16266
-120,640,-274.6217143,13.54154
-120,640,-290.5402857,14.11939
-120,640,-307.3962857,14.86697
-120,640,-325.2467143,15.75112
-120,640,-344.1521429,16.73621
-120,640,-364.1767143,17.78646
-120,640,-385.3881429,18.86828
-120,640,-407.8584286,19.95131
-120,640,-431.6631429,21.00761
-120,640,-456.8825714,22.00959
-120,640,-483.6015714,22.9285
-120,640,-511.9098571,23.73537
-120,640,-541.9021429,24.40576
-120,640,-573.679,24.92719
-120,640,-607.3465714,25.30651
-120,640,-643.0172857,25.57361
-120,640,-680.81,25.77899
-120,660,-23.84248571,41.34303
-120,660,-25.27457143,42.90425
-120,660,-26.79087143,44.49597
-120,660,-28.3963,46.08754
-120,660,-30.0961,47.64516
-120,660,-31.8958,49.1356
-120,660,-33.80124286,50.53146
-120,660,-35.81858571,51.81545
-120,660,-37.9543,52.98138
-120,660,-40.21518571,54.03081
-120,660,-42.60841429,54.96666
-120,660,-45.14148571,55.78596
-120,660,-47.82232857,56.47456
-120,660,-50.65921429,57.00547
-120,660,-53.6609,57.34158
-120,660,-56.83657143,57.44195
-120,660,-60.19592857,57.26997
-120,660,-63.74918571,56.80119
-120,660,-67.50711429,56.02831
-120,660,-71.48108571,54.96211
-120,660,-75.68312857,53.62785
-120,660,-80.12592857,52.05866
-120,660,-84.82294286,50.28775
-120,660,-89.78837143,48.34203
-120,660,-95.03724286,46.23892
-120,660,-100.5855,43.98713
-120,660,-106.4499714,41.59136
-120,660,-112.6485571,39.05946
-120,660,-119.2002,36.40998
-120,660,-126.1250286,33.67761
-120,660,-133.4444286,30.91457
-120,660,-141.1811571,28.18713
-120,660,-149.3594286,25.56815
-120,660,-158.005,23.12796
-120,660,-167.1452857,20.92603
-120,660,-176.8097143,19.00584
-120,660,-187.0292857,17.39332
-120,660,-197.8374286,16.09864
-120,660,-209.2694286,15.11989
-120,660,-221.3632857,14.44724
-120,660,-234.1591429,14.06651
-120,660,-247.6998571,13.96141
-120,660,-262.0308571,14.11425
-120,660,-277.2002857,14.50549
-120,660,-293.2594286,15.11249
-120,660,-310.2622857,15.90826
-120,660,-328.2662857,16.86088
-120,660,-347.332,17.93392
-120,660,-367.5234286,19.0877
-120,660,-388.9081429,20.28058
-120,660,-411.5578571,21.46943
-120,660,-435.548,22.60907
-120,660,-460.9587143,23.65159
-120,660,-487.8744286,24.54749
-120,660,-516.3845714,25.25051
-120,660,-546.584,25.72671
-120,660,-578.5727143,25.9652
-120,660,-612.4571429,25.98629
-120,660,-648.3497143,25.84257
-120,660,-686.3695714,25.61155
-130,450,-25.28114286,43.96925
-130,450,-26.7977,45.59143
-130,450,-28.40294286,47.27492
-130,450,-30.1021,49.02105
-130,450,-31.90078571,50.82721
-130,450,-33.80494286,52.68735
-130,450,-35.82087143,54.59388
-130,450,-37.9552,56.53947
-130,450,-40.2149,58.51717
-130,450,-42.60727143,60.51808
-130,450,-45.13997143,62.52723
-130,450,-47.82097143,64.51901
-130,450,-50.65862857,66.45399
-130,450,-53.66165714,68.27802
-130,450,-56.83912857,69.92409
-130,450,-60.20058571,71.31649
-130,450,-63.75594286,72.37647
-130,450,-67.51565714,73.02834
-130,450,-71.49064286,73.20499
-130,450,-75.69241429,72.85215
-130,450,-80.13304286,71.93105
-130,450,-84.8253,70.41967
-130,450,-89.78265714,68.31324
-130,450,-95.01934286,65.62482
-130,450,-100.5504,62.38668
-130,450,-106.3917429,58.65261
-130,450,-112.5602429,54.50049
-130,450,-119.0737714,50.03345
-130,450,-125.9513143,45.37772
-130,450,-133.2130714,40.67587
-130,450,-140.8805286,36.07531
-130,450,-148.9767143,31.71433
-130,450,-157.5258571,27.7085
-130,450,-166.5544286,24.14119
-130,450,-176.0901429,21.05985
-130,450,-186.1628571,18.47841
-130,450,-196.8045714,16.38412
-130,450,-208.049,14.7464
-130,450,-219.9324286,13.5255
-130,450,-232.4932857,12.67941
-130,450,-245.7725714,12.16816
-130,450,-259.8137143,11.95569
-130,450,-274.6628571,12.00948
-130,450,-290.369,12.29871
-130,450,-306.9837143,12.7919
-130,450,-324.5621429,13.45488
-130,450,-343.162,14.2502
-130,450,-362.8447143,15.1384
-130,450,-383.6751429,16.08098
-130,450,-405.7218571,17.0436
-130,450,-429.0572857,17.9983
-130,450,-453.758,18.92324
-130,450,-479.905,19.80038
-130,450,-507.5838571,20.61252
-130,450,-536.8848571,21.34202
-130,450,-567.904,21.97267
-130,450,-600.7424286,22.495
-130,450,-635.5071429,22.91257
-130,450,-672.3118571,23.24632
-130,450,-711.2764286,23.53404
-130,460,-25.5668,45.34906
-130,460,-27.10107143,47.07802
-130,460,-28.72515714,48.87387
-130,460,-30.44437143,50.73724
-130,460,-32.26431429,52.66412
-130,460,-34.19095714,54.64626
-130,460,-36.2306,56.67334
-130,460,-38.38982857,58.73533
-130,460,-40.67561429,60.82315
-130,460,-43.09518571,62.92666
-130,460,-45.65614286,65.03053
-130,460,-48.36641429,67.10943
-130,460,-51.23427143,69.12421
-130,460,-54.26835714,71.02021
-130,460,-57.47772857,72.72854
-130,460,-60.87185714,74.16995
-130,460,-64.46065714,75.2607
-130,460,-68.25457143,75.91947
-130,460,-72.26452857,76.07414
-130,460,-76.50207143,75.66712
-130,460,-80.97935714,74.65881
-130,460,-85.70924286,73.02886
-130,460,-90.70528571,70.77602
-130,460,-95.98184286,67.91772
-130,460,-101.5540714,64.49053
-130,460,-107.4380143,60.55201
-130,460,-113.6506714,56.18343
-130,460,-120.2100143,51.49153
-130,460,-127.1351429,46.60703
-130,460,-134.4463714,41.67812
-130,460,-142.1653429,36.85872
-130,460,-150.3151429,32.29352
-130,460,-158.9204286,28.10347
-130,460,-168.0077143,24.37522
-130,460,-177.605,21.1571
-130,460,-187.7427143,18.46154
-130,460,-198.4528571,16.27251
-130,460,-209.77,14.555
-130,460,-221.7305714,13.26444
-130,460,-234.3737143,12.354
-130,460,-247.741,11.77937
-130,460,-261.8762857,11.5008
-130,460,-276.8262857,11.48302
-130,460,-292.6407143,11.69368
-130,460,-309.3718571,12.10129
-130,460,-327.0755714,12.67345
-130,460,-345.8107143,13.37643
-130,460,-365.6394286,14.17627
-130,460,-386.6278571,15.04124
-130,460,-408.8458571,15.94457
-130,460,-432.3668571,16.866
-130,460,-457.2691429,17.79131
-130,460,-483.6348571,18.70979
-130,460,-511.5512857,19.61101
-130,460,-541.1102857,20.48279
-130,460,-572.4091429,21.31194
-130,460,-605.5505714,22.08809
-130,460,-640.6432857,22.80929
-130,460,-677.802,23.48673
-130,460,-717.1481429,24.14593
-130,470,-25.37684286,45.04928
-130,470,-26.8998,46.753
-130,470,-28.51188571,48.52314
-130,470,-30.21838571,50.36144
-130,470,-32.02488571,52.26502
-130,470,-33.93728571,54.22662
-130,470,-35.96185714,56.23654
-130,470,-38.10517143,58.28473
-130,470,-40.37411429,60.36128
-130,470,-42.7759,62.45454
-130,470,-45.31807143,64.54724
-130,470,-48.0085,66.61216
-130,470,-50.8554,68.60874
-130,470,-53.86735714,70.48188
-130,470,-57.05335714,72.16321
-130,470,-60.4228,73.57471
-130,470,-63.98552857,74.63408
-130,470,-67.75188571,75.26104
-130,470,-71.73274286,75.38353
-130,470,-75.93957143,74.94319
-130,470,-80.38445714,73.89914
-130,470,-85.08015714,72.23011
-130,470,-90.04018571,69.93507
-130,470,-95.2788,67.03323
-130,470,-100.8110714,63.5644
-130,470,-106.6529714,59.59022
-130,470,-112.8213429,55.19596
-130,470,-119.3341143,50.49149
-130,470,-126.2102286,45.60919
-130,470,-133.4699143,40.69735
-130,470,-141.1347,35.90863
-130,470,-149.2275714,31.38543
-130,470,-157.7731429,27.2458
-130,470,-166.7975714,23.57323
-130,470,-176.3292857,20.41295
-130,470,-186.3981429,17.77472
-130,470,-197.0364286,15.64032
-130,470,-208.2782857,13.97338
-130,470,-220.1605714,12.72866
-130,470,-232.7221429,11.85941
-130,470,-246.0042857,11.32203
-130,470,-260.051,11.07787
-130,470,-274.909,11.09295
-130,470,-290.6277143,11.33608
-130,470,-307.2595714,11.7764
-130,470,-324.8602857,12.38134
-130,470,-343.4885714,13.11592
-130,470,-363.2068571,13.94404
-130,470,-384.0811429,14.83148
-130,470,-406.1812857,15.74957
-130,470,-429.5811429,16.67774
-130,470,-454.3585714,17.60384
-130,470,-480.5964286,18.52177
-130,470,-508.3815714,19.42783
-130,470,-537.8061429,20.31754
-130,470,-568.9675714,21.18477
-130,470,-601.9685714,22.0239
-130,470,-636.9177143,22.83415
-130,470,-673.9298571,23.62375
-130,470,-713.1262857,24.41169
-130,480,-25.49214286,44.95234
-130,480,-27.0219,46.66989
-130,480,-28.64118571,48.45569
-130,480,-30.35528571,50.31218
-130,480,-32.1698,52.23702
-130,480,-34.09067143,54.22318
-130,480,-36.12417143,56.26075
-130,480,-38.2769,58.33893
-130,480,-40.55575714,60.44654
-130,480,-42.96797143,62.57026
-130,480,-45.52112857,64.69108
-130,480,-48.2231,66.78036
-130,480,-51.08214286,68.79696
-130,480,-54.10687143,70.68634
-130,480,-57.3063,72.38205
-130,480,-60.68985714,73.80912
-130,480,-64.26742857,74.88888
-130,480,-68.04937143,75.54438
-130,480,-72.0466,75.70569
-130,480,-76.2706,75.31457
-130,480,-80.73348571,74.32788
-130,480,-85.44801429,72.71973
-130,480,-90.42772857,70.48276
-130,480,-95.68688571,67.62911
-130,480,-101.2406,64.19199
-130,480,-107.1048143,60.22815
-130,480,-113.2964429,55.82068
-130,480,-119.8334,51.08034
-130,480,-126.7346857,46.14343
-130,480,-134.0205286,41.16423
-130,480,-141.7125,36.30229
-130,480,-149.8335714,31.70653
-130,480,-158.4084286,27.50011
-130,480,-167.4632857,23.76982
-130,480,-177.0262857,20.5624
-130,480,-187.1274286,17.88769
-130,480,-197.7991429,15.72676
-130,480,-209.0754286,14.04211
-130,480,-220.9928571,12.78742
-130,480,-233.5904286,11.9151
-130,480,-246.9097143,11.38108
-130,480,-260.9944286,11.14669
-130,480,-275.8914286,11.17835
-130,480,-291.65,11.44565
-130,480,-308.3227143,11.91876
-130,480,-325.9651429,12.56622
-130,480,-344.6358571,13.35386
-130,480,-364.3971429,14.24563
-130,480,-385.3147143,15.20588
-130,480,-407.458,16.20233
-130,480,-430.9002857,17.20805
-130,480,-455.7195714,18.20153
-130,480,-481.9974286,19.16482
-130,480,-509.8207143,20.08093
-130,480,-539.2808571,20.93264
-130,480,-570.4747143,21.70407
-130,480,-603.5044286,22.38533
-130,480,-638.4781429,22.97832
-130,480,-675.5101429,23.50104
-130,480,-714.7214286,23.98768
-130,490,-25.55755714,45.95032
-130,490,-27.09125714,47.74003
-130,490,-28.71464286,49.59855
-130,490,-30.43301429,51.52462
-130,490,-32.25197143,53.51212
-130,490,-34.17748571,55.55069
-130,490,-36.21585714,57.62825
-130,490,-38.37368571,59.73373
-130,490,-40.6579,61.85791
-130,490,-43.07577143,63.99145
-130,490,-45.63488571,66.1206
-130,490,-48.34314286,68.22188
-130,490,-51.20881429,70.25776
-130,490,-54.24052857,72.17443
-130,490,-57.44728571,73.90255
-130,490,-60.83854286,75.36081
-130,490,-64.42417143,76.46185
-130,490,-68.21457143,77.11953
-130,490,-72.22065714,77.25639
-130,490,-76.45392857,76.80992
-130,490,-80.92652857,75.73689
-130,490,-85.65128571,74.01522
-130,490,-90.64172857,71.64412
-130,490,-95.9122,68.64348
-130,490,-101.4778286,65.05406
-130,490,-107.3546143,60.93895
-130,490,-113.5595,56.38593
-130,490,-120.1104286,51.50899
-130,490,-127.0264286,46.44648
-130,490,-134.3277714,41.354
-130,490,-142.0360571,36.39194
-130,490,-150.1744286,31.70969
-130,490,-158.7674286,27.43045
-130,490,-167.8415714,23.64047
-130,490,-177.4252857,20.38531
-130,490,-187.5487143,17.67303
-130,490,-198.2441429,15.48239
-130,490,-209.5462857,13.77332
-130,490,-221.492,12.49679
-130,490,-234.1202857,11.60258
-130,490,-247.4728571,11.044
-130,490,-261.5938571,10.77989
-130,490,-276.5302857,10.77418
-130,490,-292.332,10.99402
-130,490,-309.0518571,11.40735
-130,490,-326.7455714,11.98099
-130,490,-345.4728571,12.68023
-130,490,-365.2962857,13.47036
-130,490,-386.2827143,14.31996
-130,490,-408.5025714,15.20447
-130,490,-432.0302857,16.10858
-130,490,-456.945,17.02603
-130,490,-483.33,17.95676
-130,490,-511.2732857,18.9026
-130,490,-540.8678571,19.86355
-130,490,-572.212,20.83629
-130,490,-605.4095714,21.81581
-130,490,-640.5697143,22.7995
-130,490,-677.8084286,23.79156
-130,490,-717.248,24.80536
-130,500,-26.07511429,48.46529
-130,500,-27.63951429,50.40762
-130,500,-29.2953,52.42773
-130,500,-31.04787143,54.52516
-130,500,-32.90297143,56.69367
-130,500,-34.86664286,58.92167
-130,500,-36.94532857,61.1947
-130,500,-39.14577143,63.49839
-130,500,-41.47504286,65.81962
-130,500,-43.9405,68.14472
-130,500,-46.54988571,70.45526
-130,500,-49.31122857,72.72281
-130,500,-52.23292857,74.90452
-130,500,-55.32371429,76.94097
-130,500,-58.59277143,78.75692
-130,500,-62.04964286,80.26507
-130,500,-65.70437143,81.37212
-130,500,-69.5675,81.98645
-130,500,-73.65012857,82.02598
-130,500,-77.96391429,81.42502
-130,500,-82.52121429,80.13907
-130,500,-87.33504286,78.14725
-130,500,-92.41918571,75.45265
-130,500,-97.78818571,72.08191
-130,500,-103.4574143,68.08529
-130,500,-109.4431571,63.53786
-130,500,-115.7626,58.54141
-130,500,-122.434,53.22518
-130,500,-129.4767571,47.74282
-130,500,-136.9114857,42.26395
-130,500,-144.7602857,36.96008
-130,500,-153.0465714,31.98762
-130,500,-161.7955714,27.47203
-130,500,-171.0345714,23.49731
-130,500,-180.7921429,20.10308
-130,500,-191.0995714,17.28924
-130,500,-201.9897143,15.02556
-130,500,-213.4981429,13.26337
-130,500,-225.6624286,11.94624
-130,500,-238.5227143,11.0182
-130,500,-252.1217143,10.42876
-130,500,-266.5048571,10.13493
-130,500,-281.7201429,10.10105
-130,500,-297.819,10.29701
-130,500,-314.8555714,10.69587
-130,500,-332.8877143,11.27177
-130,500,-351.9767143,11.99867
-130,500,-372.1874286,12.85065
-130,500,-393.5887143,13.80334
-130,500,-416.2537143,14.83584
-130,500,-440.2594286,15.93193
-130,500,-465.6875714,17.07967
-130,500,-492.6242857,18.26923
-130,500,-521.1605714,19.49001
-130,500,-551.3925714,20.72878
-130,500,-583.4215714,21.97033
-130,500,-617.3542857,23.20146
-130,500,-653.3037143,24.41714
-130,500,-691.3887143,25.62632
-130,500,-731.735,26.8545
-130,510,-26.79218571,52.41552
-130,510,-28.39884286,54.57086
-130,510,-30.09904286,56.8149
-130,510,-31.89828571,59.14766
-130,510,-33.80242857,61.56306
-130,510,-35.81772857,64.04935
-130,510,-37.9508,66.59166
-130,510,-40.20855714,69.1748
-130,510,-42.59832857,71.78385
-130,510,-45.12768571,74.4014
-130,510,-47.80455714,77.00218
-130,510,-50.6372,79.54696
-130,510,-53.63417143,81.97783
-130,510,-56.8044,84.21672
-130,510,-60.15717143,86.16766
-130,510,-63.70222857,87.72267
-130,510,-67.44975714,88.77011
-130,510,-71.41045714,89.20434
-130,510,-75.5956,88.93491
-130,510,-80.01708571,87.89425
-130,510,-84.68745714,86.04267
-130,510,-89.62,83.37083
-130,510,-94.82874286,79.90001
-130,510,-100.3285143,75.6814
-130,510,-106.1350571,70.79542
-130,510,-112.2650143,65.35146
-130,510,-118.7360714,59.48743
-130,510,-125.5670429,53.36725
-130,510,-132.7779286,47.17418
-130,510,-140.3901143,41.09906
-130,510,-148.4264286,35.32392
-130,510,-156.9112857,30.00442
-130,510,-165.8707143,25.25527
-130,510,-175.333,21.14239
-130,510,-185.3278571,17.68353
-130,510,-195.8877143,14.8561
-130,510,-207.0471429,12.60956
-130,510,-218.8427143,10.87874
-130,510,-231.314,9.595466
-130,510,-244.5031429,8.697209
-130,510,-258.4551429,8.132399
-130,510,-273.2181429,7.862976
-130,510,-288.8431429,7.864916
-130,510,-305.3847143,8.127396
-130,510,-322.9011429,8.651031
-130,510,-341.4541429,9.445276
-130,510,-361.1092857,10.52486
-130,510,-381.9364286,11.90484
-130,510,-404.0092857,13.59386
-130,510,-427.4058571,15.58512
-130,510,-452.2087143,17.84577
-130,510,-478.505,20.30643
-130,510,-506.3864286,22.85533
-130,510,-535.9495714,25.34285
-130,510,-567.2964286,27.60165
-130,510,-600.5341429,29.48172
-130,510,-635.7755714,30.89113
-130,510,-673.1394286,31.82665
-130,510,-712.751,32.38099
-130,510,-754.7424286,32.72427
-130,520,-25.14062857,44.90503
-130,520,-26.64942857,46.63385
-130,520,-28.24647143,48.42891
-130,520,-29.93698571,50.28925
-130,520,-31.72647143,52.20871
-130,520,-33.6208,54.17625
-130,520,-35.62615714,56.17828
-130,520,-37.74904286,58.20124
-130,520,-39.99628571,60.23276
-130,520,-42.37504286,62.26028
-130,520,-44.89275714,64.26758
-130,520,-47.55725714,66.23038
-130,520,-50.37667143,68.11273
-130,520,-53.35948571,69.8651
-130,520,-56.51461429,71.42498
-130,520,-59.85134286,72.71962
-130,520,-63.37942857,73.67084
-130,520,-67.10914286,74.20096
-130,520,-71.05124286,74.23905
-130,520,-75.21711429,73.72663
-130,520,-79.61875714,72.62191
-130,520,-84.26884286,70.9023
-130,520,-89.18075714,68.56545
-130,520,-94.36868571,65.62955
-130,520,-99.84757143,62.13393
-130,520,-105.6332286,58.14044
-130,520,-111.7424143,53.73524
-130,520,-118.1928714,49.02945
-130,520,-125.0034571,44.15677
-130,520,-132.1942571,39.26627
-130,520,-139.7866571,34.51047
-130,520,-147.8035714,30.03056
-130,520,-156.2694286,25.94234
-130,520,-165.2104286,22.32636
-130,520,-174.6548571,19.22457
-130,520,-184.6324286,16.64355
-130,520,-195.1754286,14.56242
-130,520,-206.3181429,12.9428
-130,520,-218.097,11.73835
-130,520,-230.5511429,10.90227
-130,520,-243.7217143,10.39193
-130,520,-257.6528571,10.17092
-130,520,-272.3912857,10.20869
-130,520,-287.9865714,10.47867
-130,520,-304.4914286,10.95554
-130,520,-321.9615714,11.61258
-130,520,-340.4564286,12.42014
-130,520,-360.0385714,13.34578
-130,520,-380.7742857,14.35621
-130,520,-402.734,15.42038
-130,520,-425.992,16.512
-130,520,-450.6267143,17.61058
-130,520,-476.7212857,18.70028
-130,520,-504.3631429,19.76754
-130,520,-533.645,20.79932
-130,520,-564.6644286,21.78346
-130,520,-597.5245714,22.71187
-130,520,-632.3342857,23.58539
-130,520,-669.2087143,24.41805
-130,520,-708.2694286,25.23828
-130,530,-25.53974286,45.95912
-130,530,-27.0716,47.78987
-130,530,-28.69291429,49.69038
-130,530,-30.40898571,51.65722
-130,530,-32.22542857,53.68247
-130,530,-34.14817143,55.75461
-130,530,-36.18351429,57.86135
-130,530,-38.33804286,59.99229
-130,530,-40.61868571,62.13956
-130,530,-43.03267143,64.29529
-130,530,-45.58755714,66.44655
-130,530,-48.2912,68.56954
-130,530,-51.15184286,70.62483
-130,530,-54.17804286,72.55528
-130,530,-57.37877143,74.28723
-130,530,-60.76342857,75.73483
-130,530,-64.34181429,76.80681
-130,530,-68.12427143,77.41449
-130,530,-72.12164286,77.47953
-130,530,-76.34537143,76.94032
-130,530,-80.80754286,75.75605
-130,530,-85.52091429,73.90835
-130,530,-90.49897143,71.40129
-130,530,-95.75595714,68.26073
-130,530,-101.3069714,64.53443
-130,530,-107.1679143,60.29322
-130,530,-113.3556857,55.63272
-130,530,-119.8881286,50.67376
-130,530,-126.7842429,45.55941
-130,530,-134.0642143,40.44699
-130,530,-141.7495857,35.49518
-130,530,-149.8634286,30.84872
-130,530,-158.4302857,26.62415
-130,530,-167.4764286,22.90044
-130,530,-177.0304286,19.71637
-130,530,-187.1222857,17.07457
-130,530,-197.7842857,14.95009
-130,530,-209.051,13.3008
-130,530,-220.959,12.07704
-130,530,-233.5475714,11.22902
-130,530,-246.8581429,10.7112
-130,530,-260.935,10.48403
-130,530,-275.8247143,10.51318
-130,530,-291.5772857,10.7675
-130,530,-308.2451429,11.21624
-130,530,-325.8842857,11.82682
-130,530,-344.554,12.56418
-130,530,-364.3167143,13.39226
-130,530,-385.239,14.27734
-130,530,-407.3912857,15.19218
-130,530,-430.8475714,16.11889
-130,530,-455.6868571,17.04933
-130,530,-481.992,17.98252
-130,530,-509.8508571,18.92042
-130,530,-539.356,19.86397
-130,530,-570.6054286,20.81127
-130,530,-603.7024286,21.75891
-130,530,-638.7561429,22.7057
-130,530,-675.8818571,23.65681
-130,530,-715.2015714,24.62612
-130,540,-25.30417143,44.00805
-130,540,-26.82214286,45.73162
-130,540,-28.42892857,47.52239
-130,540,-30.12972857,49.37968
-130,540,-31.93012857,51.29793
-130,540,-33.836,53.26704
-130,540,-35.85355714,55.27464
-130,540,-37.98932857,57.30849
-130,540,-40.25015714,59.35725
-130,540,-42.64321429,61.40864
-130,540,-45.17597143,63.44569
-130,540,-47.85625714,65.44219
-130,540,-50.69222857,67.35932
-130,540,-53.69241429,69.14435
-130,540,-56.86574286,70.73199
-130,540,-60.22154286,72.04798
-130,540,-63.76961429,73.01423
-130,540,-67.52024286,73.55464
-130,540,-71.4842,73.60081
-130,540,-75.6729,73.09677
-130,540,-80.09834286,72.00252
-130,540,-84.77317143,70.29632
-130,540,-89.7108,67.976
-130,540,-94.92538571,65.06004
-130,540,-100.4318857,61.5889
-130,540,-106.2461714,57.62672
-130,540,-112.3850286,53.26271
-130,540,-118.8662714,48.61089
-130,540,-125.7088286,43.80645
-130,540,-132.9328714,38.99771
-130,540,-140.5598429,34.33404
-130,540,-148.6127143,29.95172
-130,540,-157.1158571,25.96116
-130,540,-166.0955714,22.43832
-130,540,-175.5797143,19.4223
-130,540,-185.5981429,16.91891
-130,540,-196.1828571,14.90841
-130,540,-207.3678571,13.35502
-130,540,-219.1894286,12.21598
-130,540,-231.6865714,11.44861
-130,540,-244.9002857,11.01468
-130,540,-258.8744286,10.88227
-130,540,-273.6555714,11.02536
-130,540,-289.293,11.42164
-130,540,-305.839,12.04944
-130,540,-323.3487143,12.88425
-130,540,-341.8804286,13.89599
-130,540,-361.496,15.04752
-130,540,-382.2602857,16.29484
-130,540,-404.242,17.58865
-130,540,-427.5135714,18.87658
-130,540,-452.1514286,20.10525
-130,540,-478.2362857,21.22239
-130,540,-505.8537143,22.17955
-130,540,-535.0935714,22.93671
-130,540,-566.0514286,23.46883
-130,540,-598.828,23.77314
-130,540,-633.5302857,23.87395
-130,540,-670.271,23.82235
-130,540,-709.1701429,23.68978
-130,550,-25.36818571,45.09602
-130,550,-26.88941429,46.85743
-130,550,-28.49962857,48.68733
-130,550,-30.20407143,50.58511
-130,550,-32.00832857,52.54544
-130,550,-33.9183,54.55872
-130,550,-35.94022857,56.61327
-130,550,-38.08064286,58.69763
-130,550,-40.34641429,60.80101
-130,550,-42.74471429,62.91102
-130,550,-45.28301429,65.00927
-130,550,-47.96914286,67.06633
-130,550,-50.81127143,69.03804
-130,550,-53.81791429,70.86428
-130,550,-56.99798571,72.47091
-130,550,-60.36082857,73.77466
-130,550,-63.91622857,74.69003
-130,550,-67.67448571,75.13705
-130,550,-71.64642857,75.04855
-130,550,-75.84344286,74.37562
-130,550,-80.2776,73.09058
-130,550,-84.96161429,71.18731
-130,550,-89.90892857,68.67985
-130,550,-95.13378571,65.6004
-130,550,-100.6512,61.99831
-130,550,-106.4771143,57.94052
-130,550,-112.6283571,53.51337
-130,550,-119.1228143,48.82385
-130,550,-125.9794714,43.99831
-130,550,-133.2185143,39.17664
-130,550,-140.8614857,34.50172
-130,550,-148.9314286,30.10593
-130,550,-157.4528571,26.09797
-130,550,-166.4521429,22.55363
-130,550,-175.9572857,19.51253
-130,550,-185.9985714,16.98106
-130,550,-196.6078571,14.93975
-130,550,-207.8197143,13.35264
-130,550,-219.6705714,12.17623
-130,550,-232.1994286,11.36649
-130,550,-245.4478571,10.88329
-130,550,-259.4595714,10.69218
-130,550,-274.2815714,10.76401
-130,550,-289.9634286,11.07299
-130,550,-306.5575714,11.59394
-130,550,-324.1197143,12.29959
-130,550,-342.7088571,13.15903
-130,550,-362.3874286,14.13771
-130,550,-383.2211429,15.19923
-130,550,-405.2798571,16.30804
-130,550,-428.6371429,17.43174
-130,550,-453.371,18.54173
-130,550,-479.5637143,19.61234
-130,550,-507.302,20.6192
-130,550,-536.6775714,21.5391
-130,550,-567.7877143,22.35252
-130,550,-600.7345714,23.04899
-130,550,-635.6267143,23.63314
-130,550,-672.5785714,24.12865
-130,550,-711.7111429,24.57757
-130,560,-25.5664,45.24481
-130,560,-27.09928571,47.08316
-130,560,-28.72175714,48.99352
-130,560,-30.43908571,50.97259
-130,560,-32.2569,53.01133
-130,560,-34.18111429,55.09557
-130,560,-36.218,57.20866
-130,560,-38.37412857,59.33455
-130,560,-40.6564,61.45916
-130,560,-43.07202857,63.56882
-130,560,-45.62851429,65.64632
-130,560,-48.33372857,67.66588
-130,560,-51.19588571,69.58893
-130,560,-54.22352857,71.36205
-130,560,-57.42564286,72.9177
-130,560,-60.8116,74.17776
-130,560,-64.39125714,75.05922
-130,560,-68.17491429,75.48126
-130,560,-72.17347143,75.37239
-130,560,-76.39838571,74.67679
-130,560,-80.86174286,73.35884
-130,560,-85.57628571,71.40552
-130,560,-90.55555714,68.82695
-130,560,-95.81378571,65.65581
-130,560,-101.3661,61.94662
-130,560,-107.2284857,57.77535
-130,560,-113.4178714,53.23928
-130,560,-119.9522571,48.45593
-130,560,-126.8507714,43.55952
-130,560,-134.1337429,38.69383
-130,560,-141.8229,34.00147
-130,560,-149.9414286,29.61125
-130,560,-158.5138571,25.62653
-130,560,-167.5668571,22.11745
-130,560,-177.1287143,19.11877
-130,560,-187.2294286,16.6334
-130,560,-197.9012857,14.63995
-130,560,-209.1788571,13.10193
-130,560,-221.099,11.97661
-130,560,-233.7005714,11.2219
-130,560,-247.0255714,10.80076
-130,560,-261.1182857,10.68303
-130,560,-276.0258571,10.84501
-130,560,-291.7981429,11.2673
-130,560,-308.488,11.93152
-130,560,-326.1515714,12.81649
-130,560,-344.8477143,13.89486
-130,560,-364.639,15.13091
-130,560,-385.5914286,16.47999
-130,560,-407.7744286,17.88961
-130,560,-431.2614286,19.30153
-130,560,-456.1298571,20.65431
-130,560,-482.4615714,21.88633
-130,560,-510.343,22.9399
-130,560,-539.8654286,23.76741
-130,560,-571.1252857,24.33953
-130,560,-604.2248571,24.65336
-130,560,-639.272,24.73741
-130,560,-676.3811429,24.65038
-130,560,-715.6734286,24.47321
-130,570,-25.51614286,45.28119
-130,570,-27.04498571,47.18023
-130,570,-28.66314286,49.15565
-130,570,-30.3759,51.20343
-130,570,-32.18882857,53.31317
-130,570,-34.10787143,55.46843
-130,570,-36.13922857,57.64943
-130,570,-38.28944286,59.83624
-130,570,-40.56535714,62.01035
-130,570,-42.97412857,64.15339
-130,570,-45.52322857,66.24326
-130,570,-48.22041429,68.24936
-130,570,-51.07384286,70.12858
-130,570,-54.092,71.82369
-130,570,-57.28378571,73.26451
-130,570,-60.6585,74.37213
-130,570,-64.22591429,75.06515
-130,570,-67.99631429,75.26715
-130,570,-71.98051429,74.91408
-130,570,-76.1899,73.96038
-130,570,-80.63651429,72.38294
-130,570,-85.33307143,70.18255
-130,570,-90.29304286,67.38329
-130,570,-95.53062857,64.03066
-130,570,-101.0609143,60.18958
-130,570,-106.8998429,55.94297
-130,570,-113.0643429,51.39078
-130,570,-119.5723571,46.64859
-130,570,-126.443,41.84419
-130,570,-133.6965857,37.11123
-130,570,-141.3548286,32.57975
-130,570,-149.4408571,28.36524
-130,570,-157.9794286,24.55868
-130,570,-166.9968571,21.22011
-130,570,-176.5215714,18.37725
-130,570,-186.5835714,16.02918
-130,570,-197.2152857,14.15341
-130,570,-208.4508571,12.7145
-130,570,-220.3272857,11.67207
-130,570,-232.8835714,10.98708
-130,570,-246.1615714,10.62575
-130,570,-260.2054286,10.56101
-130,570,-275.0621429,10.77194
-130,570,-290.7818571,11.24145
-130,570,-307.4171429,11.9528
-130,570,-325.0238571,12.88572
-130,570,-343.6611429,14.01292
-130,570,-363.3914286,15.29779
-130,570,-384.2801429,16.69393
-130,570,-406.397,18.14635
-130,570,-429.8151429,19.59389
-130,570,-454.612,20.97211
-130,570,-480.869,22.21671
-130,570,-508.6725714,23.26809
-130,570,-538.1137143,24.07799
-130,570,-569.2888571,24.61787
-130,570,-602.2998571,24.88711
-130,570,-637.2545714,24.9176
-130,570,-674.267,24.77182
-130,570,-713.4584286,24.53422
-130,580,-25.07992857,44.96458
-130,580,-26.58412857,46.71747
-130,580,-28.17642857,48.53513
-130,580,-29.86202857,50.41325
-130,580,-31.64644286,52.34243
-130,580,-33.5355,54.3088
-130,580,-35.53534286,56.29658
-130,580,-37.65244286,58.29075
-130,580,-39.89357143,60.27785
-130,580,-42.26581429,62.24415
-130,580,-44.77658571,64.17137
-130,580,-47.43361429,66.03179
-130,580,-50.24498571,67.78449
-130,580,-53.21915714,69.37396
-130,580,-56.365,70.73197
-130,580,-59.69177143,71.78234
-130,580,-63.20925714,72.44785
-130,580,-66.92767143,72.65812
-130,580,-70.85782857,72.35692
-130,580,-75.01111429,71.50741
-130,580,-79.39955714,70.09443
-130,580,-84.03587143,68.12375
-130,580,-88.93351429,65.61912
-130,580,-94.1067,62.61869
-130,580,-99.57047143,59.1725
-130,580,-105.3407,55.34205
-130,580,-111.4342714,51.20189
-130,580,-117.8690143,46.84182
-130,580,-124.6638857,42.36733
-130,580,-131.8391,37.89646
-130,580,-139.4161571,33.55213
-130,580,-147.418,29.45116
-130,580,-155.8694286,25.6927
-130,580,-164.7964286,22.34917
-130,580,-174.2271429,19.46214
-130,580,-184.1918571,17.04351
-130,580,-194.7225714,15.08116
-130,580,-205.8537143,13.54659
-130,580,-217.6215714,12.40284
-130,580,-230.0651429,11.6109
-130,580,-243.2257143,11.13381
-130,580,-257.1474286,10.93859
-130,580,-271.8767143,10.99603
-130,580,-287.4631429,11.27911
-130,580,-303.9592857,11.76083
-130,580,-321.4208571,12.41233
-130,580,-339.907,13.20226
-130,580,-359.48,14.09775
-130,580,-380.2061429,15.06692
-130,580,-402.1557143,16.08185
-130,580,-425.4025714,17.12046
-130,580,-450.0252857,18.16641
-130,580,-476.1065714,19.20681
-130,580,-503.734,20.22923
-130,580,-532.9998571,21.21982
-130,580,-564.0017143,22.16419
-130,580,-596.8428571,23.05157
-130,580,-631.632,23.88059
-130,580,-668.4844286,24.66422
-130,580,-707.5215714,25.43099
-130,590,-25.51372857,47.04327
-130,590,-27.04274286,48.95687
-130,590,-28.66121429,50.94411
-130,590,-30.37442857,52.99972
-130,590,-32.18798571,55.11195
-130,590,-34.10778571,57.26288
-130,590,-36.14005714,59.4311
-130,590,-38.29135714,61.59481
-130,590,-40.56851429,63.73315
-130,590,-42.97871429,65.82476
-130,590,-45.52944286,67.84386
-130,590,-48.2285,69.75554
-130,590,-51.08404286,71.51224
-130,590,-54.10461429,73.05287
-130,590,-57.29915714,74.30516
-130,590,-60.67702857,75.19107
-130,590,-64.24808571,75.63431
-130,590,-68.02268571,75.56849
-130,590,-72.01175714,74.94441
-130,590,-76.22684286,73.73491
-130,590,-80.68012857,71.93661
-130,590,-85.38452857,69.5683
-130,590,-90.35367143,66.66734
-130,590,-95.60198571,63.28527
-130,590,-101.1447714,59.4846
-130,590,-106.9981571,55.33774
-130,590,-113.1793143,50.92772
-130,590,-119.7064,46.34968
-130,590,-126.5987714,41.71079
-130,590,-133.877,37.12696
-130,590,-141.5630429,32.71559
-130,590,-149.6804286,28.58559
-130,590,-158.2541429,24.82703
-130,590,-167.311,21.50333
-130,590,-176.8798571,18.64815
-130,590,-186.9912857,16.26722
-130,590,-197.6781429,14.34409
-130,590,-208.9755714,12.84793
-130,590,-220.9207143,11.74123
-130,590,-233.5535714,10.98617
-130,590,-246.9165714,10.54883
-130,590,-261.0547143,10.40113
-130,590,-276.016,10.52084
-130,590,-291.8512857,10.88986
-130,590,-308.6147143,11.49153
-130,590,-326.3634286,12.30746
-130,590,-345.1582857,13.31484
-130,590,-365.0635714,14.48477
-130,590,-386.1472857,15.78221
-130,590,-408.4815714,17.16713
-130,590,-432.1422857,18.59634
-130,590,-457.21,20.02509
-130,590,-483.7694286,21.40826
-130,590,-511.9102857,22.70182
-130,590,-541.7272857,23.8659
-130,590,-573.3201429,24.87028
-130,590,-606.7945714,25.70156
-130,590,-642.262,26.36974
-130,590,-679.8401429,26.91105
-130,590,-719.6535714,27.38521
-130,600,-24.87654286,42.59099
-130,600,-26.3681,44.22199
-130,600,-27.94704286,45.91209
-130,600,-29.61852857,47.65702
-130,600,-31.38804286,49.44749
-130,600,-33.26141429,51.2695
-130,600,-35.24475714,53.1065
-130,600,-37.34455714,54.9416
-130,600,-39.56758571,56.75821
-130,600,-41.921,58.53835
-130,600,-44.41221429,60.2591
-130,600,-47.04902857,61.88881
-130,600,-49.83958571,63.38455
-130,600,-52.79238571,64.69215
-130,600,-55.91635714,65.74906
-130,600,-59.22082857,66.48956
-130,600,-62.7156,66.85137
-130,600,-66.41092857,66.78226
-130,600,-70.31767143,66.24535
-130,600,-74.4472,65.22215
-130,600,-78.81155714,63.71269
-130,600,-83.42344286,61.73349
-130,600,-88.29627143,59.31398
-130,600,-93.44428571,56.49313
-130,600,-98.88257143,53.31738
-130,600,-104.6271286,49.84063
-130,600,-110.6949714,46.12593
-130,600,-117.1042143,42.24759
-130,600,-123.8740714,38.29201
-130,600,-131.0250143,34.35557
-130,600,-138.5788286,30.53893
-130,600,-146.5585714,26.93865
-130,600,-154.989,23.63812
-130,600,-163.8961429,20.70018
-130,600,-173.3078571,18.16348
-130,600,-183.254,16.04311
-130,600,-193.766,14.33483
-130,600,-204.878,13.02151
-130,600,-216.6261429,12.08001
-130,600,-229.0491429,11.48721
-130,600,-242.1884286,11.22451
-130,600,-256.0882857,11.28039
-130,600,-270.7954286,11.65102
-130,600,-286.36,12.33891
-130,600,-302.8345714,13.34963
-130,600,-320.275,14.68643
-130,600,-338.74,16.34294
-130,600,-358.2914286,18.29415
-130,600,-378.9944286,20.48652
-130,600,-400.9175714,22.8289
-130,600,-424.1327143,25.1873
-130,600,-448.716,27.3877
-130,600,-474.7475714,29.23167
-130,600,-502.312,30.52706
-130,600,-531.4988571,31.12966
-130,600,-562.403,30.9834
-130,600,-595.1248571,30.14198
-130,600,-629.7708571,28.76007
-130,600,-666.4541429,27.05634
-130,600,-705.2948571,25.26427
-140,220,-21.44628571,31.04969
-140,220,-22.74311429,31.13544
-140,220,-24.11814286,31.25512
-140,220,-25.57614286,31.44306
-140,220,-27.12215714,31.73405
-140,220,-28.76155714,32.16213
-140,220,-30.49998571,32.75814
-140,220,-32.34344286,33.54637
-140,220,-34.29821429,34.54049
-140,220,-36.37098571,35.73961
-140,220,-38.56877143,37.12518
-140,220,-40.89894286,38.65969
-140,220,-43.3693,40.28818
-140,220,-45.98802857,41.94291
-140,220,-48.76372857,43.55093
-140,220,-51.70547143,45.04284
-140,220,-54.82278571,46.36064
-140,220,-58.12567143,47.46225
-140,220,-61.62465714,48.32165
-140,220,-65.33084286,48.92484
-140,220,-69.25587143,49.26337
-140,220,-73.41204286,49.32773
-140,220,-77.81228571,49.10265
-140,220,-82.47024286,48.56573
-140,220,-87.40028571,47.69014
-140,220,-92.61757143,46.45092
-140,220,-98.13812857,44.83392
-140,220,-103.9788857,42.84545
-140,220,-110.1577571,40.51978
-140,220,-116.6937857,37.9222
-140,220,-123.6072143,35.14568
-140,220,-130.9196,32.30138
-140,220,-138.6539286,29.50527
-140,220,-146.8347143,26.86435
-140,220,-155.4882857,24.46579
-140,220,-164.6424286,22.37119
-140,220,-174.327,20.61594
-140,220,-184.5738571,19.21249
-140,220,-195.4167143,18.15537
-140,220,-206.8914286,17.42613
-140,220,-219.0361429,16.99699
-140,220,-231.8912857,16.83277
-140,220,-245.4997143,16.89144
-140,220,-259.907,17.12427
-140,220,-275.1611429,17.47704
-140,220,-291.3132857,17.89331
-140,220,-308.4174286,18.32032
-140,220,-326.5308571,18.71641
-140,220,-345.714,19.05757
-140,220,-366.0312857,19.34055
-140,220,-387.5505714,19.58088
-140,220,-410.3438571,19.80616
-140,220,-434.4874286,20.04708
-140,220,-460.0618571,20.32907
-140,220,-487.1528571,20.66684
-140,220,-515.8508571,21.06306
-140,220,-546.2515714,21.51075
-140,220,-578.4565714,21.99808
-140,220,-612.5732857,22.51325
-140,220,-648.7157143,23.04735
-140,240,-21.16598571,27.4828
-140,240,-22.44611429,27.51111
-140,240,-23.80341429,27.56556
-140,240,-25.24257143,27.67337
-140,240,-26.76852857,27.86343
-140,240,-28.38657143,28.16568
-140,240,-30.10227143,28.60947
-140,240,-31.92152857,29.22078
-140,240,-33.85058571,30.01883
-140,240,-35.89605714,31.0125
-140,240,-38.06488571,32.19713
-140,240,-40.36444286,33.55256
-140,240,-42.80245714,35.04295
-140,240,-45.3871,36.61921
-140,240,-48.12692857,38.22381
-140,240,-51.03098571,39.79728
-140,240,-54.10872857,41.28447
-140,240,-57.37011429,42.63873
-140,240,-60.82555714,43.82261
-140,240,-64.48598571,44.80502
-140,240,-68.3629,45.55614
-140,240,-72.46834286,46.04231
-140,240,-76.81501429,46.2232
-140,240,-81.41622857,46.05288
-140,240,-86.28608571,45.48542
-140,240,-91.43945714,44.48413
-140,240,-96.89207143,43.03269
-140,240,-102.6605857,41.14507
-140,240,-108.7626714,38.87128
-140,240,-115.2170857,36.29672
-140,240,-122.0437429,33.53441
-140,240,-129.2637571,30.71181
-140,240,-136.8995286,27.9554
-140,240,-144.9748571,25.3769
-140,240,-153.5151429,23.06401
-140,240,-162.547,21.07691
-140,240,-172.0994286,19.44998
-140,240,-182.2027143,18.1969
-140,240,-192.8897143,17.31702
-140,240,-204.1951429,16.80122
-140,240,-216.1561429,16.63604
-140,240,-228.8125714,16.80543
-140,240,-242.2062857,17.29026
-140,240,-256.3821429,18.06578
-140,240,-271.3872857,19.09805
-140,240,-287.2712857,20.34043
-140,240,-304.0862857,21.73131
-140,240,-321.887,23.1944
-140,240,-340.7308571,24.64139
-140,240,-360.6778571,25.97656
-140,240,-381.7915714,27.10207
-140,240,-404.1382857,27.92337
-140,240,-427.7887143,28.35563
-140,240,-452.8171429,28.33308
-140,240,-479.3025714,27.82213
-140,240,-507.329,26.83559
-140,240,-536.9858571,25.44148
-140,240,-568.3681429,23.75888
-140,240,-601.5772857,21.93858
-140,240,-636.7212857,20.13428
-140,260,-21.44904286,32.23081
-140,260,-22.74668571,32.28669
-140,260,-24.12248571,32.37074
-140,260,-25.58115714,32.51258
-140,260,-27.12774286,32.74419
-140,260,-28.76758571,33.09944
-140,260,-30.50635714,33.61226
-140,260,-32.35002857,34.31351
-140,260,-34.30497143,35.22693
-140,260,-36.37785714,36.3646
-140,260,-38.57577143,37.72268
-140,260,-40.90617143,39.27812
-140,260,-43.37688571,40.98746
-140,260,-45.99617143,42.78869
-140,260,-48.77274286,44.60656
-140,260,-51.71571429,46.36101
-140,260,-54.83468571,47.9768
-140,260,-58.1397,49.39173
-140,260,-61.64137143,50.56098
-140,260,-65.35077143,51.45612
-140,260,-69.27961429,52.05951
-140,260,-73.44018571,52.35601
-140,260,-77.8454,52.32525
-140,260,-82.50885714,51.93714
-140,260,-87.44488571,51.15279
-140,260,-92.66852857,49.93149
-140,260,-98.19568571,48.24274
-140,260,-104.0431571,46.08064
-140,260,-110.2287143,43.4764
-140,260,-116.7712714,40.50447
-140,260,-123.6909571,37.27922
-140,260,-131.0092857,33.94194
-140,260,-138.7492571,30.64165
-140,260,-146.9355714,27.51507
-140,260,-155.5944286,24.67118
-140,260,-164.7541429,22.18343
-140,260,-174.4447143,20.08955
-140,260,-184.698,18.39694
-140,260,-195.548,17.09039
-140,260,-207.0308571,16.13955
-140,260,-219.1848571,15.50448
-140,260,-232.0502857,15.13892
-140,260,-245.6705714,14.9917
-140,260,-260.0914286,15.00788
-140,260,-275.3614286,15.13073
-140,260,-291.5322857,15.30606
-140,260,-308.6592857,15.48886
-140,260,-326.8008571,15.65058
-140,260,-346.0191429,15.78479
-140,260,-366.3802857,15.90825
-140,260,-387.9544286,16.05703
-140,260,-410.8158571,16.27858
-140,260,-435.0431429,16.62262
-140,260,-460.7195714,17.13321
-140,260,-487.9331429,17.84333
-140,260,-516.777,18.77227
-140,260,-547.3492857,19.92539
-140,260,-579.7538571,21.29549
-140,260,-614.1007143,22.86477
-140,260,-650.5057143,24.60558
-140,280,-22.13322857,32.84785
-140,280,-23.47021429,33.09074
-140,280,-24.88718571,33.35991
-140,280,-26.38898571,33.68174
-140,280,-27.98072857,34.08537
-140,280,-29.66787143,34.60253
-140,280,-31.45617143,35.26625
-140,280,-33.35175714,36.10811
-140,280,-35.36107143,37.15419
-140,280,-37.49094286,38.42014
-140,280,-39.74855714,39.90612
-140,280,-42.14148571,41.59244
-140,280,-44.67765714,43.43721
-140,280,-47.36547143,45.37699
-140,280,-50.21368571,47.33149
-140,280,-53.23152857,49.21176
-140,280,-56.42862857,50.93071
-140,280,-59.81511429,52.41299
-140,280,-63.4016,53.60165
-140,280,-67.1992,54.45951
-140,280,-71.2196,54.96529
-140,280,-75.47504286,55.10609
-140,280,-79.97842857,54.86941
-140,280,-84.74335714,54.23748
-140,280,-89.78412857,53.18634
-140,280,-95.11582857,51.69066
-140,280,-100.7544429,49.7338
-140,280,-106.7168286,47.32083
-140,280,-113.0209,44.49061
-140,280,-119.6856286,41.32247
-140,280,-126.7312571,37.9338
-140,280,-134.1793,34.46799
-140,280,-142.0527286,31.07524
-140,280,-150.376,27.89204
-140,280,-159.1754286,25.02494
-140,280,-168.4787143,22.54234
-140,280,-178.3155714,20.47452
-140,280,-188.7178571,18.81953
-140,280,-199.7191429,17.55167
-140,280,-211.3551429,16.62974
-140,280,-223.664,16.00354
-140,280,-236.686,15.61867
-140,280,-250.464,15.42035
-140,280,-265.0431429,15.35724
-140,280,-280.4718571,15.38566
-140,280,-296.801,15.47388
-140,280,-314.0847143,15.60502
-140,280,-332.3802857,15.77745
-140,280,-351.7485714,16.00195
-140,280,-372.254,16.29611
-140,280,-393.9645714,16.67735
-140,280,-416.9527143,17.15594
-140,280,-441.2948571,17.72961
-140,280,-467.0718571,18.38106
-140,280,-494.3692857,19.07941
-140,280,-523.278,19.78636
-140,280,-553.8935714,20.46627
-140,280,-586.3175714,21.09739
-140,280,-620.6575714,21.67977
-140,280,-657.027,22.23656
-140,300,-21.98401429,34.21519
-140,300,-23.31287143,34.42239
-140,300,-24.72131429,34.65488
-140,300,-26.21411429,34.93872
-140,300,-27.79638571,35.30293
-140,300,-29.47354286,35.77955
-140,300,-31.25138571,36.40232
-140,300,-33.13598571,37.20392
-140,300,-35.1338,38.21192
-140,300,-37.25167143,39.44378
-140,300,-39.49678571,40.90159
-140,300,-41.8767,42.56739
-140,300,-44.39938571,44.40033
-140,300,-47.07318571,46.33684
-140,300,-49.9069,48.29479
-140,300,-52.90971429,50.18181
-140,300,-56.0913,51.90623
-140,300,-59.46175714,53.38821
-140,300,-63.03175714,54.56748
-140,300,-66.81244286,55.40548
-140,300,-70.81554286,55.8811
-140,300,-75.05342857,55.98212
-140,300,-79.53908571,55.69534
-140,300,-84.28617143,54.99964
-140,300,-89.30907143,53.86484
-140,300,-94.62295714,52.2578
-140,300,-100.2438,50.15529
-140,300,-106.1884714,47.56002
-140,300,-112.4748857,44.51495
-140,300,-119.1220714,41.11
-140,300,-126.1503286,37.47739
-140,300,-133.5813429,33.77579
-140,300,-141.4383571,30.16766
-140,300,-149.7462857,26.79674
-140,300,-158.5318571,23.77189
-140,300,-167.8234286,21.16054
-140,300,-177.6515714,18.99082
-140,300,-188.0487143,17.25951
-140,300,-199.0491429,15.94183
-140,300,-210.6897143,15.00013
-140,300,-223.0088571,14.38987
-140,300,-236.048,14.06262
-140,300,-249.8507143,13.96674
-140,300,-264.4635714,14.04725
-140,300,-279.9358571,14.24654
-140,300,-296.3201429,14.5076
-140,300,-313.6722857,14.78014
-140,300,-332.0517143,15.02867
-140,300,-351.5217143,15.23963
-140,300,-372.1491429,15.42466
-140,300,-394.0054286,15.61828
-140,300,-417.1657143,15.87065
-140,300,-441.71,16.23821
-140,300,-467.7225714,16.77485
-140,300,-495.293,17.52542
-140,300,-524.5154286,18.52191
-140,300,-555.4894286,19.78169
-140,300,-588.3204286,21.30699
-140,300,-623.1192857,23.08458
-140,300,-660.0035714,25.08451
-140,320,-20.85984286,26.28376
-140,320,-22.1221,26.23907
-140,320,-23.46055714,26.2151
-140,320,-24.87982857,26.23417
-140,320,-26.38482857,26.32153
-140,320,-27.98074286,26.50536
-140,320,-29.67308571,26.81552
-140,320,-31.46768571,27.28122
-140,320,-33.37074286,27.92783
-140,320,-35.3888,28.7733
-140,320,-37.52877143,29.8246
-140,320,-39.79795714,31.07463
-140,320,-42.20407143,32.50037
-140,320,-44.75525714,34.06294
-140,320,-47.46005714,35.71025
-140,320,-50.32751429,37.38223
-140,320,-53.36705714,39.01746
-140,320,-56.58861429,40.55949
-140,320,-60.0026,41.96073
-140,320,-63.61991429,43.18235
-140,320,-67.45195714,44.1905
-140,320,-71.51072857,44.95016
-140,320,-75.80878571,45.41946
-140,320,-80.35935714,45.54706
-140,320,-85.17637143,45.27478
-140,320,-90.27458571,44.54613
-140,320,-95.66954286,43.31977
-140,320,-101.3777857,41.58459
-140,320,-107.4168,39.37207
-140,320,-113.8051857,36.76114
-140,320,-120.5626,33.8728
-140,320,-127.7099143,30.85503
-140,320,-135.2692143,27.86212
-140,320,-143.2638571,25.03436
-140,320,-151.7188571,22.48324
-140,320,-160.6605714,20.28508
-140,320,-170.1171429,18.48249
-140,320,-180.1188571,17.09135
-140,320,-190.6981429,16.10998
-140,320,-201.8892857,15.52777
-140,320,-213.7297143,15.33174
-140,320,-226.259,15.50995
-140,320,-239.5191429,16.05188
-140,320,-253.555,16.94583
-140,320,-268.4138571,18.17384
-140,320,-284.145,19.70489
-140,320,-300.8007143,21.48767
-140,320,-318.4352857,23.44425
-140,320,-337.1058571,25.46646
-140,320,-356.8717143,27.41652
-140,320,-377.7957143,29.13319
-140,320,-399.9432857,30.44469
-140,320,-423.3838571,31.18941
-140,320,-448.1907143,31.24374
-140,320,-474.4417143,30.55262
-140,320,-502.2195714,29.15312
-140,320,-531.6124286,27.17874
-140,320,-562.714,24.83684
-140,320,-595.6245714,22.36466
-140,320,-630.4508571,19.98033
-140,340,-21.07842857,29.88181
-140,340,-22.35392857,29.85682
-140,340,-23.70631429,29.85493
-140,340,-25.14024286,29.90115
-140,340,-26.66067143,30.02363
-140,340,-28.27285714,30.25376
-140,340,-29.98238571,30.62479
-140,340,-31.79518571,31.16918
-140,340,-33.71748571,31.91495
-140,340,-35.75594286,32.88154
-140,340,-37.91752857,34.07542
-140,340,-40.20964286,35.48624
-140,340,-42.64007143,37.08421
-140,340,-45.217,38.81983
-140,340,-47.94904286,40.62681
-140,340,-50.84527143,42.42846
-140,340,-53.91518571,44.14651
-140,340,-57.16878571,45.71031
-140,340,-60.61652857,47.06353
-140,340,-64.26944286,48.16608
-140,340,-68.13907143,48.99087
-140,340,-72.23758571,49.51641
-140,340,-76.57775714,49.71843
-140,340,-81.17301429,49.56378
-140,340,-86.03747143,49.00941
-140,340,-91.18602857,48.00814
-140,340,-96.63438571,46.52083
-140,340,-102.3991286,44.5323
-140,340,-108.4978143,42.06643
-140,340,-114.9491,39.19481
-140,340,-121.7728143,36.03479
-140,340,-128.9901,32.73609
-140,340,-136.6235143,29.45947
-140,340,-144.6971429,26.35393
-140,340,-153.2368571,23.53894
-140,340,-162.2701429,21.09552
-140,340,-171.8262857,19.06641
-140,340,-181.9368571,17.46262
-140,340,-192.6351429,16.2728
-140,340,-203.957,15.47201
-140,340,-215.9402857,15.02811
-140,340,-228.6254286,14.90492
-140,340,-242.055,15.06247
-140,340,-256.2745714,15.45558
-140,340,-271.3321429,16.03224
-140,340,-287.2787143,16.73375
-140,340,-304.168,17.498
-140,340,-322.0572857,18.26593
-140,340,-341.0065714,18.98955
-140,340,-361.0797143,19.63835
-140,340,-382.344,20.20147
-140,340,-404.871,20.68434
-140,340,-428.736,21.10142
-140,340,-454.019,21.46805
-140,340,-480.8044286,21.79473
-140,340,-509.1817143,22.08541
-140,340,-539.2457143,22.34008
-140,340,-571.0968571,22.55948
-140,340,-604.8415714,22.74956
-140,340,-640.5925714,22.92307
-140,360,-22.83697143,37.10116
-140,360,-24.2138,38.48608
-140,360,-25.6722,39.90728
-140,360,-27.21695714,41.34597
-140,360,-28.85314286,42.77672
-140,360,-30.58611429,44.16912
-140,360,-32.42155714,45.49249
-140,360,-34.36545714,46.72182
-140,360,-36.42414286,47.84252
-140,360,-38.60427143,48.85178
-140,360,-40.91282857,49.75603
-140,360,-43.35718571,50.56516
-140,360,-45.94507143,51.28532
-140,360,-48.68464286,51.91243
-140,360,-51.58442857,52.42808
-140,360,-54.65342857,52.79924
-140,360,-57.9011,52.98182
-140,360,-61.33742857,52.92774
-140,360,-64.97291429,52.59356
-140,360,-68.8186,51.94848
-140,360,-72.88621429,50.97938
-140,360,-77.18808571,49.69161
-140,360,-81.73728571,48.1059
-140,360,-86.54761429,46.25289
-140,360,-91.63368571,44.16776
-140,360,-97.01095714,41.88678
-140,360,-102.6958429,39.44676
-140,360,-108.7057143,36.88687
-140,360,-115.0590286,34.25146
-140,360,-121.7754143,31.59206
-140,360,-128.8757286,28.96706
-140,360,-136.3821857,26.43868
-140,360,-144.3184286,24.06794
-140,360,-152.7098571,21.90897
-140,360,-161.5831429,20.00456
-140,360,-170.9671429,18.38372
-140,360,-180.8922857,17.06178
-140,360,-191.3911429,16.04231
-140,360,-202.4984286,15.3199
-140,360,-214.251,14.88286
-140,360,-226.688,14.71491
-140,360,-239.851,14.7958
-140,360,-253.7842857,15.10076
-140,360,-268.5345714,15.59944
-140,360,-284.1514286,16.25532
-140,360,-300.6872857,17.02644
-140,360,-318.1975714,17.86814
-140,360,-336.7408571,18.7375
-140,360,-356.3794286,19.598
-140,360,-377.1785714,20.42271
-140,360,-399.2077143,21.19426
-140,360,-422.5402857,21.90152
-140,360,-447.2537143,22.5346
-140,360,-473.43,23.08071
-140,360,-501.1562857,23.52346
-140,360,-530.5244286,23.84679
-140,360,-561.632,24.04221
-140,360,-594.5822857,24.11639
-140,360,-629.4847143,24.09512
-140,360,-666.4551429,24.02129
-140,380,-23.16285714,39.41925
-140,380,-24.5605,40.79537
-140,380,-26.04097143,42.20896
-140,380,-27.60911429,43.64642
-140,380,-29.2701,45.08785
-140,380,-31.02938571,46.5084
-140,380,-32.89277143,47.88262
-140,380,-34.86637143,49.19012
-140,380,-36.95664286,50.42008
-140,380,-39.17042857,51.57265
-140,380,-41.51485714,52.65646
-140,380,-43.99748571,53.68293
-140,380,-46.62624286,54.65881
-140,380,-49.40941429,55.57921
-140,380,-52.35577143,56.42271
-140,380,-55.47448571,57.15015
-140,380,-58.7752,57.70761
-140,380,-62.26804286,58.03326
-140,380,-65.96371429,58.06663
-140,380,-69.87345714,57.75778
-140,380,-74.00911429,57.07397
-140,380,-78.3832,56.00208
-140,380,-83.00891429,54.54674
-140,380,-87.9002,52.72578
-140,380,-93.07175714,50.56539
-140,380,-98.53915714,48.09735
-140,380,-104.3188429,45.35937
-140,380,-110.4282143,42.39788
-140,380,-116.8857429,39.27159
-140,380,-123.7110571,36.05306
-140,380,-130.9251143,32.82675
-140,380,-138.5502857,29.68297
-140,380,-146.6104286,26.7091
-140,380,-155.1311429,23.9806
-140,380,-164.1398571,21.55421
-140,380,-173.6657143,19.46493
-140,380,-183.7398571,17.72675
-140,380,-194.3955714,16.33612
-140,380,-205.6677143,15.2766
-140,380,-217.594,14.5231
-140,380,-230.214,14.04494
-140,380,-243.5695714,13.80737
-140,380,-257.7054286,13.77182
-140,380,-272.669,13.89585
-140,380,-288.5104286,14.134
-140,380,-305.2832857,14.44045
-140,380,-323.0445714,14.77412
-140,380,-341.8544286,15.10521
-140,380,-361.7771429,15.42129
-140,380,-382.8811429,15.73035
-140,380,-405.2384286,16.05936
-140,380,-428.9258571,16.4487
-140,380,-454.0245714,16.94418
-140,380,-480.6201429,17.58906
-140,380,-508.8035714,18.41787
-140,380,-538.6705714,19.45276
-140,380,-570.3224286,20.70255
-140,380,-603.8661429,22.16375
-140,380,-639.4144286,23.82253
-140,380,-677.0868571,25.65576
-140,400,-22.81645714,37.04704
-140,400,-24.1956,38.12998
-140,400,-25.65684286,39.24325
-140,400,-27.20498571,40.3831
-140,400,-28.84511429,41.54064
-140,400,-30.58267143,42.70237
-140,400,-32.42338571,43.85318
-140,400,-34.37337143,44.98064
-140,400,-36.43907143,46.07873
-140,400,-38.62728571,47.14966
-140,400,-40.94521429,48.20267
-140,400,-43.40041429,49.25025
-140,400,-46.00087143,50.30248
-140,400,-48.75495714,51.3609
-140,400,-51.67147143,52.41334
-140,400,-54.75968571,53.43102
-140,400,-58.02931429,54.36875
-140,400,-61.49055714,55.16843
-140,400,-65.15414286,55.76524
-140,400,-69.03134286,56.09493
-140,400,-73.134,56.10049
-140,400,-77.47462857,55.73647
-140,400,-82.06637143,54.97069
-140,400,-86.92308571,53.78374
-140,400,-92.0594,52.16829
-140,400,-97.49071429,50.12969
-140,400,-103.2333286,47.68877
-140,400,-109.3045,44.88623
-140,400,-115.7224857,41.78644
-140,400,-122.5067143,38.47811
-140,400,-129.6778714,35.06992
-140,400,-137.2580286,31.68089
-140,400,-145.2707143,28.42761
-140,400,-153.7412857,25.41155
-140,400,-162.6965714,22.70986
-140,400,-172.1654286,20.37129
-140,400,-182.1784286,18.4174
-140,400,-192.7682857,16.84738
-140,400,-203.97,15.64436
-140,400,-215.8204286,14.78141
-140,400,-228.3588571,14.22592
-140,400,-241.627,13.94194
-140,400,-255.669,13.89092
-140,400,-270.532,14.03146
-140,400,-286.2657143,14.31943
-140,400,-302.9231429,14.70955
-140,400,-320.5605714,15.15908
-140,400,-339.2375714,15.63312
-140,400,-359.0174286,16.11003
-140,400,-379.9671429,16.58471
-140,400,-402.1577143,17.06796
-140,400,-425.6645714,17.58193
-140,400,-450.5672857,18.15297
-140,400,-476.95,18.80419
-140,400,-504.9018571,19.55001
-140,400,-534.517,20.39397
-140,400,-565.8948571,21.33027
-140,400,-599.1408571,22.34798
-140,400,-634.3658571,23.43601
-140,400,-671.6878571,24.58619
-140,420,-23.43188571,37.96268
-140,420,-24.84658571,39.1379
-140,420,-26.3451,40.34072
-140,420,-27.93231429,41.56069
-140,420,-29.61344286,42.78424
-140,420,-31.39401429,43.99663
-140,420,-33.27991429,45.18581
-140,420,-35.27738571,46.34664
-140,420,-37.39301429,47.48349
-140,420,-39.63377143,48.60982
-140,420,-42.007,49.74453
-140,420,-44.52042857,50.90594
-140,420,-47.1822,52.10489
-140,420,-50.00084286,53.33855
-140,420,-52.98532857,54.58606
-140,420,-56.14505714,55.80729
-140,420,-59.48987143,56.94475
-140,420,-63.03011429,57.9287
-140,420,-66.77661429,58.6843
-140,420,-70.74077143,59.13921
-140,420,-74.93452857,59.22992
-140,420,-79.3705,58.90549
-140,420,-84.06191429,58.12873
-140,420,-89.02274286,56.87583
-140,420,-94.26774286,55.13634
-140,420,-99.81242857,52.91492
-140,420,-105.6732714,50.23553
-140,420,-111.8676571,47.1467
-140,420,-118.4140571,43.72549
-140,420,-125.3320571,40.07714
-140,420,-132.6425143,36.32857
-140,420,-140.3676857,32.61616
-140,420,-148.5312857,29.07058
-140,420,-157.1585714,25.80249
-140,420,-166.2765714,22.89304
-140,420,-175.9142857,20.39056
-140,420,-186.1022857,18.31321
-140,420,-196.8734286,16.65551
-140,420,-208.2628571,15.39621
-140,420,-220.3078571,14.50544
-140,420,-233.0478571,13.94991
-140,420,-246.5251429,13.69564
-140,420,-260.7842857,13.7086
-140,420,-275.8727143,13.95382
-140,420,-291.8408571,14.39404
-140,420,-308.7417143,14.98901
-140,420,-326.6317143,15.69635
-140,420,-345.5704286,16.47418
-140,420,-365.6208571,17.28496
-140,420,-386.8497143,18.09887
-140,420,-409.3274286,18.89513
-140,420,-433.1287143,19.66045
-140,420,-458.3321429,20.38524
-140,420,-485.0214286,21.05956
-140,420,-513.2844286,21.67102
-140,420,-543.2147143,22.20635
-140,420,-574.911,22.6563
-140,420,-608.4778571,23.02198
-140,420,-644.0258571,23.3192
-140,420,-681.6724286,23.57853
-140,440,-23.14238571,37.13435
-140,440,-24.53997143,38.19879
-140,440,-26.02044286,39.28819
-140,440,-27.58861429,40.39564
-140,440,-29.24964286,41.51167
-140,440,-31.009,42.62572
-140,440,-32.8725,43.72937
-140,440,-34.84631429,44.81976
-140,440,-36.93697143,45.90166
-140,440,-39.15137143,46.98703
-140,440,-41.4968,48.09194
-140,440,-43.98092857,49.23156
-140,440,-46.61182857,50.41438
-140,440,-49.39798571,51.63695
-140,440,-52.34831429,52.88015
-140,440,-55.47212857,54.10788
-140,440,-58.77925714,55.26843
-140,440,-62.27995714,56.29845
-140,440,-65.98501429,57.12871
-140,440,-69.90572857,57.69029
-140,440,-74.054,57.91971
-140,440,-78.44232857,57.76202
-140,440,-83.08387143,57.17196
-140,440,-87.99247143,56.11415
-140,440,-93.18274286,54.56413
-140,440,-98.67008571,52.51195
-140,440,-104.4707857,49.96833
-140,440,-110.6021,46.97221
-140,440,-117.0822714,43.59652
-140,440,-123.9307429,39.94867
-140,440,-131.1681714,36.16357
-140,440,-138.8165714,32.38949
-140,440,-146.8994286,28.77011
-140,440,-155.4418571,25.42773
-140,440,-164.4707143,22.45187
-140,440,-174.0144286,19.8954
-140,440,-184.1035714,17.77764
-140,440,-194.771,16.09191
-140,440,-206.0512857,14.81463
-140,440,-217.9814286,13.91347
-140,440,-230.601,13.35332
-140,440,-243.9517143,13.09943
-140,440,-258.0782857,13.11831
-140,440,-273.0278571,13.37678
-140,440,-288.8504286,13.84041
-140,440,-305.5991429,14.47226
-140,440,-323.33,15.23292
-140,440,-342.1025714,16.08214
-140,440,-361.9797143,16.98163
-140,440,-383.0277143,17.89788
-140,440,-405.3168571,18.80355
-140,440,-428.9215714,19.67659
-140,440,-453.9201429,20.49785
-140,440,-480.3958571,21.24846
-140,440,-508.4364286,21.9093
-140,440,-538.1347143,22.46368
-140,440,-569.589,22.90288
-140,440,-602.9034286,23.23215
-140,440,-638.1882857,23.47426
-140,440,-675.5598571,23.66831
-140,450,-24.15031429,39.4866
-140,450,-25.60561429,40.85929
-140,450,-27.14664286,42.27074
-140,450,-28.77838571,43.71039
-140,450,-30.50617143,45.16395
-140,450,-32.33568571,46.6152
-140,450,-34.27292857,48.05006
-140,450,-36.32428571,49.46088
-140,450,-38.49651429,50.84901
-140,450,-40.79672857,52.22423
-140,450,-43.23237143,53.60076
-140,450,-45.81132857,54.99109
-140,450,-48.54182857,56.39912
-140,450,-51.43251429,57.81431
-140,450,-54.4924,59.2079
-140,450,-57.73098571,60.53224
-140,450,-61.15815714,61.72331
-140,450,-64.78428571,62.70599
-140,450,-68.62027143,63.40111
-140,450,-72.67751429,63.73272
-140,450,-76.968,63.634
-140,450,-81.50432857,63.05113
-140,450,-86.29981429,61.94511
-140,450,-91.36844286,60.29288
-140,450,-96.72502857,58.0891
-140,450,-102.3851857,55.34969
-140,450,-108.3654714,52.11664
-140,450,-114.6834286,48.46255
-140,450,-121.3576429,44.49192
-140,450,-128.4079143,40.33692
-140,450,-135.8553,36.14667
-140,450,-143.7222857,32.07187
-140,450,-152.0325714,28.2481
-140,450,-160.8118571,24.78242
-140,450,-170.0872857,21.74599
-140,450,-179.8878571,19.1738
-140,450,-190.2447143,17.07016
-140,450,-201.1907143,15.41738
-140,450,-212.7611429,14.18501
-140,450,-224.9937143,13.33768
-140,450,-237.9284286,12.84051
-140,450,-251.608,12.66174
-140,450,-266.0774286,12.77304
-140,450,-281.3848571,13.14779
-140,450,-297.581,13.75842
-140,450,-314.7195714,14.57349
-140,450,-332.8575714,15.55559
-140,450,-352.0545714,16.6608
-140,450,-372.3738571,17.83973
-140,450,-393.8822857,19.03974
-140,450,-416.6501429,20.20718
-140,450,-440.7518571,21.28901
-140,450,-466.2657143,22.234
-140,450,-493.275,22.99479
-140,450,-521.8674286,23.53241
-140,450,-552.1361429,23.82353
-140,450,-584.1792857,23.8687
-140,450,-618.1015714,23.69773
-140,450,-654.0134286,23.36879
-140,450,-692.0322857,22.96026
-140,460,-23.85515714,39.05593
-140,460,-25.29387143,40.34588
-140,460,-26.81745714,41.67142
-140,460,-28.43085714,43.02391
-140,460,-30.13935714,44.391
-140,460,-31.94854286,45.75815
-140,460,-33.86438571,47.11235
-140,460,-35.8932,48.44616
-140,460,-38.04168571,49.76037
-140,460,-40.31688571,51.06383
-140,460,-42.72624286,52.37028
-140,460,-45.27755714,53.69301
-140,460,-47.97902857,55.03865
-140,460,-50.83927143,56.40158
-140,460,-53.86727143,57.75983
-140,460,-57.07248571,59.0735
-140,460,-60.46477143,60.28577
-140,460,-64.05448571,61.32663
-140,460,-67.85245714,62.11849
-140,460,-71.87008571,62.58283
-140,460,-76.11932857,62.64634
-140,460,-80.61272857,62.24593
-140,460,-85.36355714,61.33217
-140,460,-90.38575714,59.87186
-140,460,-95.69404286,57.85074
-140,460,-101.3039714,55.27727
-140,460,-107.2319714,52.18725
-140,460,-113.4954857,48.64814
-140,460,-120.1129571,44.7605
-140,460,-127.1040286,40.65438
-140,460,-134.4896143,36.47935
-140,460,-142.2919857,32.38947
-140,460,-150.5348571,28.52635
-140,460,-159.2437143,25.00457
-140,460,-168.4455714,21.90296
-140,460,-178.1692857,19.26299
-140,460,-188.4458571,17.09346
-140,460,-199.3082857,15.37892
-140,460,-210.7917143,14.08919
-140,460,-222.9337143,13.18762
-140,460,-235.774,12.63695
-140,460,-249.3551429,12.40234
-140,460,-263.7221429,12.45195
-140,460,-278.923,12.75555
-140,460,-295.0082857,13.28224
-140,460,-312.0315714,13.99817
-140,460,-330.0497143,14.86543
-140,460,-349.1225714,15.84251
-140,460,-369.3135714,16.88635
-140,460,-390.6897143,17.95498
-140,460,-413.3215714,19.00944
-140,460,-437.2841429,20.01403
-140,460,-462.6561429,20.93535
-140,460,-489.5212857,21.74147
-140,460,-517.9677143,22.40332
-140,460,-548.0891429,22.89928
-140,460,-579.9841429,23.22217
-140,460,-613.7574286,23.38555
-140,460,-649.52,23.42601
-140,460,-687.3892857,23.3995
-140,470,-31.63904286,66.20576
-140,470,-33.5157,70.68579
-140,470,-35.50071429,75.44426
-140,470,-37.60071429,80.45878
-140,470,-39.82262857,85.68148
-140,470,-42.17361429,91.0381
-140,470,-44.66114286,96.4366
-140,470,-47.29284286,101.7816
-140,470,-50.07658571,106.9872
-140,470,-53.02044286,111.9832
-140,470,-56.13278571,116.7096
-140,470,-59.42225714,121.1046
-140,470,-62.89781429,125.0888
-140,470,-66.56884286,128.5515
-140,470,-70.44518571,131.3453
-140,470,-74.53717143,133.2903
-140,470,-78.85565714,134.1898
-140,470,-83.4121,133.8547
-140,470,-88.21858571,132.1334
-140,470,-93.28784286,128.9392
-140,470,-98.63331429,124.2706
-140,470,-104.2692143,118.2169
-140,470,-110.2105429,110.9515
-140,470,-116.4732,102.7135
-140,470,-123.0740571,93.78345
-140,470,-130.0309857,84.46005
-140,470,-137.363,75.03877
-140,470,-145.0902857,65.79547
-140,470,-153.2344286,56.97334
-140,470,-161.8182857,48.77251
-140,470,-170.8662857,41.34243
-140,470,-180.4045714,34.77751
-140,470,-190.4612857,29.11746
-140,470,-201.0661429,24.35267
-140,470,-212.2511429,20.43403
-140,470,-224.0502857,17.28548
-140,470,-236.5004286,14.81694
-140,470,-249.64,12.93569
-140,470,-263.5107143,11.55496
-140,470,-278.1564286,10.59923
-140,470,-293.624,10.00648
-140,470,-309.963,9.72795
-140,470,-327.226,9.726097
-140,470,-345.4687143,9.971249
-140,470,-364.7501429,10.43772
-140,470,-385.1325714,11.10009
-140,470,-406.6815714,11.93037
-140,470,-429.4668571,12.89704
-140,470,-453.5618571,13.96585
-140,470,-479.0438571,15.1022
-140,470,-505.995,16.27363
-140,470,-534.5014286,17.45117
-140,470,-564.6545714,18.60886
-140,470,-596.5505714,19.72231
-140,470,-630.2911429,20.76786
-140,470,-665.9837143,21.72439
-140,470,-703.7417143,22.57841
-140,470,-743.685,23.33077
-140,470,-785.9402857,24.00191
-140,470,-830.6414286,24.6325
-140,480,-23.26107143,37.19974
-140,480,-24.66518571,38.30741
-140,480,-26.15238571,39.44351
-140,480,-27.7275,40.60213
-140,480,-29.39568571,41.77445
-140,480,-31.16241429,42.95002
-140,480,-33.03352857,44.11976
-140,480,-35.01518571,45.27927
-140,480,-37.11395714,46.43093
-140,480,-39.33674286,47.5837
-140,480,-41.69084286,48.75045
-140,480,-44.18394286,49.94351
-140,480,-46.82412857,51.16961
-140,480,-49.61987143,52.42508
-140,480,-52.58008571,53.69238
-140,480,-55.71408571,54.9386
-140,480,-59.03165714,56.11604
-140,480,-62.54304286,57.16501
-140,480,-66.25897143,58.01804
-140,480,-70.19072857,58.60481
-140,480,-74.35014286,58.85656
-140,480,-78.74967143,58.7095
-140,480,-83.40238571,58.10729
-140,480,-88.3221,57.00342
-140,480,-93.52332857,55.36493
-140,480,-99.02144286,53.17817
-140,480,-104.8326286,50.45652
-140,480,-110.9740857,47.24811
-140,480,-117.4640143,43.64029
-140,480,-124.3217571,39.75774
-140,480,-131.5679143,35.75233
-140,480,-139.2244429,31.78626
-140,480,-147.3147143,28.01213
-140,480,-155.8638571,24.55558
-140,480,-164.8984286,21.50453
-140,480,-174.4468571,18.90683
-140,480,-184.5398571,16.77513
-140,480,-195.21,15.09608
-140,480,-206.4917143,13.84072
-140,480,-218.4222857,12.97338
-140,480,-231.0411429,12.45802
-140,480,-244.3901429,12.26147
-140,480,-258.514,12.35396
-140,480,-273.4601429,12.70758
-140,480,-289.2784286,13.29351
-140,480,-306.0221429,14.07915
-140,480,-323.7474286,15.02617
-140,480,-342.5134286,16.09026
-140,480,-362.383,17.22286
-140,480,-383.422,18.37411
-140,480,-405.7005714,19.49578
-140,480,-429.2925714,20.54323
-140,480,-454.2758571,21.47618
-140,480,-480.733,22.25934
-140,480,-508.7512857,22.86452
-140,480,-538.4228571,23.27497
-140,480,-569.8457143,23.49096
-140,480,-603.123,23.53429
-140,480,-638.3644286,23.44858
-140,480,-675.6862857,23.29455
-140,490,-23.40014286,37.68711
-140,490,-24.81237143,38.85764
-140,490,-26.30805714,40.05917
-140,490,-27.89202857,41.28469
-140,490,-29.56947143,42.52364
-140,490,-31.34587143,43.76326
-140,490,-33.2271,44.9919
-140,490,-35.21934286,46.20299
-140,490,-37.3292,47.39765
-140,490,-39.56361429,48.58492
-140,490,-41.92991429,49.77911
-140,490,-44.43581429,50.99503
-140,490,-47.08942857,52.24227
-140,490,-49.89925714,53.51968
-140,490,-52.8742,54.81121
-140,490,-56.02362857,56.08384
-140,490,-59.35731429,57.28795
-140,490,-62.8855,58.36016
-140,490,-66.61892857,59.22801
-140,490,-70.5689,59.81549
-140,490,-74.74724286,60.04835
-140,490,-79.16638571,59.85836
-140,490,-83.83945714,59.18658
-140,490,-88.78024286,57.98635
-140,490,-94.00328571,56.22723
-140,490,-99.52392857,53.90075
-140,490,-105.3584429,51.02757
-140,490,-111.5239714,47.66432
-140,490,-118.0387714,43.9069
-140,490,-124.9222286,39.8874
-140,490,-132.1949429,35.76307
-140,490,-139.8789286,31.69898
-140,490,-147.9975714,27.8482
-140,490,-156.5761429,24.33483
-140,490,-165.6411429,21.24399
-140,490,-175.2212857,18.6201
-140,490,-185.3471429,16.47234
-140,490,-196.0512857,14.78423
-140,490,-207.3685714,13.52422
-140,490,-219.3362857,12.65477
-140,490,-231.9938571,12.13864
-140,490,-245.3834286,11.94214
-140,490,-259.5498571,12.03554
-140,490,-274.5404286,12.39147
-140,490,-290.4055714,12.98195
-140,490,-307.1985714,13.77535
-140,490,-324.9755714,14.73415
-140,490,-343.7961429,15.81452
-140,490,-363.7231429,16.96779
-140,490,-384.823,18.14347
-140,490,-407.1658571,19.29228
-140,490,-430.8257143,20.36842
-140,490,-455.881,21.33056
-140,490,-482.4144286,22.14274
-140,490,-510.5134286,22.77656
-140,490,-540.2705714,23.21532
-140,490,-571.784,23.45951
-140,490,-605.1574286,23.53098
-140,490,-640.5005714,23.47332
-140,490,-677.9298571,23.34708
-140,500,-23.56285714,38.53527
-140,500,-24.9845,39.74515
-140,500,-26.4901,40.98726
-140,500,-28.0845,42.25449
-140,500,-29.77292857,43.53652
-140,500,-31.56092857,44.82135
-140,500,-33.45437143,46.09847
-140,500,-35.45952857,47.36249
-140,500,-37.58301429,48.61526
-140,500,-39.83182857,49.8655
-140,500,-42.21334286,51.12582
-140,500,-44.7353,52.40786
-140,500,-47.40584286,53.71678
-140,500,-50.2335,55.04632
-140,500,-53.22724286,56.37538
-140,500,-56.39641429,57.66664
-140,500,-59.75082857,58.86763
-140,500,-63.30078571,59.91395
-140,500,-67.05707143,60.73396
-140,500,-71.03097143,61.25404
-140,500,-75.23438571,61.40325
-140,500,-79.6798,61.11687
-140,500,-84.3804,60.33889
-140,500,-89.35002857,59.02465
-140,500,-94.6033,57.14466
-140,500,-100.1556286,54.69087
-140,500,-106.0233286,51.68456
-140,500,-112.2236857,48.18395
-140,500,-118.775,44.28809
-140,500,-125.6967714,40.13367
-140,500,-133.0097429,35.88325
-140,500,-140.7360143,31.7068
-140,500,-148.8992857,27.76079
-140,500,-157.5245714,24.17061
-140,500,-166.639,21.02051
-140,500,-176.2712857,18.35241
-140,500,-186.4522857,16.17211
-140,500,-197.215,14.45962
-140,500,-208.5942857,13.1802
-140,500,-220.6277143,12.29377
-140,500,-233.3552857,11.76138
-140,500,-246.8194286,11.54846
-140,500,-261.0652857,11.6253
-140,500,-276.1405714,11.96541
-140,500,-292.0962857,12.54264
-140,500,-308.986,13.32796
-140,500,-326.8668571,14.28716
-140,500,-345.7988571,15.38004
-140,500,-365.8457143,16.56151
-140,500,-387.0744286,17.78391
-140,500,-409.5562857,18.99949
-140,500,-433.366,20.1621
-140,500,-458.5831429,21.22787
-140,500,-485.2911429,22.15627
-140,500,-513.5788571,22.91284
-140,500,-543.5397143,23.47453
-140,500,-575.2728571,23.83651
-140,500,-608.883,24.01762
-140,500,-644.4811429,24.06136
-140,500,-682.1847143,24.03109
-140,510,-23.6922,39.27228
-140,510,-25.12091429,40.53662
-140,510,-26.63387143,41.83506
-140,510,-28.23594286,43.15952
-140,510,-29.93237143,44.49853
-140,510,-31.72872857,45.83884
-140,510,-33.63094286,47.16902
-140,510,-35.64528571,48.48338
-140,510,-37.77842857,49.78433
-140,510,-40.03735714,51.08191
-140,510,-42.42948571,52.39032
-140,510,-44.96255714,53.72226
-140,510,-47.64474286,55.08267
-140,510,-50.48458571,56.4631
-140,510,-53.49102857,57.83798
-140,510,-56.67344286,59.16366
-140,510,-60.04164286,60.38037
-140,510,-63.60588571,61.41691
-140,510,-67.37698571,62.19697
-140,510,-71.36621429,62.64573
-140,510,-75.58548571,62.6951
-140,510,-80.04728571,62.28686
-140,510,-84.7648,61.37392
-140,510,-89.75187143,59.92108
-140,510,-95.02312857,57.90723
-140,510,-100.594,55.33028
-140,510,-106.4808143,52.21475
-140,510,-112.7008286,48.61978
-140,510,-119.2724,44.64384
-140,510,-126.215,40.42241
-140,510,-133.5494143,36.11683
-140,510,-141.2977714,31.8959
-140,510,-149.4837143,27.9148
-140,510,-158.1325714,24.29732
-140,510,-167.2714286,21.12577
-140,510,-176.9291429,18.43988
-140,510,-187.1365714,16.24318
-140,510,-197.9265714,14.5135
-140,510,-209.3347143,13.21396
-140,510,-221.398,12.30231
-140,510,-234.1567143,11.73718
-140,510,-247.6531429,11.48119
-140,510,-261.9324286,11.50141
-140,510,-277.0424286,11.76788
-140,510,-293.0338571,12.25115
-140,510,-309.9604286,12.91991
-140,510,-327.8794286,13.73965
-140,510,-346.851,14.67302
-140,510,-366.939,15.68181
-140,510,-388.211,16.72963
-140,510,-410.7384286,17.78409
-140,510,-434.5967143,18.81721
-140,510,-459.8655714,19.80425
-140,510,-486.6292857,20.72205
-140,510,-514.9771429,21.54884
-140,510,-545.003,22.26676
-140,510,-576.8067143,22.86692
-140,510,-610.4932857,23.3551
-140,510,-646.1742857,23.75516
-140,510,-683.9675714,24.10799
-140,520,-23.688,39.31026
-140,520,-25.11624286,40.59025
-140,520,-26.62865714,41.90511
-140,520,-28.23014286,43.24649
-140,520,-29.92594286,44.60253
-140,520,-31.7216,45.95945
-140,520,-33.62305714,47.3052
-140,520,-35.6366,48.6334
-140,520,-37.76884286,49.94582
-140,520,-40.02682857,51.25192
-140,520,-42.41792857,52.56533
-140,520,-44.94988571,53.89824
-140,520,-47.63084286,55.25502
-140,520,-50.46932857,56.62653
-140,520,-53.47427143,57.98645
-140,520,-56.65502857,59.29028
-140,520,-60.02137143,60.4775
-140,520,-63.58357143,61.47631
-140,520,-67.35237143,62.21029
-140,520,-71.33908571,62.6051
-140,520,-75.55557143,62.59392
-140,520,-80.0143,62.1207
-140,520,-84.72845714,61.14134
-140,520,-89.71185714,59.62432
-140,520,-94.97912857,57.55268
-140,520,-100.5457143,54.92847
-140,520,-106.4279,51.77987
-140,520,-112.6429714,48.16854
-140,520,-119.2092571,44.19383
-140,520,-126.1462571,39.99022
-140,520,-133.4747143,35.71621
-140,520,-141.2168143,31.53655
-140,520,-149.3961429,27.60187
-140,520,-158.0381429,24.03178
-140,520,-167.1697143,20.90529
-140,520,-176.8198571,18.26004
-140,520,-187.0194286,16.0986
-140,520,-197.8012857,14.3987
-140,520,-209.2008571,13.12397
-140,520,-221.2554286,12.23299
-140,520,-234.0048571,11.68529
-140,520,-247.4917143,11.44438
-140,520,-261.7611429,11.47811
-140,520,-276.8608571,11.75712
-140,520,-292.8417143,12.2524
-140,520,-309.7574286,12.93286
-140,520,-327.665,13.76401
-140,520,-346.6247143,14.70832
-140,520,-366.7005714,15.72726
-140,520,-387.96,16.78405
-140,520,-410.4741429,17.84585
-140,520,-434.3188571,18.88428
-140,520,-459.5734286,19.8742
-140,520,-486.3224286,20.79219
-140,520,-514.6548571,21.6163
-140,520,-544.6647143,22.32869
-140,520,-576.4517143,22.9207
-140,520,-610.1211429,23.39852
-140,520,-645.784,23.7866
-140,520,-683.5584286,24.12647
-140,530,-23.67542857,39.596
-140,530,-25.10284286,40.8866
-140,530,-26.61434286,42.21195
-140,530,-28.21484286,43.56334
-140,530,-29.90957143,44.92873
-140,530,-31.7041,46.29455
-140,530,-33.60432857,47.64925
-140,530,-35.61657143,48.98715
-140,530,-37.74744286,50.31061
-140,530,-40.00397143,51.62934
-140,530,-42.39352857,52.95665
-140,530,-44.92385714,54.30376
-140,530,-47.60308571,55.67345
-140,530,-50.43974286,57.05474
-140,530,-53.44272857,58.41943
-140,530,-56.62138571,59.72147
-140,530,-59.98548571,60.8993
-140,530,-63.54528571,61.88075
-140,530,-67.31151429,62.58952
-140,530,-71.29545714,62.95179
-140,530,-75.50895714,62.90143
-140,530,-79.96451429,62.38312
-140,530,-84.67525714,61.35368
-140,530,-89.65501429,59.78292
-140,530,-94.91842857,57.65587
-140,530,-100.4808714,54.97747
-140,530,-106.3586714,51.7794
-140,530,-112.5690857,48.12687
-140,530,-119.1304286,44.12197
-140,530,-126.0621714,39.90023
-140,530,-133.3850857,35.61926
-140,530,-141.1213429,31.44118
-140,530,-149.2945714,27.51315
-140,530,-157.9302857,23.95135
-140,530,-167.0552857,20.83214
-140,530,-176.6987143,18.19154
-140,530,-186.8915714,16.03142
-140,530,-197.6665714,14.3293
-140,530,-209.0592857,13.04878
-140,530,-221.1071429,12.14817
-140,530,-233.8498571,11.58635
-140,530,-247.33,11.32568
-140,530,-261.5927143,11.33235
-140,530,-276.6857143,11.57502
-140,530,-292.66,12.02269
-140,530,-309.5692857,12.64285
-140,530,-327.4707143,13.401
-140,530,-346.4248571,14.26179
-140,530,-366.4957143,15.19162
-140,530,-387.7511429,16.16145
-140,530,-410.2628571,17.14835
-140,530,-434.1067143,18.13487
-140,530,-459.363,19.10642
-140,530,-486.1162857,20.04823
-140,530,-514.456,20.94386
-140,530,-544.477,21.77682
-140,530,-576.2792857,22.53542
-140,530,-609.9682857,23.21899
-140,530,-645.6557143,23.84257
-140,530,-683.46,24.43751
-140,540,-23.49785714,37.99179
-140,540,-24.91411429,39.21001
-140,540,-26.41385714,40.46015
-140,540,-28.00195714,41.73385
-140,540,-29.68361429,43.01987
-140,540,-31.46435714,44.30586
-140,540,-33.35004286,45.58167
-140,540,-35.34691429,46.84285
-140,540,-37.46152857,48.09242
-140,540,-39.70085714,49.33987
-140,540,-42.07218571,50.59738
-140,540,-44.58321429,51.87435
-140,540,-47.24197143,53.17158
-140,540,-50.05694286,54.47657
-140,540,-53.03695714,55.7608
-140,540,-56.19128571,56.97964
-140,540,-59.52965714,58.07489
-140,540,-63.06222857,58.97951
-140,540,-66.7997,59.62347
-140,540,-70.75325714,59.93955
-140,540,-74.9347,59.8679
-140,540,-79.35641429,59.35862
-140,540,-84.03147143,58.37305
-140,540,-88.97364286,56.88454
-140,540,-94.19744286,54.88044
-140,540,-99.71825714,52.36617
-140,540,-105.5523,49.37116
-140,540,-111.7168,45.95488
-140,540,-118.2300571,42.21015
-140,540,-125.1114571,38.26065
-140,540,-132.3816857,34.25131
-140,540,-140.0627857,30.33285
-140,540,-148.1782857,26.64394
-140,540,-156.7531429,23.29605
-140,540,-165.8141429,20.36445
-140,540,-175.39,17.88705
-140,540,-185.5111429,15.8697
-140,540,-196.2101429,14.29525
-140,540,-207.5221429,13.13345
-140,540,-219.4838571,12.3494
-140,540,-232.1352857,11.90932
-140,540,-245.5182857,11.78347
-140,540,-259.6777143,11.94639
-140,540,-274.6611429,12.37509
-140,540,-290.5188571,13.04596
-140,540,-307.304,13.93128
-140,540,-325.0728571,14.99636
-140,540,-343.885,16.19811
-140,540,-363.8027143,17.48548
-140,540,-384.8925714,18.80146
-140,540,-407.2242857,20.08582
-140,540,-430.8714286,21.27786
-140,540,-455.9121429,22.31911
-140,540,-482.4287143,23.15704
-140,540,-510.5082857,23.75066
-140,540,-540.243,24.07805
-140,540,-571.7304286,24.14374
-140,540,-605.074,23.98262
-140,540,-640.3832857,23.65758
-140,540,-677.7742857,23.25059
-140,550,-23.4725,38.70223
-140,550,-24.88711429,39.95103
-140,550,-26.38507143,41.23197
-140,550,-27.97125714,42.53573
-140,550,-29.65082857,43.85034
-140,550,-31.42932857,45.16305
-140,550,-33.31262857,46.46371
-140,550,-35.30695714,47.74819
-140,550,-37.41887143,49.01992
-140,550,-39.65532857,50.28855
-140,550,-42.02362857,51.56589
-140,550,-44.53142857,52.86021
-140,550,-47.18678571,54.17046
-140,550,-49.99812857,55.48168
-140,550,-52.97425714,56.76271
-140,550,-56.12444286,57.96647
-140,550,-59.45837143,59.03293
-140,550,-62.98617143,59.89408
-140,550,-66.71851429,60.47988
-140,550,-70.66658571,60.72401
-140,550,-74.84214286,60.56816
-140,550,-79.25758571,59.96456
-140,550,-83.92597143,58.87711
-140,550,-88.86107143,57.28222
-140,550,-94.0774,55.17096
-140,550,-99.59028571,52.55308
-140,550,-105.4159857,49.46276
-140,550,-111.5716571,45.9641
-140,550,-118.0755571,42.1536
-140,550,-124.9470857,38.15691
-140,550,-132.2068857,34.11877
-140,550,-139.8770143,30.18753
-140,550,-147.981,26.49793
-140,550,-156.544,23.15676
-140,550,-165.5928571,20.23477
-140,550,-175.1564286,17.76609
-140,550,-185.2652857,15.75371
-140,550,-195.9522857,14.17846
-140,550,-207.2522857,13.00855
-140,550,-219.2027143,12.20758
-140,550,-231.8431429,11.73991
-140,550,-245.2155714,11.5733
-140,550,-259.3651429,11.67889
-140,550,-274.3391429,12.02943
-140,550,-290.188,12.59648
-140,550,-306.965,13.34771
-140,550,-324.7268571,14.24544
-140,550,-343.5332857,15.24712
-140,550,-363.4475714,16.30805
-140,550,-384.5365714,17.38523
-140,550,-406.8708571,18.44086
-140,550,-430.5252857,19.44414
-140,550,-455.5788571,20.37077
-140,550,-482.115,21.20142
-140,550,-510.2218571,21.9208
-140,550,-539.993,22.51878
-140,550,-571.5268571,22.99381
-140,550,-604.928,23.35692
-140,550,-640.3068571,23.63406
-140,550,-677.7804286,23.86485
-140,560,-23.57305714,39.12545
-140,560,-24.99311429,40.40459
-140,560,-26.49684286,41.71586
-140,560,-28.08911429,43.04858
-140,560,-29.77518571,44.38979
-140,560,-31.56057143,45.72631
-140,560,-33.45117143,47.04818
-140,560,-35.45324286,48.35192
-140,560,-37.57335714,49.6416
-140,560,-39.81847143,50.92709
-140,560,-42.19588571,52.21941
-140,560,-44.71325714,53.52476
-140,560,-47.37865714,54.8386
-140,560,-50.2005,56.1413
-140,560,-53.18761429,57.39634
-140,560,-56.34925714,58.55144
-140,560,-59.69512857,59.54264
-140,560,-63.23538571,60.30054
-140,560,-66.98074286,60.75745
-140,560,-70.94238571,60.85367
-140,560,-75.13215714,60.54169
-140,560,-79.56248571,59.78745
-140,560,-84.24647143,58.5694
-140,560,-89.19797143,56.87675
-140,560,-94.43157143,54.70908
-140,560,-99.9627,52.07875
-140,560,-105.8076571,49.01619
-140,560,-111.9837429,45.57636
-140,560,-118.5092857,41.8435
-140,560,-125.4038,37.93056
-140,560,-132.6880571,33.97164
-140,560,-140.3842143,30.10802
-140,560,-148.5158571,26.47129
-140,560,-157.1084286,23.16836
-140,560,-166.1885714,20.27215
-140,560,-175.7855714,17.81987
-140,560,-185.9298571,15.81761
-140,560,-196.6545714,14.24885
-140,560,-207.9947143,13.08379
-140,560,-219.9877143,12.28747
-140,560,-232.6732857,11.82527
-140,560,-246.094,11.66567
-140,560,-260.2947143,11.78045
-140,560,-275.3232857,12.14304
-140,560,-291.2301429,12.72589
-140,560,-308.069,13.49783
-140,560,-325.8967143,14.42258
-140,560,-344.7732857,15.45899
-140,560,-364.7621429,16.56324
-140,560,-385.9304286,17.69205
-140,560,-408.3492857,18.8055
-140,560,-432.0934286,19.86844
-140,560,-457.2424286,20.85015
-140,560,-483.8798571,21.72363
-140,560,-512.0944286,22.46599
-140,560,-541.9795714,23.06138
-140,560,-573.6347143,23.50589
-140,560,-607.1644286,23.81245
-140,560,-642.6797143,24.01291
-140,560,-680.298,24.15569
-140,570,-23.33548571,37.74224
-140,570,-24.74117143,38.95033
-140,570,-26.2297,40.18805
-140,570,-27.80591429,41.44545
-140,570,-29.47498571,42.71054
-140,570,-31.24241429,43.97128
-140,570,-33.114,45.21877
-140,570,-35.09597143,46.45027
-140,570,-37.19481429,47.67008
-140,570,-39.41744286,48.88781
-140,570,-41.77108571,50.11393
-140,570,-44.26334286,51.3542
-140,570,-46.9022,52.6042
-140,570,-49.696,53.84542
-140,570,-52.65351429,55.0436
-140,570,-55.7839,56.14977
-140,570,-59.0968,57.10385
-140,570,-62.60227143,57.83996
-140,570,-66.31092857,58.29262
-140,570,-70.23387143,58.40241
-140,570,-74.38282857,58.12009
-140,570,-78.77012857,57.4086
-140,570,-83.40875714,56.24356
-140,570,-88.31244286,54.61316
-140,570,-93.49568571,52.51884
-140,570,-98.97378571,49.97771
-140,570,-104.763,47.02654
-140,570,-110.8804857,43.72585
-140,570,-117.3445143,40.16202
-140,570,-124.1745,36.44495
-140,570,-131.3910571,32.70037
-140,570,-139.0162,29.05752
-140,570,-147.0734286,25.63511
-140,570,-155.5875714,22.52915
-140,570,-164.5855714,19.8056
-140,570,-174.0957143,17.49917
-140,570,-184.1484286,15.61736
-140,570,-194.7764286,14.14782
-140,570,-206.0144286,13.06651
-140,570,-217.8992857,12.34496
-140,570,-230.4705714,11.9553
-140,570,-243.7702857,11.87284
-140,570,-257.8431429,12.07626
-140,570,-272.7362857,12.54575
-140,570,-288.5001429,13.25989
-140,570,-305.1874286,14.19199
-140,570,-322.8545714,15.30699
-140,570,-341.5604286,16.55992
-140,570,-361.3675714,17.89636
-140,570,-382.3418571,19.25482
-140,570,-404.553,20.57021
-140,570,-428.0744286,21.77746
-140,570,-452.9835714,22.81523
-140,570,-479.3627143,23.63021
-140,570,-507.2985714,24.18297
-140,570,-536.883,24.45517
-140,570,-568.2131429,24.45608
-140,570,-601.3922857,24.22539
-140,570,-636.5292857,23.82989
-140,570,-673.7401429,23.35397
-140,580,-23.51208571,40.1002
-140,580,-24.92807143,41.4044
-140,580,-26.4275,42.7416
-140,580,-28.01525714,44.10135
-140,580,-29.69655714,45.47067
-140,580,-31.47694286,46.83608
-140,580,-33.3623,48.18681
-140,580,-35.35884286,49.51798
-140,580,-37.47314286,50.83158
-140,580,-39.71212857,52.13456
-140,580,-42.08305714,53.43423
-140,580,-44.59355714,54.73236
-140,580,-47.25162857,56.01948
-140,580,-50.06567143,57.27092
-140,580,-53.04445714,58.44558
-140,580,-56.1972,59.48779
-140,580,-59.53355714,60.3322
-140,580,-63.06368571,60.91079
-140,580,-66.79822857,61.16054
-140,580,-70.7484,61.02987
-140,580,-74.92604286,60.48246
-140,580,-79.3436,59.49766
-140,580,-84.0142,58.06823
-140,580,-88.95172857,56.19724
-140,580,-94.17078571,53.89611
-140,580,-99.68685714,51.18556
-140,580,-105.5162714,48.09965
-140,580,-111.6763714,44.6915
-140,580,-118.1855143,41.03777
-140,580,-125.0632714,37.23911
-140,580,-132.3305,33.41438
-140,580,-140.0094429,29.68926
-140,580,-148.1238571,26.18183
-140,580,-156.6994286,22.98936
-140,580,-165.763,20.1796
-140,580,-175.3438571,17.78849
-140,580,-185.4731429,15.82351
-140,580,-196.1838571,14.27066
-140,580,-207.5114286,13.10264
-140,580,-219.4931429,12.28592
-140,580,-232.1692857,11.78581
-140,580,-245.582,11.56902
-140,580,-259.7767143,11.604
-140,580,-274.8011429,11.85982
-140,580,-290.7062857,12.3045
-140,580,-307.5461429,12.90396
-140,580,-325.3781429,13.62243
-140,580,-344.263,14.42478
-140,580,-364.2654286,15.28021
-140,580,-385.4537143,16.16583
-140,580,-407.9,17.06845
-140,580,-431.6808571,17.98348
-140,580,-456.8774286,18.91132
-140,580,-483.5748571,19.85256
-140,580,-511.8638571,20.80441
-140,580,-541.8395714,21.75993
-140,580,-573.6028571,22.71084
-140,580,-607.2604286,23.65268
-140,580,-642.9248571,24.58993
-140,580,-680.715,25.53842
-140,590,-23.51345714,37.92314
-140,590,-24.92898571,39.17292
-140,590,-26.42794286,40.45362
-140,590,-28.01521429,41.754
-140,590,-29.69601429,43.06059
-140,590,-31.47588571,44.35973
-140,590,-33.36067143,45.64086
-140,590,-35.35658571,46.89951
-140,590,-37.47017143,48.13816
-140,590,-39.70834286,49.36426
-140,590,-42.07832857,50.58552
-140,590,-44.58774286,51.80412
-140,590,-47.24458571,53.01117
-140,590,-50.0572,54.18305
-140,590,-53.03438571,55.28045
-140,590,-56.18534286,56.25046
-140,590,-59.51972857,57.03151
-140,590,-63.04765714,57.56009
-140,590,-66.77978571,57.77789
-140,590,-70.72728571,57.63767
-140,590,-74.90194286,57.10645
-140,590,-79.31617143,56.16568
-140,590,-83.98305714,54.8091
-140,590,-88.91644286,53.04
-140,590,-94.13092857,50.86974
-140,590,-99.64202857,48.31881
-140,590,-105.4661571,45.42066
-140,590,-111.6207714,42.22669
-140,590,-118.1243857,38.81001
-140,590,-124.9967,35.26538
-140,590,-132.2586429,31.70365
-140,590,-139.9324714,28.2413
-140,590,-148.0418571,24.98753
-140,590,-156.612,22.03244
-140,590,-165.6697143,19.43953
-140,590,-175.2437143,17.24371
-140,590,-185.3644286,15.45463
-140,590,-196.0645714,14.06329
-140,590,-207.3791429,13.04972
-140,590,-219.3454286,12.39002
-140,590,-232.0032857,12.06147
-140,590,-245.3952857,12.04552
-140,590,-259.5664286,12.32849
-140,590,-274.5647143,12.90047
-140,590,-290.4408571,13.7526
-140,590,-307.2487143,14.87321
-140,590,-325.0445714,16.24309
-140,590,-343.8882857,17.83035
-140,590,-363.8422857,19.58512
-140,590,-384.973,21.43486
-140,590,-407.35,23.2814
-140,590,-431.0465714,25.00206
-140,590,-456.1404286,26.45792
-140,590,-482.7134286,27.51176
-140,590,-510.8522857,28.0548
-140,590,-540.6487143,28.03549
-140,590,-572.2001429,27.47917
-140,590,-605.6097143,26.48837
-140,590,-640.9868571,25.22153
-140,590,-678.4478571,23.85891
-140,600,-23.42647143,38.00551
-140,600,-24.83647143,39.25549
-140,600,-26.32958571,40.537
-140,600,-27.91065714,41.83946
-140,600,-29.58488571,43.14993
-140,600,-31.3578,44.45502
-140,600,-33.23521429,45.74399
-140,600,-35.22332857,47.01168
-140,600,-37.32865714,48.25928
-140,600,-39.55805714,49.49233
-140,600,-41.91875714,50.71626
-140,600,-44.41831429,51.93077
-140,600,-47.06465714,53.12474
-140,600,-49.86614286,54.27303
-140,600,-52.8315,55.33594
-140,600,-55.96985714,56.26159
-140,600,-59.29085714,56.9908
-140,600,-62.80454286,57.4635
-140,600,-66.52154286,57.62525
-140,600,-70.45298571,57.4324
-140,600,-74.61062857,56.85485
-140,600,-79.00684286,55.87612
-140,600,-83.65468571,54.49147
-140,600,-88.56795714,52.70563
-140,600,-93.76125714,50.53156
-140,600,-99.25001429,47.9915
-140,600,-105.0505857,45.12019
-140,600,-111.1803429,41.96914
-140,600,-117.6577,38.60969
-140,600,-124.5022429,35.13273
-140,600,-131.7347857,31.64361
-140,600,-139.3774857,28.25267
-140,600,-147.454,25.06355
-140,600,-155.9892857,22.16235
-140,600,-165.0102857,19.61057
-140,600,-174.5457143,17.44307
-140,600,-184.6258571,15.6708
-140,600,-195.2834286,14.28677
-140,600,-206.5532857,13.27305
-140,600,-218.4725714,12.60725
-140,600,-231.0808571,12.26724
-140,600,-244.4204286,12.23369
-140,600,-258.5361429,12.49045
-140,600,-273.4755714,13.02291
-140,600,-289.2891429,13.81495
-140,600,-306.0301429,14.84497
-140,600,-323.7547143,16.08203
-140,600,-342.5222857,17.48279
-140,600,-362.3952857,18.99018
-140,600,-383.4397143,20.53392
-140,600,-405.7251429,22.03295
-140,600,-429.325,23.39975
-140,600,-454.3167143,24.54671
-140,600,-480.7825714,25.39538
-140,600,-508.809,25.88821
-140,600,-538.488,26.00106
-140,600,-569.9167143,25.75232
-140,600,-603.1984286,25.20399
-140,600,-638.4425714,24.45299
-140,600,-675.7648571,23.6147
-140,620,-23.44741429,39.6961
-140,620,-24.85835714,41.03164
-140,620,-26.35247143,42.39832
-140,620,-27.93465714,43.78121
-140,620,-29.6101,45.16301
-140,620,-31.38431429,46.52641
-140,620,-33.26315714,47.85762
-140,620,-35.25277143,49.14944
-140,620,-37.35967143,50.40192
-140,620,-39.59068571,51.61988
-140,620,-41.953,52.80767
-140,620,-44.45417143,53.96301
-140,620,-47.10208571,55.07165
-140,620,-49.90505714,56.10439
-140,620,-52.87181429,57.01741
-140,620,-56.01148571,57.75609
-140,620,-59.3337,58.26153
-140,620,-62.84855714,58.47849
-140,620,-66.56668571,58.3628
-140,620,-70.4993,57.88629
-140,620,-74.65821429,57.03807
-140,620,-79.05591429,55.82201
-140,620,-83.70555714,54.25172
-140,620,-88.62107143,52.34524
-140,620,-93.81715714,50.12158
-140,620,-99.30935714,47.60082
-140,620,-105.1141429,44.80779
-140,620,-111.2489429,41.77812
-140,620,-117.7322571,38.56412
-140,620,-124.5837857,35.23765
-140,620,-131.8244571,31.88778
-140,620,-139.4765857,28.61323
-140,620,-147.564,25.51134
-140,620,-156.1121429,22.66669
-140,620,-165.148,20.14277
-140,620,-174.7007143,17.97833
-140,620,-184.8012857,16.18866
-140,620,-195.4825714,14.77029
-140,620,-206.7797143,13.70713
-140,620,-218.7304286,12.97639
-140,620,-231.3742857,12.5529
-140,620,-244.7538571,12.41155
-140,620,-258.914,12.52772
-140,620,-273.9028571,12.87623
-140,620,-289.7708571,13.42969
-140,620,-306.5718571,14.15698
-140,620,-324.363,15.02292
-140,620,-343.2042857,15.98961
-140,620,-363.1598571,17.01907
-140,620,-384.297,18.07614
-140,620,-406.6874286,19.13042
-140,620,-430.4065714,20.15604
-140,620,-455.5341429,21.12992
-140,620,-482.155,22.0297
-140,620,-510.358,22.83357
-140,620,-540.2378571,23.52322
-140,620,-571.8942857,24.08942
-140,620,-605.433,24.53819
-140,620,-640.9657143,24.89437
-140,620,-678.6107143,25.20037
-140,640,-23.27321429,39.30292
-140,640,-24.67315714,40.64931
-140,640,-26.15564286,42.02525
-140,640,-27.72552857,43.41276
-140,640,-29.38795714,44.79122
-140,640,-31.14838571,46.13983
-140,640,-33.0126,47.44117
-140,640,-34.98667143,48.68433
-140,640,-37.07704286,49.86562
-140,640,-39.29042857,50.98608
-140,640,-41.63392857,52.04655
-140,640,-44.11501429,53.04186
-140,640,-46.74147143,53.95621
-140,640,-49.52155714,54.76115
-140,640,-52.46387143,55.41677
-140,640,-55.5775,55.87619
-140,640,-58.87197143,56.09212
-140,640,-62.35735714,56.02416
-140,640,-66.04424286,55.64475
-140,640,-69.94378571,54.94232
-140,640,-74.06778571,53.9207
-140,640,-78.42868571,52.59528
-140,640,-83.03967143,50.98728
-140,640,-87.91464286,49.11833
-140,640,-93.06831429,47.00721
-140,640,-98.51625714,44.67001
-140,640,-104.2749429,42.1238
-140,640,-110.3618571,39.39254
-140,640,-116.7955286,36.51322
-140,640,-123.5956571,33.53964
-140,640,-130.7831857,30.54193
-140,640,-138.3804571,27.60127
-140,640,-146.4112857,24.80109
-140,640,-154.9008571,22.21721
-140,640,-163.8764286,19.9098
-140,640,-173.3667143,17.91909
-140,640,-183.4025714,16.26524
-140,640,-194.017,14.95155
-140,640,-205.2448571,13.96933
-140,640,-217.1235714,13.30289
-140,640,-229.6928571,12.93348
-140,640,-242.9951429,12.84153
-140,640,-257.0751429,13.00716
-140,640,-271.9807143,13.40917
-140,640,-287.7622857,14.02339
-140,640,-304.4735714,14.82095
-140,640,-322.1711429,15.76761
-140,640,-340.9152857,16.82453
-140,640,-360.7691429,17.95045
-140,640,-381.8002857,19.1043
-140,640,-404.0792857,20.24707
-140,640,-427.6815714,21.34209
-140,640,-452.6864286,22.3541
-140,640,-479.1777143,23.24877
-140,640,-507.2441429,23.99454
-140,640,-536.9797143,24.56783
-140,640,-568.4837143,24.96042
-140,640,-601.8612857,25.18614
-140,640,-637.2238571,25.28312
-140,640,-674.6892857,25.30999
-140,660,-22.9223,39.34834
-140,660,-24.29794286,40.95641
-140,660,-25.75437143,42.60373
-140,660,-27.29631429,44.26074
-140,660,-28.92878571,45.89202
-140,660,-30.65708571,47.45901
-140,660,-32.48677143,48.92488
-140,660,-34.42371429,50.2595
-140,660,-36.47408571,51.44181
-140,660,-38.64434286,52.4586
-140,660,-40.94128571,53.30001
-140,660,-43.37207143,53.95408
-140,660,-45.94417143,54.40248
-140,660,-48.66545714,54.61929
-140,660,-51.54424286,54.57353
-140,660,-54.58924286,54.23465
-140,660,-57.80965714,53.57977
-140,660,-61.21521429,52.60023
-140,660,-64.8162,51.30569
-140,660,-68.62348571,49.72423
-140,660,-72.64861429,47.89833
-140,660,-76.90378571,45.878
-140,660,-81.40194286,43.7129
-140,660,-86.15682857,41.44581
-140,660,-91.18298571,39.109
-140,660,-96.49581429,36.7243
-140,660,-102.1116857,34.30638
-140,660,-108.0479571,31.86828
-140,660,-114.3230714,29.42721
-140,660,-120.9566286,27.00895
-140,660,-127.9694714,24.64929
-140,660,-135.3837857,22.39214
-140,660,-143.2232857,20.2848
-140,660,-151.5131429,18.37208
-140,660,-160.2801429,16.69116
-140,660,-169.5531429,15.26845
-140,660,-179.3625714,14.1191
-140,660,-189.7414286,13.24861
-140,660,-200.7241429,12.65565
-140,660,-212.3481429,12.33502
-140,660,-224.6527143,12.27973
-140,660,-237.68,12.48182
-140,660,-251.4745714,12.93157
-140,660,-266.084,13.61554
-140,660,-281.5581429,14.51381
-140,660,-297.9504286,15.59765
-140,660,-315.317,16.8284
-140,660,-333.7171429,18.15864
-140,660,-353.214,19.53534
-140,660,-373.8738571,20.90392
-140,660,-395.7668571,22.21176
-140,660,-418.9674286,23.40986
-140,660,-443.5538571,24.45327
-140,660,-469.6092857,25.30173
-140,660,-497.2215714,25.92279
-140,660,-526.4834286,26.298
-140,660,-557.4934286,26.43048
-140,660,-590.3555714,26.35015
-140,660,-625.1804286,26.11347
-140,660,-662.0847143,25.79646
-150,440,-26.1752,47.06877
-150,440,-27.74422857,49.06607
-150,440,-29.40495714,51.15306
-150,440,-31.1628,53.3338
-150,440,-33.02348571,55.60387
-150,440,-34.99308571,57.94924
-150,440,-37.07798571,60.34818
-150,440,-39.2849,62.77462
-150,440,-41.62082857,65.20091
-150,440,-44.0931,67.59865
-150,440,-46.70938571,69.93742
-150,440,-49.47767143,72.18216
-150,440,-52.40627143,74.29044
-150,440,-55.50392857,76.21063
-150,440,-58.77974286,77.88137
-150,440,-62.24325714,79.23269
-150,440,-65.90447143,80.18883
-150,440,-69.7739,80.67264
-150,440,-73.86258571,80.61127
-150,440,-78.18214286,79.94254
-150,440,-82.74482857,78.62096
-150,440,-87.56362857,76.62256
-150,440,-92.65221429,73.94808
-150,440,-98.02505714,70.62459
-150,440,-103.6974857,66.70611
-150,440,-109.6857,62.27362
-150,440,-116.0068714,57.43441
-150,440,-122.6791857,52.31964
-150,440,-129.7219857,47.07893
-150,440,-137.1558143,41.87104
-150,440,-145.0025714,36.85118
-150,440,-153.2857143,32.15706
-150,440,-162.03,27.89693
-150,440,-171.2624286,24.14225
-150,440,-181.0112857,20.92654
-150,440,-191.3071429,18.2499
-150,440,-202.1827143,16.08726
-150,440,-213.6725714,14.39789
-150,440,-225.814,13.13419
-150,440,-238.6461429,12.24831
-150,440,-252.211,11.6961
-150,440,-266.553,11.43871
-150,440,-281.7194286,11.44198
-150,440,-297.7601429,11.6746
-150,440,-314.7281429,12.10571
-150,440,-332.6794286,12.70293
-150,440,-351.6735714,13.43162
-150,440,-371.773,14.25599
-150,440,-393.0442857,15.14174
-150,440,-415.5575714,16.05915
-150,440,-439.3868571,16.98525
-150,440,-464.6105714,17.90378
-150,440,-491.3117143,18.80303
-150,440,-519.5775714,19.67265
-150,440,-549.5008571,20.50148
-150,440,-581.1791429,21.27793
-150,440,-614.7158571,21.9935
-150,440,-650.2202857,22.64799
-150,440,-687.8077143,23.2539
-150,440,-727.6005714,23.83743
-150,450,-26.60585714,49.48424
-150,450,-28.19935714,51.67815
-150,450,-29.8858,53.97161
-150,450,-31.67068571,56.36629
-150,450,-33.55985714,58.85506
-150,450,-35.55947143,61.42119
-150,450,-37.67602857,64.04079
-150,450,-39.91631429,66.6865
-150,450,-42.28742857,69.33028
-150,450,-44.79678571,71.94367
-150,450,-47.45211429,74.49535
-150,450,-50.26145714,76.94728
-150,450,-53.23321429,79.25095
-150,450,-56.37615714,81.34504
-150,450,-59.69942857,83.1553
-150,450,-63.21265714,84.59693
-150,450,-66.92588571,85.57936
-150,450,-70.8497,86.01306
-150,450,-74.99518571,85.81756
-150,450,-79.37407143,84.92942
-150,450,-83.99871429,83.30884
-150,450,-88.88215714,80.94381
-150,450,-94.03824286,77.85148
-150,450,-99.48155714,74.07751
-150,450,-105.2275429,69.69434
-150,450,-111.2925714,64.79956
-150,450,-117.6939571,59.51432
-150,450,-124.4500286,53.98077
-150,450,-131.5802857,48.35683
-150,450,-139.1054429,42.80719
-150,450,-147.0475714,37.49071
-150,450,-155.4302857,32.54645
-150,450,-164.2788571,28.08158
-150,450,-173.6202857,24.16417
-150,450,-183.4832857,20.82244
-150,450,-193.8991429,18.04984
-150,450,-204.9005714,15.814
-150,450,-216.5231429,14.06693
-150,450,-228.8041429,12.75412
-150,450,-241.7837143,11.82135
-150,450,-255.5041429,11.2187
-150,450,-270.0105714,10.90189
-150,450,-285.3505714,10.83172
-150,450,-301.5748571,10.9723
-150,450,-318.7371429,11.289
-150,450,-336.8941429,11.74736
-150,450,-356.1062857,12.3134
-150,450,-376.4375714,12.95591
-150,450,-397.9557143,13.64998
-150,450,-420.7325714,14.38037
-150,450,-444.844,15.14309
-150,450,-470.3705714,15.94418
-150,450,-497.3972857,16.79582
-150,450,-526.0138571,17.71106
-150,450,-556.3151429,18.69914
-150,450,-588.4014286,19.763
-150,450,-622.3781429,20.90005
-150,450,-658.3571429,22.10555
-150,450,-696.456,23.37707
-150,450,-736.799,24.71747
-150,460,-26.9062,51.80122
-150,460,-28.51701429,54.17208
-150,460,-30.22152857,56.65331
-150,460,-32.02531429,59.24631
-150,460,-33.93427143,61.94303
-150,460,-35.95462857,64.72502
-150,460,-38.09297143,67.56602
-150,460,-40.35617143,70.43601
-150,460,-42.7514,73.30411
-150,460,-45.28614286,76.13892
-150,460,-47.96818571,78.90584
-150,460,-50.80561429,81.56304
-150,460,-53.80687143,84.05737
-150,460,-56.98074286,86.32197
-150,460,-60.33641429,88.27599
-150,460,-63.88351429,89.82703
-150,460,-67.63214286,90.87592
-150,460,-71.59287143,91.32383
-150,460,-75.77684286,91.0808
-150,460,-80.19582857,90.07477
-150,460,-84.8622,88.25946
-150,460,-89.78904286,85.62012
-150,460,-94.99024286,82.17631
-150,460,-100.4804286,77.98201
-150,460,-106.2751286,73.12393
-150,460,-112.3907714,67.71891
-150,460,-118.8447429,61.91041
-150,460,-125.6554571,55.86351
-150,460,-132.8424857,49.75708
-150,460,-140.4266286,43.77246
-150,460,-148.43,38.07936
-150,460,-156.8764286,32.8214
-150,460,-165.7911429,28.10447
-150,460,-175.2012857,23.99082
-150,460,-185.1362857,20.4998
-150,460,-195.6271429,17.61462
-150,460,-206.7072857,15.29242
-150,460,-218.4125714,13.47535
-150,460,-230.781,12.10001
-150,460,-243.8528571,11.10435
-150,460,-257.6711429,10.43145
-150,460,-272.2812857,10.03077
-150,460,-287.7314286,9.857415
-150,460,-304.073,9.870527
-150,460,-321.36,10.0318
-150,460,-339.6502857,10.30514
-150,460,-359.0051429,10.65824
-150,460,-379.49,11.06589
-150,460,-401.174,11.51422
-150,460,-424.1308571,12.00406
-150,460,-448.4388571,12.55202
-150,460,-474.1807143,13.1885
-150,460,-501.4441429,13.95326
-150,460,-530.3217143,14.8898
-150,460,-560.9111429,16.0399
-150,460,-593.3154286,17.43927
-150,460,-627.6428571,19.11493
-150,460,-664.0077143,21.08423
-150,460,-702.5302857,23.35475
-150,460,-743.3368571,25.92358
-150,470,-26.2957,48.0933
-150,470,-27.87171429,50.16636
-150,470,-29.53968571,52.3313
-150,470,-31.30501429,54.58997
-150,470,-33.17347143,56.93622
-150,470,-35.15118571,59.35526
-150,470,-37.24455714,61.8261
-150,470,-39.46035714,64.32505
-150,470,-41.80562857,66.82842
-150,470,-44.28774286,69.31254
-150,470,-46.9144,71.75146
-150,470,-49.6936,74.11301
-150,470,-52.6337,76.355
-150,470,-55.74342857,78.42261
-150,470,-59.03191429,80.24773
-150,470,-62.50867143,81.75049
-150,470,-66.18371429,82.84314
-150,470,-70.06751429,83.43583
-150,470,-74.17111429,83.4439
-150,470,-78.50611429,82.79563
-150,470,-83.0848,81.43922
-150,470,-87.9201,79.34811
-150,470,-93.0257,76.52403
-150,470,-98.41607143,72.99814
-150,470,-104.1065286,68.83111
-150,470,-110.1132714,64.11267
-150,470,-116.4534429,58.96064
-150,470,-123.1451857,53.51829
-150,470,-130.2078286,47.94853
-150,470,-137.6618714,42.42374
-150,470,-145.5291429,37.11186
-150,470,-153.8331429,32.16097
-150,470,-162.5988571,27.68596
-150,470,-171.853,23.76057
-150,470,-181.6242857,20.41632
-150,470,-191.9432857,17.64799
-150,470,-202.8428571,15.42307
-150,470,-214.3578571,13.6927
-150,470,-226.5257143,12.40147
-150,470,-239.3858571,11.49467
-150,470,-252.9805714,10.92257
-150,470,-267.3545714,10.64191
-150,470,-282.5551429,10.6152
-150,470,-298.6325714,10.80873
-150,470,-315.6404286,11.19009
-150,470,-333.6348571,11.72642
-150,470,-352.676,12.38398
-150,470,-372.8271429,13.12975
-150,470,-394.1555714,13.93446
-150,470,-416.7321429,14.77598
-150,470,-440.6322857,15.64136
-150,470,-465.9354286,16.52641
-150,470,-492.7255714,17.43272
-150,470,-521.0917143,18.36336
-150,470,-551.1274286,19.31914
-150,470,-582.9318571,20.29703
-150,470,-616.6094286,21.29182
-150,470,-652.2707143,22.30009
-150,470,-690.0322857,23.32469
-150,470,-730.0171429,24.37725
-150,480,-26.05605714,45.96
-150,480,-27.61838571,47.91021
-150,480,-29.27188571,49.94653
-150,480,-31.02194286,52.07157
-150,480,-32.87424286,54.28008
-150,480,-34.83485714,56.55842
-150,480,-36.91014286,58.88672
-150,480,-39.10678571,61.24252
-150,480,-41.4318,63.60353
-150,480,-43.89251429,65.94822
-150,480,-46.49655714,68.25392
-150,480,-49.25192857,70.49338
-150,480,-52.16694286,72.63115
-150,480,-55.25027143,74.6206
-150,480,-58.51101429,76.40259
-150,480,-61.95864286,77.90587
-150,480,-65.60311429,79.04959
-150,480,-69.45485714,79.74776
-150,480,-73.52482857,79.91542
-150,480,-77.82454286,79.47579
-150,480,-82.36617143,78.36748
-150,480,-87.16254286,76.55076
-150,480,-92.2272,74.01238
-150,480,-97.57448571,70.76891
-150,480,-103.2195429,66.8689
-150,480,-109.1784429,62.39408
-150,480,-115.4681571,57.45897
-150,480,-122.1067429,52.20779
-150,480,-129.1133429,46.80715
-150,480,-136.5083714,41.43418
-150,480,-144.3135714,36.26085
-150,480,-152.5521429,31.4377
-150,480,-161.2488571,27.0805
-150,480,-170.4301429,23.26285
-150,480,-180.1244286,20.01605
-150,480,-190.362,17.33522
-150,480,-201.175,15.18922
-150,480,-212.5982857,13.5317
-150,480,-224.6682857,12.31078
-150,480,-237.4244286,11.47635
-150,480,-250.9084286,10.9843
-150,480,-265.1644286,10.79803
-150,480,-280.2395714,10.88776
-150,480,-296.1837143,11.22814
-150,480,-313.0495714,11.79496
-150,480,-330.8927143,12.56175
-150,480,-349.7724286,13.49711
-150,480,-369.7507143,14.56367
-150,480,-390.8932857,15.71873
-150,480,-413.2695714,16.9164
-150,480,-436.9527143,18.11017
-150,480,-462.0198571,19.25484
-150,480,-488.5525714,20.30775
-150,480,-516.6371429,21.22986
-150,480,-546.3644286,21.98829
-150,480,-577.831,22.56103
-150,480,-611.1385714,22.94317
-150,480,-646.3948571,23.15211
-150,480,-683.714,23.22888
-150,480,-723.2167143,23.23389
-150,490,-26.10761429,46.52001
-150,490,-27.67271429,48.48233
-150,490,-29.32911429,50.53044
-150,490,-31.08218571,52.66689
-150,490,-32.93765714,54.88713
-150,490,-34.90158571,57.17915
-150,490,-36.98038571,59.52567
-150,490,-39.18074286,61.90737
-150,490,-41.5097,64.30491
-150,490,-43.9746,66.69862
-150,490,-46.58308571,69.06575
-150,490,-49.34315714,71.37656
-150,490,-52.26314286,73.59065
-150,490,-55.35171429,75.65469
-150,490,-58.61797143,77.5021
-150,490,-62.07138571,79.05484
-150,490,-65.72191429,80.22701
-150,490,-69.58,80.93013
-150,490,-73.65657143,81.07934
-150,490,-77.96318571,80.60012
-150,490,-82.512,79.43457
-150,490,-87.31585714,77.54678
-150,490,-92.38832857,74.92688
-150,490,-97.74377143,71.59405
-150,490,-103.3973571,67.59868
-150,490,-109.3651571,63.02392
-150,490,-115.6641714,57.98576
-150,490,-122.3124571,52.63036
-150,490,-129.3291714,47.12705
-150,490,-136.7347286,41.65621
-150,490,-144.5508571,36.39334
-150,490,-152.8008571,31.49204
-150,490,-161.5094286,27.07009
-150,490,-170.7032857,23.20169
-150,490,-180.4107143,19.91731
-150,490,-190.6621429,17.2101
-150,490,-201.4898571,15.04628
-150,490,-212.9287143,13.37661
-150,490,-225.0155714,12.14645
-150,490,-237.7898571,11.30312
-150,490,-251.2931429,10.8002
-150,490,-265.57,10.59894
-150,490,-280.6677143,10.66743
-150,490,-296.636,10.97816
-150,490,-313.5278571,11.50488
-150,490,-331.3994286,12.21951
-150,490,-350.3097143,13.09008
-150,490,-370.3212857,14.08041
-150,490,-391.5004286,15.1516
-150,490,-413.9167143,16.26463
-150,490,-437.6441429,17.38278
-150,490,-462.7604286,18.47277
-150,490,-489.3478571,19.50439
-150,490,-517.4932857,20.44962
-150,490,-547.2885714,21.28307
-150,490,-578.8308571,21.98498
-150,490,-612.2224286,22.54672
-150,490,-647.572,22.97664
-150,490,-684.9944286,23.30326
-150,490,-724.6108571,23.57355
-150,500,-26.19815714,47.0434
-150,500,-27.76848571,49.0535
-150,500,-29.43038571,51.15286
-150,500,-31.18924286,53.34435
-150,500,-33.0508,55.62333
-150,500,-35.02115714,57.97704
-150,500,-37.10672857,60.38675
-150,500,-39.31421429,62.83103
-150,500,-41.65068571,65.288
-150,500,-44.1235,67.73525
-150,500,-46.74031429,70.14755
-150,500,-49.50912857,72.49322
-150,500,-52.4383,74.73078
-150,500,-55.5365,76.8067
-150,500,-58.81282857,78.65499
-150,500,-62.2768,80.1985
-150,500,-65.93835714,81.35205
-150,500,-69.80792857,82.02716
-150,500,-73.89652857,82.13811
-150,500,-78.21567143,81.6088
-150,500,-82.77757143,80.37968
-150,500,-87.59508571,78.41381
-150,500,-92.68182857,75.7018
-150,500,-98.05218571,72.26507
-150,500,-103.7213429,68.15802
-150,500,-109.7054143,63.46882
-150,500,-116.0214429,58.31868
-150,500,-122.6875,52.85822
-150,500,-129.7228143,47.25987
-150,500,-137.1478143,41.70572
-150,500,-144.9842857,36.37177
-150,500,-153.2555714,31.4114
-150,500,-161.9865714,26.94167
-150,500,-171.204,23.03585
-150,500,-180.9361429,19.72319
-150,500,-191.2135714,16.99536
-150,500,-202.069,14.81693
-150,500,-213.537,13.13696
-150,500,-225.6548571,11.89922
-150,500,-238.462,11.04976
-150,500,-252.0004286,10.54127
-150,500,-266.3148571,10.33459
-150,500,-281.4525714,10.3979
-150,500,-297.4637143,10.70432
-150,500,-314.4015714,11.22864
-150,500,-332.3224286,11.94413
-150,500,-351.2858571,12.82029
-150,500,-371.3548571,13.8222
-150,500,-392.5958571,14.91181
-150,500,-415.0791429,16.05033
-150,500,-438.879,17.20072
-150,500,-464.0738571,18.32902
-150,500,-490.7465714,19.40431
-150,500,-518.9844286,20.3981
-150,500,-548.88,21.2849
-150,500,-580.5308571,22.04506
-150,500,-614.0402857,22.67005
-150,500,-649.5171429,23.16789
-150,500,-687.077,23.56634
-150,500,-726.8418571,23.91134
-150,510,-26.36017143,48.1533
-150,510,-27.93972857,50.27586
-150,510,-29.61134286,52.49347
-150,510,-31.38041429,54.80686
-150,510,-33.25274286,57.20819
-150,510,-35.23444286,59.68054
-150,510,-37.33194286,62.20057
-150,510,-39.55202857,64.74272
-150,510,-41.90174286,67.2823
-150,510,-44.3885,69.796
-150,510,-47.01997143,72.25955
-150,510,-49.80417143,74.64345
-150,510,-52.74945714,76.9084
-150,510,-55.86454286,79.00178
-150,510,-59.15852857,80.85613
-150,510,-62.64094286,82.39011
-150,510,-66.32175714,83.51216
-150,510,-70.21142857,84.12674
-150,510,-74.32097143,84.14241
-150,510,-78.662,83.48069
-150,510,-83.24671429,82.08432
-150,510,-88.08807143,79.92347
-150,510,-93.19971429,76.99946
-150,510,-98.5961,73.34614
-150,510,-104.2924857,69.02967
-150,510,-110.3050571,64.1476
-150,510,-116.6509286,58.82713
-150,510,-123.3482429,53.22152
-150,510,-130.4163,47.50311
-150,510,-137.8756143,41.85215
-150,510,-145.7481429,36.44182
-150,510,-154.0571429,31.42232
-150,510,-162.8278571,26.90755
-150,510,-172.0868571,22.96767
-150,510,-181.863,19.62908
-150,510,-192.1868571,16.88085
-150,510,-203.0914286,14.68524
-150,510,-214.6115714,12.98925
-150,510,-226.7847143,11.73487
-150,510,-239.6504286,10.86647
-150,510,-253.2512857,10.33513
-150,510,-267.632,10.1001
-150,510,-282.8401429,10.12798
-150,510,-298.9265714,10.3904
-150,510,-315.9444286,10.86094
-150,510,-333.9507143,11.51225
-150,510,-353.0055714,12.31421
-150,510,-373.1722857,13.23382
-150,510,-394.5184286,14.23693
-150,510,-417.1148571,15.29106
-150,510,-441.0371429,16.36795
-150,510,-466.3644286,17.44466
-150,510,-493.1807143,18.50281
-150,510,-521.5748571,19.52666
-150,510,-551.6401429,20.50168
-150,510,-583.4757143,21.41526
-150,510,-617.1857143,22.25988
-150,510,-652.8805714,23.03781
-150,510,-690.6768571,23.76489
-150,510,-730.6974286,24.47137
-150,520,-26.2812,48.07217
-150,520,-27.85597143,50.17266
-150,520,-29.52251429,52.36651
-150,520,-31.28625714,54.65487
-150,520,-33.15297143,57.03109
-150,520,-35.12875714,59.48038
-150,520,-37.22004286,61.98226
-150,520,-39.43358571,64.5141
-150,520,-41.77641429,67.05349
-150,520,-44.25591429,69.57791
-150,520,-46.87974286,72.06184
-150,520,-49.65588571,74.47246
-150,520,-52.59267143,76.76556
-150,520,-55.6988,78.88301
-150,520,-58.98334286,80.75243
-150,520,-62.45578571,82.28929
-150,520,-66.12607143,83.40136
-150,520,-70.00465714,83.99501
-150,520,-74.1025,83.98289
-150,520,-78.43117143,83.29177
-150,520,-83.00288571,81.8696
-150,520,-87.83052857,79.69071
-150,520,-92.92774286,76.75885
-150,520,-98.30894286,73.10847
-150,520,-103.9893571,68.80481
-150,520,-109.9851286,63.94357
-150,520,-116.3133286,58.64962
-150,520,-122.9920714,53.07393
-150,520,-130.0405857,47.38676
-150,520,-137.4793429,41.76649
-150,520,-145.3301429,36.38473
-150,520,-153.6164286,31.39037
-150,520,-162.363,26.89636
-150,520,-171.5968571,22.97235
-150,520,-181.3462857,19.64464
-150,520,-191.6422857,16.90257
-150,520,-202.5172857,14.70887
-150,520,-214.0064286,13.01104
-150,520,-226.1468571,11.75138
-150,520,-238.9782857,10.87429
-150,520,-252.543,10.33052
-150,520,-266.8855714,10.07848
-150,520,-282.0534286,10.08349
-150,520,-298.0972857,10.31549
-150,520,-315.0702857,10.74611
-150,520,-333.029,11.34621
-150,520,-352.0335714,12.08457
-150,520,-372.1474286,12.92849
-150,520,-393.4378571,13.84624
-150,520,-415.9758571,14.81023
-150,520,-439.8367143,15.79959
-150,520,-465.1,16.80065
-150,520,-491.8497143,17.80512
-150,520,-520.1747143,18.80689
-150,520,-550.1684286,19.79918
-150,520,-581.9298571,20.77399
-150,520,-615.5635714,21.72447
-150,520,-651.1797143,22.64943
-150,520,-688.8947143,23.55774
-150,520,-728.8318571,24.4703
-150,530,-26.22444286,47.29992
-150,530,-27.79571429,49.34338
-150,530,-29.45855714,51.47587
-150,530,-31.21841429,53.6978
-150,530,-33.08102857,56.00253
-150,530,-35.0525,58.37622
-150,530,-37.13921429,60.80032
-150,530,-39.34791429,63.25487
-150,530,-41.68564286,65.72041
-150,530,-44.15974286,68.17717
-150,530,-46.77787143,70.60176
-150,530,-49.54801429,72.96256
-150,530,-52.47848571,75.21571
-150,530,-55.57795714,77.30274
-150,530,-58.85551429,79.15072
-150,530,-62.32062857,80.67485
-150,530,-65.98325714,81.78338
-150,530,-69.85381429,82.38414
-150,530,-73.94327143,82.39198
-150,530,-78.26318571,81.73616
-150,530,-82.82572857,80.36664
-150,530,-87.64378571,78.25868
-150,530,-92.73095714,75.41546
-150,530,-98.10162857,71.86937
-150,530,-103.7710286,67.68247
-150,530,-109.7552571,62.94667
-150,530,-116.0713857,57.783
-150,530,-122.7374857,52.33875
-150,530,-129.7728143,46.78085
-150,530,-137.1978,41.28462
-150,530,-145.0342857,36.01896
-150,530,-153.3055714,31.1305
-150,530,-162.0365714,26.73062
-150,530,-171.254,22.8884
-150,530,-180.9862857,19.63063
-150,530,-191.264,16.94819
-150,530,-202.1198571,14.80614
-150,530,-213.5884286,13.15483
-150,530,-225.707,11.93969
-150,530,-238.515,11.10831
-150,530,-252.0545714,10.61458
-150,530,-266.3701429,10.41998
-150,530,-281.5091429,10.49259
-150,530,-297.5217143,10.80465
-150,530,-314.461,11.32924
-150,530,-332.3832857,12.03728
-150,530,-351.3481429,12.89567
-150,530,-371.4182857,13.8674
-150,530,-392.6604286,14.91359
-150,530,-415.1448571,15.99678
-150,530,-438.9457143,17.0838
-150,530,-464.1415714,18.14705
-150,530,-490.8151429,19.16373
-150,530,-519.0541429,20.11401
-150,530,-548.9508571,20.98008
-150,530,-580.6031429,21.74754
-150,530,-614.1141429,22.40942
-150,530,-649.5931429,22.97132
-150,530,-687.1555714,23.45495
-150,530,-726.9234286,23.89785
-150,540,-26.16865714,47.59722
-150,540,-27.73655714,49.66759
-150,540,-29.39588571,51.83007
-150,540,-31.15204286,54.08612
-150,540,-33.01078571,56.42921
-150,540,-34.97817143,58.84421
-150,540,-37.06058571,61.30972
-150,540,-39.26475714,63.80149
-150,540,-41.59768571,66.29494
-150,540,-44.06668571,68.7652
-150,540,-46.67941429,71.18473
-150,540,-49.44378571,73.51963
-150,540,-52.36814286,75.72603
-150,540,-55.4611,77.74787
-150,540,-58.73172857,79.51644
-150,540,-62.18948571,80.9522
-150,540,-65.84428571,81.96859
-150,540,-69.70655714,82.47776
-150,540,-73.78724286,82.39766
-150,540,-78.0979,81.65962
-150,540,-82.6507,80.21528
-150,540,-87.45852857,78.0418
-150,540,-92.53498571,75.14496
-150,540,-97.89447143,71.56019
-150,540,-103.5522,67.35239
-150,540,-109.5242714,62.61505
-150,540,-115.8277571,57.46872
-150,540,-122.4807286,52.05784
-150,540,-129.5023714,46.54446
-150,540,-136.9131571,41.09807
-150,540,-144.7348571,35.88187
-150,540,-152.9907143,31.03806
-150,540,-161.7058571,26.67535
-150,540,-170.9065714,22.86183
-150,540,-180.6218571,19.62463
-150,540,-190.8818571,16.95559
-150,540,-201.7195714,14.82092
-150,540,-213.1695714,13.17188
-150,540,-225.2691429,11.95432
-150,540,-238.0577143,11.1157
-150,540,-251.5774286,10.60911
-150,540,-265.8727143,10.39454
-150,540,-280.9908571,10.43792
-150,540,-296.982,10.70873
-150,540,-313.8995714,11.17703
-150,540,-331.7994286,11.81092
-150,540,-350.7414286,12.57556
-150,540,-370.7887143,13.43424
-150,540,-392.0078571,14.35152
-150,540,-414.4697143,15.29722
-150,540,-438.249,16.24951
-150,540,-463.4244286,17.19568
-150,540,-490.0797143,18.13017
-150,540,-518.3028571,19.05089
-150,540,-548.187,19.95576
-150,540,-579.8304286,20.8413
-150,540,-613.3371429,21.70415
-150,540,-648.8165714,22.54475
-150,540,-686.3848571,23.37124
-150,540,-726.1644286,24.2013
-150,550,-28.12567143,40.36051
-150,550,-29.81188571,42.40896
-150,550,-31.59525714,44.56036
-150,550,-33.48145714,46.81376
-150,550,-35.47652857,49.1595
-150,550,-37.58685714,51.57847
-150,550,-39.81914286,54.04475
-150,550,-42.18044286,56.52974
-150,550,-44.67814286,59.00546
-150,550,-47.31995714,61.44502
-150,550,-50.11391429,63.81996
-150,550,-53.06842857,66.09495
-150,550,-56.19224286,68.22154
-150,550,-59.49454286,70.13244
-150,550,-62.98488571,71.73813
-150,550,-66.67325714,72.92741
-150,550,-70.57011429,73.57379
-150,550,-74.68637143,73.54826
-150,550,-79.03344286,72.7378
-150,550,-83.62328571,71.06601
-150,550,-88.4685,68.51044
-150,550,-93.58232857,65.1112
-150,550,-98.97872857,60.96804
-150,550,-104.6724714,56.22723
-150,550,-110.6792286,51.06365
-150,550,-117.0156571,45.66387
-150,550,-123.6996429,40.2139
-150,550,-130.7504,34.89133
-150,550,-138.1887,29.85874
-150,550,-146.037,25.25521
-150,550,-154.3198571,21.18579
-150,550,-163.0631429,17.71224
-150,550,-172.295,14.84928
-150,550,-182.0452857,12.56894
-150,550,-192.3451429,10.81136
-150,550,-203.2278571,9.49842
-150,550,-214.7281429,8.54592
-150,550,-226.883,7.872818
-150,550,-239.7314286,7.40821
-150,550,-253.315,7.098081
-150,550,-267.6787143,6.913061
-150,550,-282.8705714,6.856499
-150,550,-298.9425714,6.971543
-150,550,-315.9502857,7.348681
-150,550,-333.9537143,8.140535
-150,550,-353.0162857,9.595521
-150,550,-373.2051429,12.12426
-150,550,-394.5907143,16.41029
-150,550,-417.2462857,23.55836
-150,550,-441.2471429,35.20122
-150,550,-466.6708571,53.29098
-150,550,-493.5965714,78.97978
-150,550,-522.1054286,110.0256
-150,550,-552.2811429,137.9674
-150,550,-584.2095714,149.984
-150,550,-617.981,138.553
-150,550,-653.69,109.3852
-150,550,-691.4372857,75.98058
-150,550,-731.3302857,48.44514
-150,550,-773.4842857,29.69003
-150,560,-27.57611429,51.96078
-150,560,-29.2223,54.59943
-150,560,-30.96412857,57.36828
-150,560,-32.80727143,60.26341
-150,560,-34.75778571,63.26968
-150,560,-36.822,66.3601
-150,560,-39.00655714,69.49932
-150,560,-41.31838571,72.64882
-150,560,-43.7647,75.77068
-150,560,-46.35297143,78.82781
-150,560,-49.09098571,81.78022
-150,560,-51.98684286,84.57931
-150,560,-55.04895714,87.16239
-150,560,-58.28611429,89.44965
-150,560,-61.70752857,91.34491
-150,560,-65.32282857,92.74037
-150,560,-69.14212857,93.52497
-150,560,-73.17604286,93.5952
-150,560,-77.4358,92.86667
-150,560,-81.93317143,91.28439
-150,560,-86.68062857,88.82988
-150,560,-91.69134286,85.52409
-150,560,-96.97922857,81.42596
-150,560,-102.5590429,76.62802
-150,560,-108.4464,71.25047
-150,560,-114.6578429,65.43529
-150,560,-121.2109143,59.34082
-150,560,-128.1242571,53.13589
-150,560,-135.4176714,46.99253
-150,560,-143.1122857,41.07634
-150,560,-151.2305714,35.53512
-150,560,-159.7967143,30.48775
-150,560,-168.8364286,26.01597
-150,560,-178.377,22.16123
-150,560,-188.448,18.92733
-150,560,-199.0808571,16.28774
-150,560,-210.3091429,14.19565
-150,560,-222.1685714,12.59422
-150,560,-234.6975714,11.42533
-150,560,-247.9364286,10.63573
-150,560,-261.9287143,10.18048
-150,560,-276.7201429,10.02387
-150,560,-292.3595714,10.13825
-150,560,-308.8985714,10.50143
-150,560,-326.3918571,11.09312
-150,560,-344.8971429,11.89117
-150,560,-364.4755714,12.86856
-150,560,-385.1917143,13.99171
-150,560,-407.1138571,15.22073
-150,560,-430.3138571,16.51112
-150,560,-454.8678571,17.81621
-150,560,-480.8558571,19.08927
-150,560,-508.3627143,20.28488
-150,560,-537.4777143,21.36045
-150,560,-568.2954286,22.27903
-150,560,-600.9155714,23.0145
-150,560,-635.4437143,23.55833
-150,560,-671.9914286,23.9255
-150,560,-710.6767143,24.15638
-150,560,-751.6242857,24.31292
-150,570,-25.87337143,45.63259
-150,570,-27.42314286,47.60148
-150,570,-29.06341429,49.65721
-150,570,-30.79954286,51.80088
-150,570,-32.63717143,54.02561
-150,570,-34.58227143,56.31581
-150,570,-36.64117143,58.6492
-150,570,-38.82044286,61.00004
-150,570,-41.12701429,63.34145
-150,570,-43.5681,65.64562
-150,570,-46.15122857,67.88185
-150,570,-48.88425714,70.0135
-150,570,-51.77537143,71.99541
-150,570,-54.83314286,73.77251
-150,570,-58.06655714,75.28037
-150,570,-61.48498571,76.44745
-150,570,-65.0983,77.1989
-150,570,-68.91682857,77.46161
-150,570,-72.95147143,77.17002
-150,570,-77.2137,76.272
-150,570,-81.71561429,74.73415
-150,570,-86.46998571,72.54561
-150,570,-91.49032857,69.72015
-150,570,-96.79094286,66.29666
-150,570,-102.3869429,62.33857
-150,570,-108.2943857,57.93274
-150,570,-114.5302286,53.18774
-150,570,-121.1125571,48.23099
-150,570,-128.0605571,43.20353
-150,570,-135.3946429,38.25173
-150,570,-143.1367143,33.51631
-150,570,-151.3097143,29.12031
-150,570,-159.9388571,25.15878
-150,570,-169.0504286,21.69264
-150,570,-178.6728571,18.74807
-150,570,-188.8364286,16.32105
-150,570,-199.5731429,14.3854
-150,570,-210.9178571,12.90203
-150,570,-222.9072857,11.82747
-150,570,-235.5805714,11.12034
-150,570,-248.9795714,10.74545
-150,570,-263.1485714,10.67525
-150,570,-278.1347143,10.88926
-150,570,-293.9881429,11.37162
-150,570,-310.7615714,12.1073
-150,570,-328.5108571,13.07761
-150,570,-347.2951429,14.25575
-150,570,-367.1764286,15.6034
-150,570,-388.2204286,17.06922
-150,570,-410.496,18.58955
-150,570,-434.0764286,20.09134
-150,570,-459.0382857,21.49659
-150,570,-485.4627143,22.72822
-150,570,-513.4355714,23.71724
-150,570,-543.0474286,24.41154
-150,570,-574.3938571,24.78539
-150,570,-607.5765714,24.84709
-150,570,-642.7028571,24.6416
-150,570,-679.8864286,24.24572
-150,570,-719.2478571,23.75642
-150,580,-26.42774286,43.51677
-150,580,-28.00667143,45.56202
-150,580,-29.67744286,47.70097
-150,580,-31.44552857,49.93067
-150,580,-33.31671429,52.23991
-150,580,-35.29711429,54.60885
-150,580,-37.3932,57.01166
-150,580,-39.6117,59.42024
-150,580,-41.95971429,61.80674
-150,580,-44.4446,64.14337
-150,580,-47.07405714,66.3996
-150,580,-49.85607143,68.5381
-150,580,-52.79901429,70.51128
-150,580,-55.9116,72.25985
-150,580,-59.20294286,73.71407
-150,580,-62.68258571,74.79756
-150,580,-66.36054286,75.43297
-150,580,-70.24731429,75.54883
-150,580,-74.3539,75.08621
-150,580,-78.69185714,74.00452
-150,580,-83.27335714,72.2855
-150,580,-88.11115714,69.935
-150,580,-93.21872857,66.98294
-150,580,-98.61034286,63.48183
-150,580,-104.3010857,59.50495
-150,580,-110.3069857,55.14438
-150,580,-116.6451429,50.50913
-150,580,-123.3338,45.72214
-150,580,-130.3924714,40.91551
-150,580,-137.8419714,36.22296
-150,580,-145.7045714,31.7702
-150,580,-154.0037143,27.66475
-150,580,-162.7647143,23.98765
-150,580,-172.0141429,20.78908
-150,580,-181.7802857,18.08887
-150,580,-192.093,15.88137
-150,580,-202.984,14.14317
-150,580,-214.4871429,12.84172
-150,580,-226.6381429,11.94327
-150,580,-239.4755714,11.41914
-150,580,-253.0402857,11.24996
-150,580,-267.376,11.42785
-150,580,-282.5294286,11.95661
-150,580,-298.55,12.84982
-150,580,-315.4901429,14.12639
-150,580,-333.4054286,15.80315
-150,580,-352.354,17.88377
-150,580,-372.3968571,20.3439
-150,580,-393.598,23.11361
-150,580,-416.0242857,26.05993
-150,580,-439.7455714,28.97552
-150,580,-464.8352857,31.58211
-150,580,-491.3702857,33.55911
-150,580,-519.4317143,34.60255
-150,580,-549.1057143,34.50637
-150,580,-580.4831429,33.23803
-150,580,-613.6608571,30.96935
-150,580,-648.7418571,28.03751
-150,580,-685.8361429,24.84914
-150,580,-725.0607143,21.77417
-150,590,-25.57131429,45.8085
-150,590,-27.10305714,47.76982
-150,590,-28.72434286,49.81459
-150,590,-30.44047143,51.94117
-150,590,-32.25701429,54.13982
-150,590,-34.17991429,56.39217
-150,590,-36.21535714,58.6735
-150,590,-38.36987143,60.95609
-150,590,-40.65028571,63.21179
-150,590,-43.06371429,65.41215
-150,590,-45.61761429,67.52644
-150,590,-48.31974286,69.51849
-150,590,-51.17822857,71.34393
-150,590,-54.20155714,72.9489
-150,590,-57.3986,74.27083
-150,590,-60.77871429,75.24136
-150,590,-64.35165714,75.79097
-150,590,-68.12772857,75.8548
-150,590,-72.11777143,75.37889
-150,590,-76.3332,74.32554
-150,590,-80.78608571,72.67717
-150,590,-85.4892,70.43771
-150,590,-90.456,67.632
-150,590,-95.70077143,64.30374
-150,590,-101.2386,60.5134
-150,590,-107.0854571,56.33701
-150,590,-113.2582857,51.86575
-150,590,-119.7750429,47.20561
-150,590,-126.6548286,42.47536
-150,590,-133.9179571,37.80138
-150,590,-141.5861,33.30912
-150,590,-149.6824286,29.1124
-150,590,-158.2314286,25.30311
-150,590,-167.2598571,21.94409
-150,590,-176.7955714,19.06679
-150,590,-186.869,16.67404
-150,590,-197.5122857,14.74648
-150,590,-208.7597143,13.25068
-150,590,-220.6481429,12.14687
-150,590,-233.2162857,11.39508
-150,590,-246.506,10.95905
-150,590,-260.5611429,10.80775
-150,590,-275.4287143,10.91501
-150,590,-291.1582857,11.25771
-150,590,-307.8024286,11.8131
-150,590,-325.4168571,12.55624
-150,590,-344.0605714,13.45817
-150,590,-363.7957143,14.48554
-150,590,-384.6884286,15.60164
-150,590,-406.8081429,16.76841
-150,590,-430.2284286,17.9483
-150,590,-455.0268571,19.10509
-150,590,-481.2857143,20.20387
-150,590,-509.0915714,21.21095
-150,590,-538.536,22.09558
-150,590,-569.7158571,22.83418
-150,590,-602.7335714,23.41676
-150,590,-637.6971429,23.853
-150,590,-674.7211429,24.17504
-150,590,-713.9265714,24.43495
-150,600,-25.57638571,46.89629
-150,600,-27.10795714,48.90719
-150,600,-28.72915714,51.00289
-150,600,-30.44527143,53.18071
-150,600,-32.2619,55.42963
-150,600,-34.18492857,57.72965
-150,600,-36.22058571,60.05411
-150,600,-38.37537143,62.37303
-150,600,-40.6561,64.65542
-150,600,-43.06984286,66.8694
-150,600,-45.62405714,68.97991
-150,600,-48.32648571,70.94557
-150,600,-51.18521429,72.71617
-150,600,-54.20871429,74.23195
-150,600,-57.4059,75.42552
-150,600,-60.78607143,76.22608
-150,600,-64.35902857,76.56563
-150,600,-68.1351,76.38607
-150,600,-72.12514286,75.64594
-150,600,-76.34064286,74.32524
-150,600,-80.79375714,72.42733
-150,600,-85.49728571,69.97743
-150,600,-90.46482857,67.01849
-150,600,-95.71074286,63.60606
-150,600,-101.2502143,59.80415
-150,600,-107.0993143,55.68339
-150,600,-113.2750857,51.32183
-150,600,-119.7955714,46.80708
-150,600,-126.6799571,42.23751
-150,600,-133.9486143,37.72053
-150,600,-141.6233429,33.3667
-150,600,-149.7272857,29.28059
-150,600,-158.2854286,25.55057
-150,600,-167.3242857,22.24066
-150,600,-176.8721429,19.38654
-150,600,-186.9595714,16.9966
-150,600,-197.6188571,15.05691
-150,600,-208.8848571,13.53834
-150,600,-220.7941429,12.40387
-150,600,-233.3861429,11.61456
-150,600,-246.7024286,11.1334
-150,600,-260.7874286,10.92705
-150,600,-275.688,10.9656
-150,600,-291.4541429,11.22111
-150,600,-308.1387143,11.66566
-150,600,-325.7978571,12.26984
-150,600,-344.4911429,13.0025
-150,600,-364.2815714,13.83219
-150,600,-385.236,14.73
-150,600,-407.4251429,15.67257
-150,600,-430.9237143,16.6439
-150,600,-455.8111429,17.63477
-150,600,-482.1707143,18.63997
-150,600,-510.091,19.65445
-150,600,-539.6652857,20.67053
-150,600,-570.9921429,21.67775
-150,600,-604.1755714,22.66619
-150,600,-639.3255714,23.63194
-150,600,-676.5581429,24.58228
-150,600,-715.9961429,25.53793
-160,340,-26.80315714,51.53716
-160,340,-28.40405714,53.97606
-160,340,-30.09867143,56.52522
-160,340,-31.8925,59.17679
-160,340,-33.79135714,61.90878
-160,340,-35.80132857,64.68255
-160,340,-37.92882857,67.44445
-160,340,-40.18052857,70.13009
-160,340,-42.56345714,72.66917
-160,340,-45.0849,74.98944
-160,340,-47.75251429,77.0196
-160,340,-50.57431429,78.69189
-160,340,-53.55867143,79.94523
-160,340,-56.7144,80.72887
-160,340,-60.05077143,81.00602
-160,340,-63.5775,80.75645
-160,340,-67.30487143,79.97762
-160,340,-71.24367143,78.68424
-160,340,-75.40531429,76.90634
-160,340,-79.80185714,74.68623
-160,340,-84.446,72.0746
-160,340,-89.35118571,69.12617
-160,340,-94.53167143,65.89544
-160,340,-100.0025,62.43358
-160,340,-105.7796429,58.78721
-160,340,-111.8799857,54.99959
-160,340,-118.3214143,51.11388
-160,340,-125.1229,47.17727
-160,340,-132.3046,43.24427
-160,340,-139.8878714,39.37768
-160,340,-147.8954286,35.64619
-160,340,-156.3515714,32.11918
-160,340,-165.2818571,28.86005
-160,340,-174.7141429,25.91998
-160,340,-184.6774286,23.33381
-160,340,-195.203,21.11876
-160,340,-206.3244286,19.27585
-160,340,-218.0768571,17.79303
-160,340,-230.498,16.64886
-160,340,-243.6278571,15.81587
-160,340,-257.509,15.26292
-160,340,-272.1861429,14.95642
-160,340,-287.707,14.86072
-160,340,-304.1221429,14.93831
-160,340,-321.485,15.1506
-160,340,-339.852,15.45991
-160,340,-359.2834286,15.83288
-160,340,-379.8425714,16.24468
-160,340,-401.597,16.68253
-160,340,-424.6178571,17.14713
-160,340,-448.9808571,17.65076
-160,340,-474.7661429,18.21247
-160,340,-502.0582857,18.85153
-160,340,-530.9468571,19.58109
-160,340,-561.5267143,20.40409
-160,340,-593.8984286,21.31276
-160,340,-628.168,22.29212
-160,340,-664.4475714,23.32634
-160,340,-702.856,24.40538
-160,340,-743.5188571,25.5286
-160,360,-26.00684286,48.69045
-160,360,-27.56352857,50.72086
-160,360,-29.21155714,52.83882
-160,360,-30.95632857,55.04586
-160,360,-32.80358571,57.33432
-160,360,-34.75938571,59.68562
-160,360,-36.83005714,62.07116
-160,360,-39.02225714,64.45443
-160,360,-41.34294286,66.79273
-160,360,-43.7994,69.03765
-160,360,-46.39922857,71.13473
-160,360,-49.15038571,73.02343
-160,360,-52.06121429,74.63867
-160,360,-55.14041429,75.91406
-160,360,-58.39715714,76.78669
-160,360,-61.84105714,77.20231
-160,360,-65.48222857,77.12012
-160,360,-69.3313,76.51642
-160,360,-73.39948571,75.38658
-160,360,-77.69861429,73.74513
-160,360,-82.24115714,71.6237
-160,360,-87.04034286,69.06717
-160,360,-92.11011429,66.12858
-160,360,-97.46522857,62.86427
-160,360,-103.1213571,59.3304
-160,360,-109.0950286,55.58204
-160,360,-115.4037714,51.67483
-160,360,-122.0662,47.66825
-160,360,-129.102,43.62873
-160,360,-136.5321429,39.63055
-160,360,-144.379,35.75354
-160,360,-152.6661429,32.0774
-160,360,-161.4191429,28.67435
-160,360,-170.6648571,25.6022
-160,360,-180.4324286,22.89971
-160,360,-190.7525714,20.58526
-160,360,-201.6582857,18.65871
-160,360,-213.1844286,17.10519
-160,360,-225.3682857,15.89965
-160,360,-238.2492857,15.01092
-160,360,-251.8694286,14.4046
-160,360,-266.2731429,14.04468
-160,360,-281.5072857,13.89411
-160,360,-297.622,13.91499
-160,360,-314.6701429,14.0693
-160,360,-332.7078571,14.32063
-160,360,-351.7945714,14.6374
-160,360,-371.9935714,14.9968
-160,360,-393.372,15.38834
-160,360,-416.0008571,15.81546
-160,360,-439.9557143,16.29414
-160,360,-465.3161429,16.84869
-160,360,-492.1668571,17.50567
-160,360,-520.5972857,18.28775
-160,360,-550.7018571,19.20901
-160,360,-582.5807143,20.27295
-160,360,-616.3391429,21.47382
-160,360,-652.0888571,22.80053
-160,360,-689.9478571,24.24155
-160,360,-730.0404286,25.78803
-160,380,-25.96302857,47.36901
-160,380,-27.51762857,49.32285
-160,380,-29.16331429,51.36145
-160,380,-30.90551429,53.48789
-160,380,-32.74997143,55.69679
-160,380,-34.70272857,57.97301
-160,380,-36.77018571,60.29289
-160,380,-38.95902857,62.62671
-160,380,-41.27627143,64.94066
-160,380,-43.72922857,67.1972
-160,380,-46.32557143,69.35395
-160,380,-49.0733,71.36226
-160,380,-51.98075714,73.16647
-160,380,-55.05671429,74.70475
-160,380,-58.31032857,75.91152
-160,380,-61.7512,76.72133
-160,380,-65.38941429,77.07371
-160,380,-69.23555714,76.91842
-160,380,-73.30077143,76.22047
-160,380,-77.5968,74.96388
-160,380,-82.13604286,73.15344
-160,380,-86.93155714,70.81392
-160,380,-91.9972,67.98705
-160,380,-97.34758571,64.72724
-160,380,-102.9982,61.09771
-160,380,-108.9654571,57.16808
-160,380,-115.2667143,53.01403
-160,380,-121.9204143,48.71808
-160,380,-128.9461286,44.37016
-160,380,-136.3646286,40.06618
-160,380,-144.1981429,35.9037
-160,380,-152.47,31.97514
-160,380,-161.2057143,28.3601
-160,380,-170.432,25.11885
-160,380,-180.1774286,22.28882
-160,380,-190.4725714,19.8846
-160,380,-201.3502857,17.90114
-160,380,-212.8451429,16.31872
-160,380,-224.994,15.10839
-160,380,-237.8362857,14.23662
-160,380,-251.4137143,13.6685
-160,380,-265.7704286,13.36931
-160,380,-280.9532857,13.30482
-160,380,-297.012,13.4407
-160,380,-313.9994286,13.74205
-160,380,-331.9714286,14.17371
-160,380,-350.9868571,14.70184
-160,380,-371.1085714,15.29669
-160,380,-392.4027143,15.93579
-160,380,-414.9398571,16.60607
-160,380,-438.794,17.30376
-160,380,-464.0441429,18.03176
-160,380,-490.7732857,18.79493
-160,380,-519.0695714,19.59525
-160,380,-549.026,20.42851
-160,380,-580.7411429,21.28435
-160,380,-614.319,22.14986
-160,380,-649.8695714,23.01553
-160,380,-687.5094286,23.88096
-160,380,-727.3615714,24.75746
-160,400,-25.9506,46.3849
-160,400,-27.50488571,48.27096
-160,400,-29.15008571,50.24022
-160,400,-30.89162857,52.29833
-160,400,-32.73525714,54.4431
-160,400,-34.68704286,56.66322
-160,400,-36.7534,58.9395
-160,400,-38.94105714,61.24736
-160,400,-41.25708571,63.55874
-160,400,-43.70884286,65.84231
-160,400,-46.30404286,68.06222
-160,400,-49.05071429,70.17616
-160,400,-51.95728571,72.13386
-160,400,-55.03251429,73.87689
-160,400,-58.28557143,75.34
-160,400,-61.72608571,76.45386
-160,400,-65.36411429,77.14902
-160,400,-69.2102,77.36091
-160,400,-73.27545714,77.03507
-160,400,-77.57155714,76.13232
-160,400,-82.1108,74.6326
-160,400,-86.90615714,72.537
-160,400,-91.97137143,69.86783
-160,400,-97.32092857,66.66712
-160,400,-102.9702143,62.99459
-160,400,-108.9354857,58.92601
-160,400,-115.2339571,54.5521
-160,400,-121.8839429,49.97731
-160,400,-128.9048571,45.31737
-160,400,-136.3173286,40.69423
-160,400,-144.1434286,36.22842
-160,400,-152.4064286,32.02971
-160,400,-161.1314286,28.18823
-160,400,-170.345,24.76809
-160,400,-180.0758571,21.80517
-160,400,-190.3541429,19.30895
-160,400,-201.2122857,17.26766
-160,400,-212.6848571,15.65486
-160,400,-224.8085714,14.43602
-160,400,-237.6225714,13.57386
-160,400,-251.1682857,13.03178
-160,400,-265.4898571,12.77538
-160,400,-280.634,12.77228
-160,400,-296.6502857,12.99092
-160,400,-313.5911429,13.399
-160,400,-331.5121429,13.96251
-160,400,-350.472,14.646
-160,400,-370.5331429,15.41437
-160,400,-391.7611429,16.23573
-160,400,-414.2257143,17.08393
-160,400,-438.0001429,17.9396
-160,400,-463.1622857,18.78886
-160,400,-489.7944286,19.62004
-160,400,-517.9834286,20.42026
-160,400,-547.8211429,21.17365
-160,400,-579.405,21.86322
-160,400,-612.8378571,22.47599
-160,400,-648.2284286,23.00988
-160,400,-685.692,23.47875
-160,400,-725.3505714,23.91295
-160,420,-25.90995714,46.57063
-160,420,-27.46232857,48.46553
-160,420,-29.10538571,50.44196
-160,420,-30.84451429,52.50355
-160,420,-32.68545714,54.64666
-160,420,-34.63428571,56.85955
-160,420,-36.69741429,59.12416
-160,420,-38.88161429,61.41884
-160,420,-41.19394286,63.72034
-160,420,-43.6418,66.00367
-160,420,-46.23294286,68.2401
-160,420,-48.97541429,70.39423
-160,420,-51.87764286,72.4214
-160,420,-54.94842857,74.26646
-160,420,-58.19691429,75.86427
-160,420,-61.63274286,77.14211
-160,420,-65.26592857,78.02367
-160,420,-69.10701429,78.43438
-160,420,-73.16705714,78.30748
-160,420,-77.45768571,77.58987
-160,420,-81.99117143,76.24704
-160,420,-86.7804,74.26613
-160,420,-91.83907143,71.65722
-160,420,-97.1816,68.45323
-160,420,-102.8232714,64.70921
-160,420,-108.7802571,60.50186
-160,420,-115.0697,55.92893
-160,420,-121.7097571,51.10777
-160,420,-128.7197429,46.17148
-160,420,-136.1201714,41.26168
-160,420,-143.933,36.51806
-160,420,-152.1812857,32.0665
-160,420,-160.8902857,28.00822
-160,420,-170.0865714,24.41275
-160,420,-179.7982857,21.31604
-160,420,-190.0561429,18.7236
-160,420,-200.8924286,16.61716
-160,420,-212.3417143,14.96284
-160,420,-224.4407143,13.71891
-160,420,-237.2285714,12.84178
-160,420,-250.7468571,12.28976
-160,420,-265.0398571,12.02455
-160,420,-280.154,12.01091
-160,420,-296.1391429,12.21516
-160,420,-313.0478571,12.60343
-160,420,-330.9355714,13.14064
-160,420,-349.8612857,13.79096
-160,420,-369.8874286,14.5199
-160,420,-391.0801429,15.29767
-160,420,-413.5091429,16.10213
-160,420,-437.2484286,16.92005
-160,420,-462.376,17.74576
-160,420,-488.9748571,18.57733
-160,420,-517.1321429,19.41223
-160,420,-546.9402857,20.24417
-160,420,-578.4971429,21.06304
-160,420,-611.9057143,21.85844
-160,420,-647.2754286,22.6253
-160,420,-684.7217143,23.3691
-160,420,-724.3665714,24.10788
-160,440,-26.15577143,46.72569
-160,440,-27.72391429,48.6749
-160,440,-29.38371429,50.71078
-160,440,-31.14057143,52.83797
-160,440,-33.00021429,55.05326
-160,440,-34.96871429,57.34464
-160,440,-37.05247143,59.69308
-160,440,-39.25818571,62.07561
-160,440,-41.5929,64.46768
-160,440,-44.06394286,66.8435
-160,440,-46.67898571,69.1745
-160,440,-49.44604286,71.42651
-160,440,-52.37344286,73.55715
-160,440,-55.46992857,75.51418
-160,440,-58.74462857,77.23529
-160,440,-62.2071,78.64942
-160,440,-65.86732857,79.67956
-160,440,-69.73584286,80.24698
-160,440,-73.82368571,80.27657
-160,440,-78.14247143,79.70292
-160,440,-82.70445714,78.47628
-160,440,-87.5226,76.5677
-160,440,-92.61057143,73.97288
-160,440,-97.98285714,70.71464
-160,440,-103.6547429,66.84426
-160,440,-109.6424286,62.44196
-160,440,-115.9630714,57.61624
-160,440,-122.6348571,52.50104
-160,440,-129.6771286,47.24964
-160,440,-137.1104,42.02459
-160,440,-144.9565714,36.98445
-160,440,-153.2391429,32.26951
-160,440,-161.9828571,27.98975
-160,440,-171.2144286,24.21764
-160,440,-180.9624286,20.98726
-160,440,-191.2574286,18.29897
-160,440,-202.1317143,16.12778
-160,440,-213.6202857,14.43306
-160,440,-225.7598571,13.16736
-160,440,-238.59,12.28308
-160,440,-252.1525714,11.7366
-160,440,-266.4918571,11.48982
-160,440,-281.6551429,11.50963
-160,440,-297.6922857,11.76599
-160,440,-314.6564286,12.22931
-160,440,-332.6034286,12.86812
-160,440,-351.5924286,13.6479
-160,440,-371.6861429,14.53161
-160,440,-392.9508571,15.48196
-160,440,-415.4562857,16.4644
-160,440,-439.2764286,17.44953
-160,440,-464.4892857,18.41369
-160,440,-491.1774286,19.3376
-160,440,-519.428,20.20411
-160,440,-549.333,20.99691
-160,440,-580.99,21.70182
-160,440,-614.5017143,22.3109
-160,440,-649.9772857,22.82778
-160,440,-687.5317143,23.27151
-160,440,-727.2871429,23.6765
-160,450,-25.94527143,45.53347
-160,450,-27.49992857,47.40961
-160,450,-29.14518571,49.36711
-160,450,-30.88642857,51.40939
-160,450,-32.7294,53.5327
-160,450,-34.68018571,55.72556
-160,450,-36.7452,57.97071
-160,450,-38.93122857,60.24812
-160,450,-41.24538571,62.53724
-160,450,-43.6951,64.81705
-160,450,-46.28812857,67.06414
-160,450,-49.03258571,69.24962
-160,450,-51.93692857,71.33614
-160,450,-55.00994286,73.27587
-160,450,-58.26082857,75.01
-160,450,-61.6992,76.46965
-160,450,-65.33507143,77.57842
-160,450,-69.17895714,78.25627
-160,450,-73.24187143,78.42465
-160,450,-77.53537143,78.01256
-160,450,-82.07164286,76.96271
-160,450,-86.86351429,75.23733
-160,450,-91.92452857,72.82288
-160,450,-97.26902857,69.73357
-160,450,-102.9121429,66.01378
-160,450,-108.8699286,61.73926
-160,450,-115.1594,57.01673
-160,450,-121.7985857,51.98102
-160,450,-128.8066714,46.78836
-160,450,-136.2040714,41.60561
-160,450,-144.0125714,36.5962
-160,450,-152.2551429,31.90506
-160,450,-160.9568571,27.64601
-160,450,-170.1438571,23.89426
-160,450,-179.8444286,20.68545
-160,450,-190.0887143,18.02052
-160,450,-200.9088571,15.87452
-160,450,-212.3391429,14.20664
-160,450,-224.4158571,12.96947
-160,450,-237.1782857,12.11591
-160,450,-250.6674286,11.60348
-160,450,-264.9274286,11.396
-160,450,-280.0048571,11.46304
-160,450,-295.9491429,11.77788
-160,450,-312.8125714,12.31456
-160,450,-330.6507143,13.04497
-160,450,-349.5218571,13.93666
-160,450,-369.4881429,14.9522
-160,450,-390.6144286,16.05012
-160,450,-412.9701429,17.18697
-160,450,-436.6277143,18.31948
-160,450,-461.6641429,19.40583
-160,450,-488.1608571,20.4061
-160,450,-516.2034286,21.2828
-160,450,-545.8827143,22.00307
-160,450,-577.295,22.54367
-160,450,-610.5415714,22.89771
-160,450,-645.73,23.08067
-160,450,-682.9745714,23.13226
-160,450,-722.3955714,23.11224
-160,460,-26.0942,47.74526
-160,460,-27.65895714,49.72587
-160,460,-29.31512857,51.7935
-160,460,-31.0681,53.9523
-160,460,-32.92361429,56.19876
-160,460,-34.88772857,58.52086
-160,460,-36.96684286,60.90008
-160,460,-39.16767143,63.31445
-160,460,-41.49724286,65.74086
-160,460,-43.96291429,68.1552
-160,460,-46.57232857,70.53022
-160,460,-49.33348571,72.83233
-160,460,-52.25472857,75.01834
-160,460,-55.34477143,77.03344
-160,460,-58.61271429,78.81087
-160,460,-62.06808571,80.27359
-160,460,-65.72085714,81.33794
-160,460,-69.58154286,81.9191
-160,460,-73.66114286,81.93778
-160,460,-77.97128571,81.32728
-160,460,-82.52421429,80.03972
-160,460,-87.33288571,78.0505
-160,460,-92.41097143,75.36064
-160,460,-97.77295714,71.9975
-160,460,-103.4341429,68.01482
-160,460,-109.4107,63.49275
-160,460,-115.7197714,58.53794
-160,460,-122.3794714,53.28238
-160,460,-129.4090857,47.87904
-160,460,-136.8290857,42.49307
-160,460,-144.6612857,37.2886
-160,460,-152.9291429,32.41339
-160,460,-161.6574286,27.98495
-160,460,-170.873,24.08161
-160,460,-180.6044286,20.74044
-160,460,-190.8822857,17.96167
-160,460,-201.7394286,15.71757
-160,460,-213.2107143,13.96295
-160,460,-225.3334286,12.64481
-160,460,-238.147,11.7097
-160,460,-251.6937143,11.10808
-160,460,-266.0178571,10.79603
-160,460,-281.167,10.73471
-160,460,-297.1912857,10.88859
-160,460,-314.1441429,11.22332
-160,460,-332.0817143,11.70434
-160,460,-351.0641429,12.29708
-160,460,-371.155,12.96914
-160,460,-392.4214286,13.69386
-160,460,-414.9348571,14.45398
-160,460,-438.7707143,15.2435
-160,460,-464.009,16.06675
-160,460,-490.7338571,16.93471
-160,460,-519.0347143,17.85978
-160,460,-549.0057143,18.85104
-160,460,-580.7461429,19.91172
-160,460,-614.361,21.03979
-160,460,-649.9611429,22.23126
-160,460,-687.6634286,23.48448
-160,460,-727.5911429,24.80306
-160,470,-26.0173,45.67281
-160,470,-27.57747143,47.56425
-160,470,-29.22872857,49.53865
-160,470,-30.97647143,51.6001
-160,470,-32.82637143,53.74571
-160,470,-34.7845,55.96491
-160,470,-36.85721429,58.24148
-160,470,-39.0512,60.55651
-160,470,-41.37348571,62.89045
-160,470,-43.83137143,65.22308
-160,470,-46.43252857,67.53121
-160,470,-49.18491429,69.78543
-160,470,-52.09687143,71.94677
-160,470,-55.17708571,73.96471
-160,470,-58.43464286,75.77661
-160,470,-61.87904286,77.30904
-160,470,-65.52024286,78.48071
-160,470,-69.36867143,79.20694
-160,470,-73.4353,79.40543
-160,470,-77.73167143,79.00262
-160,470,-82.26991429,77.93997
-160,470,-87.06288571,76.17956
-160,470,-92.12411429,73.70831
-160,470,-97.46795714,70.54119
-160,470,-103.1095714,66.7235
-160,470,-109.0649857,62.33244
-160,470,-115.3512143,57.47737
-160,470,-121.9863143,52.29759
-160,470,-128.9894143,46.95584
-160,470,-136.3809143,41.627
-160,470,-144.1825714,36.48273
-160,470,-152.4175714,31.67496
-160,470,-161.1107143,27.32196
-160,470,-170.2882857,23.50034
-160,470,-179.9788571,20.24428
-160,470,-190.2125714,17.5513
-160,470,-201.0215714,15.3921
-160,470,-212.4405714,13.72156
-160,470,-224.506,12.48862
-160,470,-237.2572857,11.6436
-160,470,-250.7358571,11.14267
-160,470,-264.9861429,10.94939
-160,470,-280.0551429,11.03415
-160,470,-295.9924286,11.37181
-160,470,-312.8508571,11.93849
-160,470,-330.686,12.70816
-160,470,-349.5568571,13.6499
-160,470,-369.5255714,14.72663
-160,470,-390.6575714,15.89566
-160,470,-413.022,17.11045
-160,470,-436.692,18.32294
-160,470,-461.7447143,19.48527
-160,470,-488.2611429,20.55099
-160,470,-516.3275714,21.4765
-160,470,-546.0347143,22.22434
-160,470,-577.4785714,22.769
-160,470,-610.761,23.10431
-160,470,-645.9892857,23.24938
-160,470,-683.2775714,23.24972
-160,470,-722.7462857,23.17194
-160,480,-26.08497143,45.88744
-160,480,-27.64911429,47.7698
-160,480,-29.30458571,49.7437
-160,480,-31.05675714,51.82182
-160,480,-32.91135714,54.00645
-160,480,-34.87445714,56.28734
-160,480,-36.95244286,58.64352
-160,480,-39.15201429,61.04754
-160,480,-41.48022857,63.46988
-160,480,-43.9444,65.88158
-160,480,-46.55221429,68.25404
-160,480,-49.31167143,70.55662
-160,480,-52.2311,72.75296
-160,480,-55.31921429,74.79742
-160,480,-58.58512857,76.63279
-160,480,-62.03835714,78.18989
-160,480,-65.68887143,79.38945
-160,480,-69.5471,80.1463
-160,480,-73.62404286,80.37535
-160,480,-77.93125714,79.99874
-160,480,-82.4809,78.95297
-160,480,-87.28584286,77.19539
-160,480,-92.35965714,74.70927
-160,480,-97.71671429,71.50764
-160,480,-103.3721714,67.63588
-160,480,-109.3421286,63.1733
-160,480,-115.6436,58.23309
-160,480,-122.2946429,52.95926
-160,480,-129.3144429,47.51951
-160,480,-136.7234143,42.09325
-160,480,-144.5432857,36.85585
-160,480,-152.7972857,31.96207
-160,480,-161.5102857,27.53211
-160,480,-170.7088571,23.64365
-160,480,-180.4211429,20.33116
-160,480,-190.6775714,17.5917
-160,480,-201.5105714,15.39484
-160,480,-212.9545714,13.69389
-160,480,-225.0464286,12.4359
-160,480,-237.8255714,11.56926
-160,480,-251.3335714,11.04815
-160,480,-265.6148571,10.8343
-160,480,-280.7165714,10.89633
-160,480,-296.6884286,11.20758
-160,480,-313.5834286,11.74291
-160,480,-331.4574286,12.47554
-160,480,-350.3692857,13.37459
-160,480,-370.3817143,14.40412
-160,480,-391.5602857,15.52391
-160,480,-413.9747143,16.69136
-160,480,-437.6982857,17.86359
-160,480,-462.8084286,18.99882
-160,480,-489.3868571,20.05692
-160,480,-517.5202857,20.99991
-160,480,-547.2998571,21.79424
-160,480,-578.8222857,22.41564
-160,480,-612.1894286,22.85585
-160,480,-647.5097143,23.12869
-160,480,-684.8971429,23.27223
-160,480,-724.473,23.34498
-160,490,-26.27215714,47.24325
-160,490,-27.84692857,49.26541
-160,490,-29.51347143,51.37606
-160,490,-31.27722857,53.57661
-160,490,-33.14395714,55.86108
-160,490,-35.11975714,58.21575
-160,490,-37.21105714,60.6217
-160,490,-39.42461429,63.05833
-160,490,-41.7675,65.5058
-160,490,-44.24708571,67.94483
-160,490,-46.87108571,70.35401
-160,490,-49.64751429,72.70544
-160,490,-52.58472857,74.96043
-160,490,-55.69145714,77.06638
-160,490,-58.97681429,78.95561
-160,490,-62.45032857,80.54652
-160,490,-66.12198571,81.74729
-160,490,-70.00224286,82.46178
-160,490,-74.1021,82.59731
-160,490,-78.43315714,82.0731
-160,490,-83.0076,80.82827
-160,490,-87.83835714,78.82814
-160,490,-92.93904286,76.06818
-160,490,-98.32405714,72.5759
-160,490,-104.0086429,68.41133
-160,490,-110.0089429,63.66676
-160,490,-116.3420429,58.46557
-160,490,-123.0260857,52.95905
-160,490,-130.0803286,47.31958
-160,490,-137.5253143,41.72912
-160,490,-145.3828571,36.36385
-160,490,-153.6765714,31.37746
-160,490,-162.4311429,26.88729
-160,490,-171.6734286,22.96644
-160,490,-181.432,19.64353
-160,490,-191.7372857,16.90924
-160,490,-202.6222857,14.72703
-160,490,-214.1215714,13.04489
-160,490,-226.2725714,11.80584
-160,490,-239.1147143,10.9555
-160,490,-252.6902857,10.44665
-160,490,-267.044,10.24081
-160,490,-282.2237143,10.3076
-160,490,-298.2795714,10.6225
-160,490,-315.2651429,11.16369
-160,490,-333.2371429,11.90878
-160,490,-352.2551429,12.83202
-160,490,-372.3825714,13.90277
-160,490,-393.686,15.08527
-160,490,-416.2361429,16.33953
-160,490,-440.1072857,17.62246
-160,490,-465.3781429,18.88874
-160,490,-492.1317143,20.09153
-160,490,-520.4555714,21.18402
-160,490,-550.4424286,22.12325
-160,490,-582.19,22.87696
-160,490,-615.8017143,23.43197
-160,490,-651.387,23.80136
-160,490,-689.0614286,24.0266
-160,490,-728.9472857,24.17299
-160,500,-27.86011429,52.57396
-160,500,-29.52604286,55.14551
-160,500,-31.28857143,57.84192
-160,500,-33.15347143,60.66225
-160,500,-35.12682857,63.59516
-160,500,-37.2151,66.6184
-160,500,-39.42504286,69.70207
-160,500,-41.76377143,72.81354
-160,500,-44.23867143,75.92097
-160,500,-46.85742857,78.99332
-160,500,-49.62801429,81.99673
-160,500,-52.55872857,84.88863
-160,500,-55.65818571,87.61199
-160,500,-58.93537143,90.09148
-160,500,-62.39962857,92.23288
-160,500,-66.06078571,93.92599
-160,500,-69.92911429,95.05123
-160,500,-74.01538571,95.48894
-160,500,-78.33095714,95.13068
-160,500,-82.88778571,93.89075
-160,500,-87.69845714,91.71647
-160,500,-92.7763,88.59563
-160,500,-98.13535714,84.56049
-160,500,-103.7905571,79.68821
-160,500,-109.7576429,74.09827
-160,500,-116.0533571,67.94752
-160,500,-122.6955,61.42275
-160,500,-129.703,54.73054
-160,500,-137.0960143,48.08397
-160,500,-144.8961429,41.68671
-160,500,-153.1261429,35.7165
-160,500,-161.8107143,30.31098
-160,500,-170.9761429,25.55892
-160,500,-180.6502857,21.49877
-160,500,-190.863,18.12441
-160,500,-201.6465714,15.39588
-160,500,-213.0348571,13.25239
-160,500,-225.0644286,11.62481
-160,500,-237.7745714,10.44568
-160,500,-251.2068571,9.65618
-160,500,-265.4057143,9.210032
-160,500,-280.4185714,9.074988
-160,500,-296.2955714,9.232472
-160,500,-313.0902857,9.675859
-160,500,-330.8592857,10.40759
-160,500,-349.6624286,11.43504
-160,500,-369.5627143,12.76496
-160,500,-390.6268571,14.39615
-160,500,-412.925,16.31013
-160,500,-436.531,18.46042
-160,500,-461.5227143,20.76216
-160,500,-487.9822857,23.08581
-160,500,-515.996,25.26091
-160,500,-545.6552857,27.09554
-160,500,-577.056,28.41265
-160,500,-610.3,29.09515
-160,500,-645.4945714,29.12274
-160,500,-682.7535714,28.58301
-160,500,-722.1971429,27.65045
-160,500,-763.9525714,26.54374
-160,510,-26.17924286,47.11785
-160,510,-27.74845714,49.11715
-160,510,-29.40915714,51.20509
-160,510,-31.16674286,53.38497
-160,510,-33.02697143,55.65271
-160,510,-34.99592857,57.99621
-160,510,-37.08001429,60.39755
-160,510,-39.28595714,62.8362
-160,510,-41.62081429,65.29122
-160,510,-44.09192857,67.74115
-160,510,-46.70697143,70.16137
-160,510,-49.47394286,72.5204
-160,510,-52.40118571,74.77618
-160,510,-55.49738571,76.87381
-160,510,-58.77162857,78.74508
-160,510,-62.23341429,80.31026
-160,510,-65.8927,81.48176
-160,510,-69.75991429,82.16958
-160,510,-73.84602857,82.28793
-160,510,-78.1626,81.7622
-160,510,-82.72181429,80.53546
-160,510,-87.53654286,78.57367
-160,510,-92.62037143,75.86934
-160,510,-97.98768571,72.44407
-160,510,-103.6536857,68.35031
-160,510,-109.6344571,63.6728
-160,510,-115.9470429,58.52892
-160,510,-122.6095143,53.06653
-160,510,-129.6410571,47.45729
-160,510,-137.0621,41.88469
-160,510,-144.8944286,36.52764
-160,510,-153.1612857,31.54283
-160,510,-161.8877143,27.05005
-160,510,-171.1,23.12404
-160,510,-180.827,19.79428
-160,510,-191.099,17.05182
-160,510,-201.9487143,14.86017
-160,510,-213.4107143,13.16726
-160,510,-225.5222857,11.91587
-160,510,-238.3227143,11.05118
-160,510,-251.8541429,10.52513
-160,510,-266.1612857,10.29791
-160,510,-281.2911429,10.33708
-160,510,-297.2942857,10.61523
-160,510,-314.2235714,11.10679
-160,510,-332.1355714,11.7849
-160,510,-351.0895714,12.61927
-160,510,-371.1488571,13.57562
-160,510,-392.38,14.61715
-160,510,-414.8531429,15.70716
-160,510,-438.643,16.81177
-160,510,-463.828,17.90144
-160,510,-490.4912857,18.95085
-160,510,-518.7202857,19.9378
-160,510,-548.6078571,20.84273
-160,510,-580.2517143,21.65032
-160,510,-613.7551429,22.35334
-160,510,-649.2274286,22.9575
-160,510,-686.7842857,23.48468
-160,510,-726.5475714,23.97262
-160,520,-26.10925714,45.7197
-160,520,-27.67441429,47.67008
-160,520,-29.33084286,49.7058
-160,520,-31.08392857,51.82855
-160,520,-32.9394,54.03294
-160,520,-34.90328571,56.30627
-160,520,-36.98197143,58.6308
-160,520,-39.18218571,60.98713
-160,520,-41.51092857,63.35637
-160,520,-43.97552857,65.71992
-160,520,-46.58364286,68.05674
-160,520,-49.34324286,70.33938
-160,520,-52.26265714,72.53006
-160,520,-55.35057143,74.57812
-160,520,-58.61604286,76.41925
-160,520,-62.0686,77.97704
-160,520,-65.71814286,79.16632
-160,520,-69.57511429,79.89837
-160,520,-73.65045714,80.08726
-160,520,-77.95567143,79.6567
-160,520,-82.5029,78.5465
-160,520,-87.30492857,76.71811
-160,520,-92.3753,74.15882
-160,520,-97.72827143,70.88497
-160,520,-103.379,66.94446
-160,520,-109.3435,62.41859
-160,520,-115.6387286,57.42254
-160,520,-122.2827143,52.1028
-160,520,-129.2946143,46.63008
-160,520,-136.6948143,41.18686
-160,520,-144.5051429,35.95082
-160,520,-152.7485714,31.07736
-160,520,-161.4501429,26.68524
-160,520,-170.6361429,22.84882
-160,520,-180.335,19.59805
-160,520,-190.5768571,16.92526
-160,520,-201.394,14.79598
-160,520,-212.821,13.16074
-160,520,-224.8944286,11.96537
-160,520,-237.6537143,11.15862
-160,520,-251.1402857,10.69652
-160,520,-265.3987143,10.54406
-160,520,-280.4758571,10.67445
-160,520,-296.4218571,11.06671
-160,520,-313.2894286,11.70218
-160,520,-331.1342857,12.56046
-160,520,-350.0152857,13.61565
-160,520,-369.9947143,14.8335
-160,520,-391.1378571,16.16998
-160,520,-413.514,17.57141
-160,520,-437.1957143,18.97573
-160,520,-462.2598571,20.31488
-160,520,-488.7874286,21.51818
-160,520,-516.8641429,22.51789
-160,520,-546.5801429,23.25754
-160,520,-578.0312857,23.70261
-160,520,-611.3188571,23.85077
-160,520,-646.5498571,23.73742
-160,520,-683.838,23.43292
-160,520,-723.3035714,23.03158
-160,530,-26.04971429,46.55057
-160,530,-27.61142857,48.52992
-160,530,-29.26424286,50.5962
-160,530,-31.01354286,52.75146
-160,530,-32.86502857,54.9902
-160,530,-34.82475714,57.29885
-160,530,-36.8991,59.65817
-160,530,-39.09475714,62.04681
-160,530,-41.41871429,64.44384
-160,530,-43.87832857,66.82885
-160,530,-46.4812,69.1794
-160,530,-49.23531429,71.46708
-160,530,-52.14897143,73.65339
-160,530,-55.23084286,75.687
-160,530,-58.48997143,77.50288
-160,530,-61.93584286,79.02379
-160,530,-65.57837143,80.16407
-160,530,-69.42798571,80.83534
-160,530,-73.49558571,80.95348
-160,530,-77.79274286,80.44587
-160,530,-82.33157143,79.25779
-160,530,-87.12491429,77.35726
-160,530,-92.18634286,74.73795
-160,530,-97.53017143,71.42091
-160,530,-103.1715571,67.45558
-160,530,-109.1265571,62.92099
-160,530,-115.4121286,57.92638
-160,530,-122.0462857,52.61002
-160,530,-129.0481429,47.13404
-160,530,-136.4380571,41.67411
-160,530,-144.2377143,36.40447
-160,530,-152.4702857,31.48087
-160,530,-161.1605714,27.0256
-160,530,-170.3351429,23.11826
-160,530,-180.0222857,19.7942
-160,530,-190.2522857,17.05003
-160,530,-201.0575714,14.85382
-160,530,-212.4728571,13.15667
-160,530,-224.5351429,11.90335
-160,530,-237.2834286,11.04016
-160,530,-250.7598571,10.51957
-160,530,-265.0087143,10.302
-160,530,-280.0771429,10.35508
-160,530,-296.0152857,10.6513
-160,530,-312.8758571,11.16477
-160,530,-330.715,11.86796
-160,530,-349.5921429,12.72953
-160,530,-369.5697143,13.71382
-160,530,-390.7142857,14.7823
-160,530,-413.0957143,15.89635
-160,530,-436.7878571,17.01989
-160,530,-461.869,18.12093
-160,530,-488.4214286,19.17133
-160,530,-516.5324286,20.14584
-160,530,-546.2941429,21.02201
-160,530,-577.8035714,21.78244
-160,530,-611.1635714,22.41935
-160,530,-646.483,22.93994
-160,530,-683.8764286,23.36955
-160,530,-723.4657143,23.75074
-160,540,-26.01192857,46.48877
-160,540,-27.57087143,48.49137
-160,540,-29.22074286,50.582
-160,540,-30.96687143,52.76176
-160,540,-32.815,55.02406
-160,540,-34.77114286,57.35418
-160,540,-36.84165714,59.73168
-160,540,-39.03322857,62.13405
-160,540,-41.35282857,64.53913
-160,540,-43.80775714,66.92522
-160,540,-46.40562857,69.26845
-160,540,-49.15437143,71.53888
-160,540,-52.06225714,73.69652
-160,540,-55.1379,75.68879
-160,540,-58.39032857,77.4499
-160,540,-61.82898571,78.90252
-160,540,-65.46375714,79.96155
-160,540,-69.305,80.53966
-160,540,-73.36362857,80.55405
-160,540,-77.65112857,79.93359
-160,540,-82.17962857,78.62539
-160,540,-86.96192857,76.60012
-160,540,-92.01152857,73.85571
-160,540,-97.34274286,70.41963
-160,540,-102.9707,66.35009
-160,540,-108.9114143,61.73641
-160,540,-115.1818571,56.69791
-160,540,-121.8000143,51.38039
-160,540,-128.7850143,45.94875
-160,540,-136.1572143,40.57545
-160,540,-143.9382857,35.42586
-160,540,-152.1515714,30.643
-160,540,-160.8215714,26.33536
-160,540,-169.975,22.57029
-160,540,-179.6401429,19.37427
-160,540,-189.8474286,16.73903
-160,540,-200.6291429,14.63133
-160,540,-212.0198571,13.00359
-160,540,-224.0564286,11.80339
-160,540,-236.7781429,10.98044
-160,540,-250.227,10.49067
-160,540,-264.447,10.2977
-160,540,-279.4857143,10.3721
-160,540,-295.3927143,10.68905
-160,540,-312.221,11.22518
-160,540,-330.0265714,11.95529
-160,540,-348.8688571,12.84988
-160,540,-368.8101429,13.87426
-160,540,-389.9167143,14.98955
-160,540,-412.2584286,16.15492
-160,540,-435.909,17.33026
-160,540,-460.9465714,18.47784
-160,540,-487.4532857,19.56291
-160,540,-515.516,20.55376
-160,540,-545.2267143,21.42283
-160,540,-576.6824286,22.14999
-160,540,-609.9857143,22.72781
-160,540,-645.245,23.16682
-160,540,-682.5748571,23.49807
-160,540,-722.0968571,23.77092
-160,550,-25.88497143,45.57345
-160,550,-27.43625714,47.52705
-160,550,-29.07807143,49.56568
-160,550,-30.81574286,51.68999
-160,550,-32.65495714,53.89322
-160,550,-34.60168571,56.16083
-160,550,-36.66227143,58.47288
-160,550,-38.84332857,60.80734
-160,550,-41.15181429,63.14243
-160,550,-43.59497143,65.45652
-160,550,-46.18037143,67.72559
-160,550,-48.9159,69.91947
-160,550,-51.80981429,71.99826
-160,550,-54.87068571,73.91012
-160,550,-58.10751429,75.59101
-160,550,-61.52971429,76.96656
-160,550,-65.14714286,77.9558
-160,550,-68.97014286,78.47649
-160,550,-73.00958571,78.45138
-160,550,-77.27692857,77.81474
-160,550,-81.78425714,76.51821
-160,550,-86.5443,74.53549
-160,550,-91.57055714,71.86553
-160,550,-96.87725714,68.53443
-160,550,-102.4794857,64.59676
-160,550,-108.3931857,60.13615
-160,550,-114.6353143,55.26495
-160,550,-121.2237857,50.12153
-160,550,-128.1777143,44.86382
-160,550,-135.5174286,39.65846
-160,550,-143.2645714,34.66658
-160,550,-151.4422857,30.02856
-160,550,-160.0752857,25.85168
-160,550,-169.19,22.20318
-160,550,-178.8145714,19.1103
-160,550,-188.9792857,16.56614
-160,550,-199.7162857,14.53937
-160,550,-211.0601429,12.98475
-160,550,-223.0472857,11.85254
-160,550,-235.7168571,11.09543
-160,550,-249.1107143,10.67251
-160,550,-263.2727143,10.5507
-160,550,-278.25,10.70386
-160,550,-294.0921429,11.11034
-160,550,-310.852,11.74941
-160,550,-328.585,12.5976
-160,550,-347.3498571,13.62551
-160,550,-367.2088571,14.79608
-160,550,-388.2272857,16.06463
-160,550,-410.4741429,17.3805
-160,550,-434.0222857,18.68937
-160,550,-458.9487143,19.93564
-160,550,-485.3344286,21.06469
-160,550,-513.2654286,22.02574
-160,550,-542.832,22.77674
-160,550,-574.1301429,23.29129
-160,550,-607.2612857,23.56644
-160,550,-642.3325714,23.62789
-160,550,-679.4577143,23.52966
-160,550,-718.7568571,23.34703
-160,560,-25.89465714,46.84347
-160,560,-27.44632857,48.8566
-160,560,-29.08861429,50.95687
-160,560,-30.82682857,53.14413
-160,560,-32.66667143,55.41047
-160,560,-34.61415714,57.73987
-160,560,-36.67557143,60.11061
-160,560,-38.85757143,62.49886
-160,560,-41.16711429,64.88099
-160,560,-43.61141429,67.23341
-160,560,-46.19804286,69.52986
-160,560,-48.9349,71.73727
-160,560,-51.8302,73.81195
-160,560,-54.89252857,75.69742
-160,560,-58.13087143,77.32455
-160,560,-61.55464286,78.61434
-160,560,-65.1737,79.48309
-160,560,-68.9984,79.84911
-160,560,-73.03965714,79.64024
-160,560,-77.30897143,78.80058
-160,560,-81.81845714,77.29558
-160,560,-86.58095714,75.11452
-160,560,-91.61001429,72.27102
-160,560,-96.91997143,68.80224
-160,560,-102.526,64.76824
-160,560,-108.4441429,60.25208
-160,560,-114.6913857,55.36027
-160,560,-121.2857286,50.22187
-160,560,-128.2463429,44.98434
-160,560,-135.5935857,39.80469
-160,560,-143.3491429,34.8365
-160,560,-151.5364286,30.21538
-160,560,-160.18,26.04627
-160,560,-169.3065714,22.39608
-160,560,-178.9445714,19.29288
-160,560,-189.1244286,16.73116
-160,560,-199.8785714,14.68089
-160,560,-211.2418571,13.09768
-160,560,-223.2511429,11.93186
-160,560,-235.9458571,11.13519
-160,560,-249.3678571,10.66475
-160,560,-263.5614286,10.48411
-160,560,-278.5738571,10.56245
-160,560,-294.4551429,10.87212
-160,560,-311.2581429,11.38556
-160,560,-329.039,12.07252
-160,560,-347.8571429,12.8987
-160,560,-367.7755714,13.82646
-160,560,-388.8605714,14.81777
-160,560,-411.1827143,15.8382
-160,560,-434.8164286,16.86039
-160,560,-459.84,17.86536
-160,560,-486.3367143,18.84108
-160,560,-514.3944286,19.77951
-160,560,-544.1055714,20.67374
-160,560,-575.5681429,21.51728
-160,560,-608.8855714,22.30624
-160,560,-644.1672857,23.04329
-160,560,-681.5284286,23.74149
-160,560,-721.0915714,24.42544
-160,570,-26.04694286,46.63033
-160,570,-27.60735714,48.6886
-160,570,-29.25881429,50.83714
-160,570,-31.0067,53.07433
-160,570,-32.8567,55.38996
-160,570,-34.81482857,57.76482
-160,570,-36.88745714,60.17337
-160,570,-39.08121429,62.58783
-160,570,-41.40307143,64.98135
-160,570,-43.8603,67.32862
-160,570,-46.46047143,69.60372
-160,570,-49.2115,71.77621
-160,570,-52.12162857,73.80707
-160,570,-55.19947143,75.6456
-160,570,-58.45405714,77.22847
-160,570,-61.89481429,78.48105
-160,570,-65.53162857,79.32136
-160,570,-69.37491429,79.6663
-160,570,-73.43558571,79.43933
-160,570,-77.72517143,78.57854
-160,570,-82.25582857,77.04354
-160,570,-87.04041429,74.82006
-160,570,-92.09247143,71.92178
-160,570,-97.42635714,68.38997
-160,570,-103.0572857,64.29198
-160,570,-109.0013286,59.71943
-160,570,-115.2755429,54.78647
-160,570,-121.8980286,49.627
-160,570,-128.8880286,44.38952
-160,570,-136.2660571,39.2285
-160,570,-144.054,34.29262
-160,570,-152.2751429,29.71178
-160,570,-160.9542857,25.58588
-160,570,-170.1184286,21.97826
-160,570,-179.7957143,18.9151
-160,570,-190.0167143,16.39042
-160,570,-200.8138571,14.37471
-160,570,-212.222,12.82486
-160,570,-224.2781429,11.69305
-160,570,-237.0217143,10.93362
-160,570,-250.4948571,10.50718
-160,570,-264.742,10.38218
-160,570,-279.8108571,10.53434
-160,570,-295.7514286,10.94435
-160,570,-312.6172857,11.59448
-160,570,-330.4642857,12.46476
-160,570,-349.3522857,13.52949
-160,570,-369.344,14.75475
-160,570,-390.5057143,16.09766
-160,570,-412.9072857,17.50699
-160,570,-436.6227143,18.92501
-160,570,-461.7298571,20.28986
-160,570,-488.311,21.53858
-160,570,-516.4528571,22.61146
-160,570,-546.2472857,23.45865
-160,570,-577.7914286,24.04874
-160,570,-611.1878571,24.37744
-160,570,-646.5448571,24.47278
-160,570,-683.9777143,24.39398
-160,570,-723.608,24.22322
-160,580,-25.53814286,45.70049
-160,580,-27.06835714,47.63448
-160,580,-28.68804286,49.64996
-160,580,-30.4025,51.74563
-160,580,-32.21731429,53.91265
-160,580,-34.13838571,56.13438
-160,580,-36.17195714,58.38862
-160,580,-38.32454286,60.65095
-160,580,-40.60297143,62.89677
-160,580,-43.01441429,65.10107
-160,580,-45.56628571,67.23571
-160,580,-48.2664,69.26569
-160,580,-51.12285714,71.14591
-160,580,-54.14415714,72.81979
-160,580,-57.3392,74.22024
-160,580,-60.71731429,75.27328
-160,580,-64.28825714,75.90363
-160,580,-68.06232857,76.04145
-160,580,-72.05035714,75.62924
-160,580,-76.26378571,74.62739
-160,580,-80.71464286,73.01762
-160,580,-85.4157,70.80373
-160,580,-90.38041429,68.01023
-160,580,-95.62305714,64.68004
-160,580,-101.1587,60.87252
-160,580,-107.0033143,56.6629
-160,580,-113.1738,52.14272
-160,580,-119.6881429,47.42007
-160,580,-126.5653857,42.61773
-160,580,-133.8258714,37.86748
-160,580,-141.4912429,33.30063
-160,580,-149.5845714,29.03627
-160,580,-158.1307143,25.17008
-160,580,-167.156,21.76678
-160,580,-176.6885714,18.85793
-160,580,-186.7587143,16.44513
-160,580,-197.3988571,14.50699
-160,580,-208.6431429,13.00788
-160,580,-220.5284286,11.90603
-160,580,-233.0937143,11.15998
-160,580,-246.3807143,10.73256
-160,580,-260.4337143,10.59248
-160,580,-275.2995714,10.71387
-160,580,-291.028,11.07438
-160,580,-307.6718571,11.6524
-160,580,-325.2868571,12.42424
-160,580,-343.9322857,13.36203
-160,580,-363.6705714,14.433
-160,580,-384.5677143,15.60019
-160,580,-406.6935714,16.82415
-160,580,-430.1217143,18.06462
-160,580,-454.9302857,19.28153
-160,580,-481.2014286,20.43521
-160,580,-509.0218571,21.48708
-160,580,-538.4837143,22.40205
-160,580,-569.6837143,23.15378
-160,580,-602.7244286,23.7317
-160,580,-637.7142857,24.14739
-160,580,-674.7681429,24.43699
-160,580,-714.007,24.6579
-160,590,-25.40642857,43.97179
-160,590,-26.92762857,45.84184
-160,590,-28.53762857,47.79108
-160,590,-30.24167143,49.81816
-160,590,-32.04535714,51.91431
-160,590,-33.95461429,54.06291
-160,590,-35.97571429,56.24166
-160,590,-38.11521429,58.42582
-160,590,-40.38002857,60.59039
-160,590,-42.77737143,62.71009
-160,590,-45.31475714,64.75721
-160,590,-48.00005714,66.69843
-160,590,-50.84145714,68.49221
-160,590,-53.84752857,70.08761
-160,590,-57.0272,71.42513
-160,590,-60.38985714,72.43939
-160,590,-63.94527143,73.06322
-160,590,-67.70372857,73.23265
-160,590,-71.67604286,72.89211
-160,590,-75.87357143,71.99931
-160,590,-80.3083,70.52903
-160,590,-84.99284286,68.47564
-160,590,-89.94057143,65.85403
-160,590,-95.16562857,62.69961
-160,590,-100.6829571,59.0677
-160,590,-106.5084143,55.03286
-160,590,-112.6588571,50.68807
-160,590,-119.1521143,46.14307
-160,590,-126.0072286,41.52072
-160,590,-133.2444143,36.95045
-160,590,-140.8852,32.55912
-160,590,-148.9525714,28.46036
-160,590,-157.471,24.74494
-160,590,-166.4665714,21.47441
-160,590,-175.9671429,18.67947
-160,590,-186.0024286,16.36314
-160,590,-196.604,14.50727
-160,590,-207.8057143,13.08067
-160,590,-219.6437143,12.04684
-160,590,-232.1561429,11.37013
-160,590,-245.3842857,11.0197
-160,590,-259.3714286,10.97118
-160,590,-274.1638571,11.20623
-160,590,-289.8105714,11.71032
-160,590,-306.3635714,12.46914
-160,590,-323.8777143,13.4643
-160,590,-342.4108571,14.669
-160,590,-362.0242857,16.04459
-160,590,-382.7821429,17.53885
-160,590,-404.7525714,19.08617
-160,590,-428.007,20.60967
-160,590,-452.6211429,22.02503
-160,590,-478.6745714,23.24628
-160,590,-506.2515714,24.19416
-160,590,-535.4414286,24.80731
-160,590,-566.3382857,25.05504
-160,590,-599.0421429,24.94756
-160,590,-633.6587143,24.53925
-160,590,-670.3002857,23.92173
-160,590,-709.0858571,23.20825
-160,600,-25.53897143,45.59143
-160,600,-27.06865714,47.5545
-160,600,-28.68781429,49.60039
-160,600,-30.40171429,51.72614
-160,600,-32.21594286,53.92061
-160,600,-34.13638571,56.16399
-160,600,-36.16924286,58.43015
-160,600,-38.32102857,60.69014
-160,600,-40.59852857,62.91474
-160,600,-43.00887143,65.07477
-160,600,-45.55945714,67.13917
-160,600,-48.25805714,69.07194
-160,600,-51.11275714,70.82943
-160,600,-54.13205714,72.35924
-160,600,-57.32482857,73.60092
-160,600,-60.7004,74.48889
-160,600,-64.26852857,74.95693
-160,600,-68.03952857,74.94388
-160,600,-72.02421429,74.39973
-160,600,-76.23404286,73.29094
-160,600,-80.68108571,71.60414
-160,600,-85.37808571,69.34743
-160,600,-90.33852857,66.5493
-160,600,-95.57671429,63.25611
-160,600,-101.1077286,59.52926
-160,600,-106.9475571,55.44332
-160,600,-113.1131714,51.08528
-160,600,-119.6225571,46.55434
-160,600,-126.4948143,41.96064
-160,600,-133.7502857,37.42131
-160,600,-141.4106429,33.05343
-160,600,-149.499,28.96456
-160,600,-158.0401429,25.24325
-160,600,-167.0604286,21.95184
-160,600,-176.588,19.12372
-160,600,-186.653,16.76515
-160,600,-197.2875714,14.86081
-160,600,-208.5261429,13.38122
-160,600,-220.4052857,12.29012
-160,600,-232.964,11.55044
-160,600,-246.2435714,11.12828
-160,600,-260.2884286,10.99453
-160,600,-275.1451429,11.12461
-160,600,-290.8632857,11.49667
-160,600,-307.4954286,12.08887
-160,600,-325.0972857,12.8766
-160,600,-343.7277143,13.83037
-160,600,-363.4485714,14.91509
-160,600,-384.3258571,16.09092
-160,600,-406.4287143,17.31514
-160,600,-429.8305714,18.54419
-160,600,-454.6087143,19.73497
-160,600,-480.8447143,20.8455
-160,600,-508.6251429,21.83593
-160,600,-538.041,22.67124
-160,600,-569.1888571,23.32659
-160,600,-602.1708571,23.79423
-160,600,-637.0945714,24.08936
-160,600,-674.0744286,24.25182
-160,600,-713.231,24.34205
-160,620,-25.39411429,46.08915
-160,620,-26.91451429,48.05848
-160,620,-28.52395714,50.1089
-160,620,-30.22765714,52.23576
-160,620,-32.03117143,54.4257
-160,620,-33.94034286,56.65607
-160,620,-35.9613,58.89713
-160,620,-38.1005,61.11551
-160,620,-40.36467143,63.27678
-160,620,-42.76084286,65.34601
-160,620,-45.29638571,67.2862
-160,620,-47.979,69.05592
-160,620,-50.81671429,70.60764
-160,620,-53.81798571,71.88763
-160,620,-56.99164286,72.83802
-160,620,-60.34698571,73.4007
-160,620,-63.89378571,73.52252
-160,620,-67.64234286,73.16092
-160,620,-71.6035,72.28877
-160,620,-75.78872857,70.89768
-160,620,-80.21014286,68.99856
-160,620,-84.88055714,66.61963
-160,620,-89.81351429,63.80235
-160,620,-95.02338571,60.59685
-160,620,-100.5253286,57.05846
-160,620,-106.3354143,53.24651
-160,620,-112.4706571,49.2256
-160,620,-118.9491143,45.06828
-160,620,-125.7899571,40.85701
-160,620,-133.0135857,36.68362
-160,620,-140.6417143,32.64495
-160,620,-148.6975714,28.83513
-160,620,-157.2058571,25.33654
-160,620,-166.193,22.21189
-160,620,-175.6874286,19.49978
-160,620,-185.7192857,17.21452
-160,620,-196.3207143,15.34978
-160,620,-207.5261429,13.88446
-160,620,-219.3722857,12.78907
-160,620,-231.8981429,12.03129
-160,620,-245.1451429,11.57972
-160,620,-259.1574286,11.40569
-160,620,-273.9817143,11.48325
-160,620,-289.6677143,11.7879
-160,620,-306.2681429,12.29454
-160,620,-323.8385714,12.97579
-160,620,-342.4381429,13.80117
-160,620,-362.1294286,14.73789
-160,620,-382.9785714,15.75285
-160,620,-405.0554286,16.81513
-160,620,-428.434,17.8976
-160,620,-453.1925714,18.97668
-160,620,-479.4137143,20.03062
-160,620,-507.1847143,21.03739
-160,620,-536.5978571,21.97427
-160,620,-567.7505714,22.82059
-160,620,-600.7458571,23.56343
-160,620,-635.6927143,24.20439
-160,620,-672.7062857,24.76403
-160,620,-711.9084286,25.28172
-160,640,-25.01407143,43.89073
-160,640,-26.51132857,45.76776
-160,640,-28.09624286,47.71865
-160,640,-29.77401429,49.73493
-160,640,-31.55011429,51.79942
-160,640,-33.43028571,53.88572
-160,640,-35.4206,55.9606
-160,640,-37.52745714,57.9875
-160,640,-39.75752857,59.92935
-160,640,-42.1178,61.74932
-160,640,-44.6156,63.40978
-160,640,-47.25857143,64.87067
-160,640,-50.05477143,66.08866
-160,640,-53.01257143,67.01804
-160,640,-56.14082857,67.61348
-160,640,-59.44878571,67.83399
-160,640,-62.94618571,67.64738
-160,640,-66.6433,67.03402
-160,640,-70.55092857,65.98919
-160,640,-74.68047143,64.52329
-160,640,-79.04397143,62.65995
-160,640,-83.65412857,60.43233
-160,640,-88.52442857,57.87864
-160,640,-93.6691,55.03828
-160,640,-99.10321429,51.94989
-160,640,-104.8427571,48.65202
-160,640,-110.9047,45.18623
-160,640,-117.3070286,41.60145
-160,640,-124.0688714,37.9576
-160,640,-131.2105429,34.32646
-160,640,-138.7536714,30.78866
-160,640,-146.7212857,27.42699
-160,640,-155.1378571,24.31782
-160,640,-164.0295714,21.5231
-160,640,-173.424,19.0852
-160,640,-183.351,17.0256
-160,640,-193.8421429,15.34735
-160,640,-204.931,14.03983
-160,640,-216.6537143,13.08444
-160,640,-229.0482857,12.45971
-160,640,-242.1557143,12.14504
-160,640,-256.0192857,12.12256
-160,640,-270.6852857,12.37728
-160,640,-286.2025714,12.89551
-160,640,-302.6228571,13.66214
-160,640,-320.001,14.65728
-160,640,-338.3948571,15.85307
-160,640,-357.8654286,17.21119
-160,640,-378.4771429,18.68168
-160,640,-400.2978571,20.20299
-160,640,-423.3991429,21.70308
-160,640,-447.8567143,23.10183
-160,640,-473.7504286,24.31528
-160,640,-501.1647143,25.26332
-160,640,-530.1887143,25.88126
-160,640,-560.9171429,26.13384
-160,640,-593.45,26.02733
-160,640,-627.8934286,25.61406
-160,640,-664.36,24.986
-160,640,-702.9691429,24.25877
-160,660,-30.05704286,82.9555
-160,660,-31.84317143,88.22672
-160,660,-33.73004286,93.75334
-160,660,-35.72378571,99.44687
-160,660,-37.83088571,105.1815
-160,660,-40.05825714,110.7965
-160,660,-42.41308571,116.111
-160,660,-44.90287143,120.9443
-160,660,-47.53531429,125.135
-160,660,-50.31834286,128.5515
-160,660,-53.26004286,131.0928
-160,660,-56.36874286,132.6838
-160,660,-59.653,133.2703
-160,660,-63.12167143,132.8184
-160,660,-66.784,131.3167
-160,660,-70.64971429,128.7821
-160,660,-74.72917143,125.2637
-160,660,-79.03348571,120.8432
-160,660,-83.57462857,115.6316
-160,660,-88.36554286,109.7605
-160,660,-93.42018571,103.3718
-160,660,-98.75354286,96.60589
-160,660,-104.3815571,89.5923
-160,660,-110.3211429,82.44357
-160,660,-116.5900429,75.25389
-160,660,-123.2068429,68.10221
-160,660,-130.1909857,61.05867
-160,660,-137.5627571,54.19188
-160,660,-145.3435714,47.57442
-160,660,-153.5558571,41.28432
-160,660,-162.2238571,35.40154
-160,660,-171.3731429,30.00028
-160,660,-181.0314286,25.13961
-160,660,-191.2287143,20.85541
-160,660,-201.9974286,17.15604
-160,660,-213.3727143,14.02271
-160,660,-225.3928571,11.41392
-160,660,-238.0988571,9.272409
-160,660,-251.5354286,7.532649
-160,660,-265.7501429,6.127583
-160,660,-280.7941429,4.993868
-160,660,-296.7224286,4.075513
-160,660,-313.5934286,3.326171
-160,660,-331.4697143,2.710326
-160,660,-350.4182857,2.203444
-160,660,-370.5115714,1.790978
-160,660,-391.828,1.466295
-160,660,-414.4532857,1.228278
-160,660,-438.4812857,1.080198
-160,660,-464.0157143,1.032113
-160,660,-491.1707143,1.109452
-160,660,-520.072,1.371531
-160,660,-550.8572857,1.946871
-160,660,-583.6765714,3.097551
-160,660,-618.6915714,5.331294
-160,660,-656.0748571,9.585981
-160,660,-696.0081429,17.52404
-160,660,-738.6798571,32.02948
-160,660,-784.2818571,58.17774
-160,660,-833.0047143,105.3564
