SAMPLE_IDS,POINT_ID,LINE_ID,X_LOCAL_M,Y_LOCAL_M,DEPTH_M,Z_LOCAL_M,VX_KM_S,N_MERGED
W9:90,W9,L1,-750,220,3802.083000,-3802.083000,2.074999000,1
W9:89,W9,L1,-750,220,3471.154000,-3471.154000,2.025541000,1
W9:88,W9,L1,-750,220,3160.714000,-3160.714000,2.140959000,1
W9:87,W9,L1,-750,220,2500.000000,-2500.000000,2.955994000,1
W9:86,W9,L1,-750,220,2226.563000,-2226.563000,2.091863000,1
W9:85,W9,L1,-750,220,1992.647000,-1992.647000,2.005063000,1
W9:84,W9,L1,-750,220,1819.444000,-1819.444000,1.804918000,1
W9:83,W9,L1,-750,220,1644.737000,-1644.737000,1.861585000,1
W9:82,W9,L1,-750,220,1506.250000,-1506.250000,1.720827000,1
W9:81,W9,L1,-750,220,1404.762000,-1404.762000,1.531432000,1
W9:80,W9,L1,-750,220,1289.773000,-1289.773000,1.671348000,1
W9:79,W9,L1,-750,220,1168.478000,-1168.478000,1.721795000,1
W9:78,W9,L1,-750,220,1057.292000,-1057.292000,1.662539000,1
W9:77,W9,L1,-750,220,940.000000,-940.000000,1.670973000,1
W9:76,W9,L1,-750,220,817.308000,-817.308000,1.640870000,1
W9:75,W9,L1,-750,220,736.111000,-736.111000,1.387696000,1
W9:74,W9,L1,-750,220,709.821000,-709.821000,0.795000000,1
W9:73,W9,L1,-750,220,629.310000,-629.310000,1.380567000,1
W9:72,W9,L1,-750,220,600.000000,-600.000000,0.923086000,1
W9:71,W9,L1,-750,220,576.613000,-576.613000,0.836816000,1
W9:70,W9,L1,-750,220,554.688000,-554.688000,0.834780000,1
W9:69,W9,L1,-750,220,534.091000,-534.091000,0.832693000,1
W9:68,W9,L1,-750,220,507.353000,-507.353000,0.979104000,1
W9:67,W9,L1,-750,220,467.857000,-467.857000,1.137700000,1
W9:66,W9,L1,-750,220,434.028000,-434.028000,1.064836000,1
W9:65,W9,L1,-750,220,415.541000,-415.541000,0.839126000,1
W9:64,W9,L1,-750,220,384.868000,-384.868000,1.024740000,1
W9:63,W9,L1,-750,220,320.513000,-320.513000,1.216858000,1
W9:62,W9,L1,-750,220,312.500000,-312.500000,0.500000000,1
W9:61,W9,L1,-750,220,292.683000,-292.683000,0.814046000,1
W9:60,W9,L1,-750,220,279.762000,-279.762000,0.691664000,1
W9:59,W9,L1,-750,220,270.349000,-270.349000,0.605735000,1
W9:58,W9,L1,-750,220,261.364000,-261.364000,0.602572000,1
W9:57,W9,L1,-750,220,252.778000,-252.778000,0.599355000,1
W9:56,W9,L1,-750,220,244.565000,-244.565000,0.596083000,1
W9:55,W9,L1,-750,220,239.362000,-239.362000,0.450000000,1
W9:54,W9,L1,-750,220,218.750000,-218.750000,0.843326000,1
W9:53,W9,L1,-750,220,214.286000,-214.286000,0.420000000,1
W9:46,W9,L1,-750,220,212.054000,-212.054000,0.735407000,1
W9:45,W9,L1,-750,220,210.526000,-210.526000,0.516259000,1
W9:47,W9,L1,-750,220,209.091000,-209.091000,0.772638000,1
W9:52,W9,L1,-750,220,207.500000,-207.500000,0.565736000,1
W9:49,W9,L1,-750,220,205.189000,-205.189000,0.812588000,1
W9:48,W9,L1,-750,220,203.704000,-203.704000,0.479722000,1
W9:51,W9,L1,-750,220,200.980000,-200.980000,0.562135000,1
W9:44,W9,L1,-750,220,200.431000,-200.431000,0.802114000,1
W9:50,W9,L1,-750,220,194.712000,-194.712000,0.558480000,1
W9:43,W9,L1,-750,220,188.559000,-188.559000,0.834102000,1
W9:42,W9,L1,-750,220,181.250000,-181.250000,0.700127000,1
W9:41,W9,L1,-750,220,170.082000,-170.082000,0.797491000,1
W9:40,W9,L1,-750,220,161.290000,-161.290000,0.725739000,1
W9:39,W9,L1,-750,220,158.730000,-158.730000,0.400000000,1
W9:38,W9,L1,-750,220,158.203000,-158.203000,0.487681000,1
W9:37,W9,L1,-750,220,150.000000,-150.000000,0.719619000,1
W9:34,W9,L1,-750,220,147.059000,-147.059000,0.613929000,1
W9:36,W9,L1,-750,220,145.833000,-145.833000,0.560617000,1
W9:35,W9,L1,-750,220,145.522000,-145.522000,0.483915000,1
W9:33,W9,L1,-750,220,144.928000,-144.928000,0.400000000,1
W9:32,W9,L1,-750,220,125.000000,-125.000000,0.932636000,1
W9:31,W9,L1,-750,220,123.239000,-123.239000,0.350000000,1
W9:30,W9,L1,-750,220,121.528000,-121.528000,0.350000000,1
W9:29,W9,L1,-750,220,119.863000,-119.863000,0.350000000,1
W9:28,W9,L1,-750,220,118.243000,-118.243000,0.350000000,1
W9:27,W9,L1,-750,220,116.667000,-116.667000,0.350000000,1
W9:26,W9,L1,-750,220,115.132000,-115.132000,0.350000000,1
W9:25,W9,L1,-750,220,103.896000,-103.896000,0.773823000,1
W9:24,W9,L1,-750,220,102.564000,-102.564000,0.320000000,1
W9:23,W9,L1,-750,220,98.101000,-98.101000,0.573304000,1
W9:22,W9,L1,-750,220,87.500000,-87.500000,0.709386000,1
W9:21,W9,L1,-750,220,83.333000,-83.333000,0.519292000,1
W9:20,W9,L1,-750,220,79.268000,-79.268000,0.506148000,1
W9:19,W9,L1,-750,220,75.301000,-75.301000,0.492801000,1
W9:18,W9,L1,-750,220,74.405000,-74.405000,0.250000000,1
W9:17,W9,L1,-750,220,73.529000,-73.529000,0.250000000,1
W9:16,W9,L1,-750,220,72.674000,-72.674000,0.250000000,1
W9:15,W9,L1,-750,220,71.839000,-71.839000,0.250000000,1
W9:14,W9,L1,-750,220,71.023000,-71.023000,0.250000000,1
W9:13,W9,L1,-750,220,70.225000,-70.225000,0.250000000,1
W9:12,W9,L1,-750,220,69.444000,-69.444000,0.250000000,1
W9:11,W9,L1,-750,220,68.681000,-68.681000,0.250000000,1
W9:10,W9,L1,-750,220,67.935000,-67.935000,0.250000000,1
W9:9,W9,L1,-750,220,67.204000,-67.204000,0.250000000,1
W9:8,W9,L1,-750,220,66.489000,-66.489000,0.250000000,1
W9:7,W9,L1,-750,220,65.789000,-65.789000,0.250000000,1
W9:6,W9,L1,-750,220,65.104000,-65.104000,0.250000000,1
W9:5,W9,L1,-750,220,64.433000,-64.433000,0.250000000,1
W9:4,W9,L1,-750,220,63.776000,-63.776000,0.250000000,1
W9:3,W9,L1,-750,220,63.131000,-63.131000,0.250000000,1
W9:2,W9,L1,-750,220,62.500000,-62.500000,0.250000000,1
W27:89,W27,L3,-495,0,3884.615000,-3884.615000,2.420219000,1
W27:88,W27,L3,-495,0,3562.500000,-3562.500000,2.283034000,1
W27:87,W27,L3,-495,0,3275.000000,-3275.000000,2.318235000,1
W27:86,W27,L3,-495,0,3046.875000,-3046.875000,2.157316000,1
W27:85,W27,L3,-495,0,2867.647000,-2867.647000,1.950000000,1
W27:84,W27,L3,-495,0,2569.444000,-2569.444000,2.796199000,1
W27:83,W27,L3,-495,0,2256.579000,-2256.579000,2.859319000,1
W27:82,W27,L3,-495,0,2056.250000,-2056.250000,2.412732000,1
W27:81,W27,L3,-495,0,1875.000000,-1875.000000,2.353958000,1
W27:80,W27,L3,-495,0,1744.318000,-1744.318000,2.081985000,1
W27:79,W27,L3,-495,0,1663.043000,-1663.043000,1.634388000,1
W27:77,W27,L3,-495,0,1000.000000,-1000.000000,1.589774000,1
W27:76,W27,L3,-495,0,913.462000,-913.462000,1.540879000,1
W27:75,W27,L3,-495,0,856.481000,-856.481000,1.311357000,1
W27:74,W27,L3,-495,0,803.571000,-803.571000,1.291709000,1
W27:73,W27,L3,-495,0,754.310000,-754.310000,1.271507000,1
W27:72,W27,L3,-495,0,745.833000,-745.833000,1.005490000,1
W27:71,W27,L3,-495,0,709.677000,-709.677000,1.174057000,1
W27:70,W27,L3,-495,0,671.875000,-671.875000,1.222425000,1
W27:68,W27,L3,-495,0,580.882000,-580.882000,1.337285000,1
W27:67,W27,L3,-495,0,557.143000,-557.143000,1.011647000,1
W27:69,W27,L3,-495,0,553.030000,-553.030000,1.730308000,1
W27:66,W27,L3,-495,0,531.250000,-531.250000,1.075575000,1
W27:65,W27,L3,-495,0,510.135000,-510.135000,0.993599000,1
W27:64,W27,L3,-495,0,473.684000,-473.684000,1.245179000,1
W27:63,W27,L3,-495,0,455.128000,-455.128000,0.952862000,1
W27:62,W27,L3,-495,0,437.500000,-437.500000,0.945970000,1
W27:61,W27,L3,-495,0,426.829000,-426.829000,0.700000000,1
W27:60,W27,L3,-495,0,416.667000,-416.667000,0.700000000,1
W27:59,W27,L3,-495,0,380.814000,-380.814000,1.269051000,1
W27:58,W27,L3,-495,0,369.318000,-369.318000,0.806454000,1
W27:57,W27,L3,-495,0,333.333000,-333.333000,1.235540000,1
W27:56,W27,L3,-495,0,326.087000,-326.087000,0.600000000,1
W27:55,W27,L3,-495,0,292.553000,-292.553000,1.171251000,1
W27:54,W27,L3,-495,0,286.458000,-286.458000,0.550000000,1
W27:53,W27,L3,-495,0,280.612000,-280.612000,0.550000000,1
W27:52,W27,L3,-495,0,275.000000,-275.000000,0.550000000,1
W27:51,W27,L3,-495,0,245.098000,-245.098000,1.114316000,1
W27:50,W27,L3,-495,0,240.385000,-240.385000,0.500000000,1
W27:49,W27,L3,-495,0,235.849000,-235.849000,0.500000000,1
W27:48,W27,L3,-495,0,162.037000,-162.037000,1.267334000,1
W27:47,W27,L3,-495,0,159.091000,-159.091000,0.350000000,1
W27:46,W27,L3,-495,0,156.250000,-156.250000,0.350000000,1
W27:37,W27,L3,-495,0,153.846000,-153.846000,1.026872000,1
W27:45,W27,L3,-495,0,153.509000,-153.509000,0.350000000,1
W27:36,W27,L3,-495,0,151.515000,-151.515000,0.400000000,1
W27:44,W27,L3,-495,0,150.862000,-150.862000,0.350000000,1
W27:35,W27,L3,-495,0,149.254000,-149.254000,0.400000000,1
W27:43,W27,L3,-495,0,148.305000,-148.305000,0.350000000,1
W27:34,W27,L3,-495,0,147.059000,-147.059000,0.400000000,1
W27:42,W27,L3,-495,0,145.833000,-145.833000,0.350000000,1
W27:33,W27,L3,-495,0,144.928000,-144.928000,0.400000000,1
W27:41,W27,L3,-495,0,143.443000,-143.443000,0.350000000,1
W27:32,W27,L3,-495,0,142.857000,-142.857000,0.400000000,1
W27:40,W27,L3,-495,0,141.129000,-141.129000,0.350000000,1
W27:39,W27,L3,-495,0,138.889000,-138.889000,0.350000000,1
W27:31,W27,L3,-495,0,123.239000,-123.239000,0.935884000,1
W27:30,W27,L3,-495,0,121.528000,-121.528000,0.350000000,1
W27:29,W27,L3,-495,0,119.863000,-119.863000,0.350000000,1
W27:28,W27,L3,-495,0,118.243000,-118.243000,0.350000000,1
W27:38,W27,L3,-495,0,117.188000,-117.188000,0.819082000,1
W27:27,W27,L3,-495,0,116.667000,-116.667000,0.350000000,1
W27:26,W27,L3,-495,0,115.132000,-115.132000,0.350000000,1
W27:25,W27,L3,-495,0,113.636000,-113.636000,0.350000000,1
W27:24,W27,L3,-495,0,96.154000,-96.154000,0.859913000,1
W27:23,W27,L3,-495,0,94.937000,-94.937000,0.300000000,1
W27:22,W27,L3,-495,0,93.750000,-93.750000,0.300000000,1
W27:21,W27,L3,-495,0,92.593000,-92.593000,0.300000000,1
W27:20,W27,L3,-495,0,91.463000,-91.463000,0.300000000,1
W27:19,W27,L3,-495,0,90.361000,-90.361000,0.300000000,1
W27:18,W27,L3,-495,0,86.310000,-86.310000,0.552760000,1
W27:17,W27,L3,-495,0,85.294000,-85.294000,0.290000000,1
W27:16,W27,L3,-495,0,84.302000,-84.302000,0.290000000,1
W27:15,W27,L3,-495,0,83.333000,-83.333000,0.290000000,1
W27:14,W27,L3,-495,0,82.386000,-82.386000,0.290000000,1
W27:13,W27,L3,-495,0,81.461000,-81.461000,0.290000000,1
W27:9,W27,L3,-495,0,80.645000,-80.645000,0.543768000,1
W27:12,W27,L3,-495,0,80.556000,-80.556000,0.290000000,1
W27:8,W27,L3,-495,0,79.787000,-79.787000,0.300000000,1
W27:11,W27,L3,-495,0,79.670000,-79.670000,0.290000000,1
W27:7,W27,L3,-495,0,78.947000,-78.947000,0.300000000,1
W27:10,W27,L3,-495,0,78.804000,-78.804000,0.290000000,1
W27:6,W27,L3,-495,0,78.125000,-78.125000,0.300000000,1
W27:5,W27,L3,-495,0,77.320000,-77.320000,0.300000000,1
W27:4,W27,L3,-495,0,76.531000,-76.531000,0.300000000,1
W27:3,W27,L3,-495,0,75.758000,-75.758000,0.300000000,1
W27:2,W27,L3,-495,0,75.000000,-75.000000,0.300000000,1
W8:88,W8,L1,-450,220,3125.000000,-3125.000000,2.667106000,1
W8:87,W8,L1,-450,220,2664.063000,-2664.063000,2.902701000,1
W8:86,W8,L1,-450,220,2352.941000,-2352.941000,2.495884000,1
W8:85,W8,L1,-450,220,2180.556000,-2180.556000,1.957321000,1
W8:84,W8,L1,-450,220,1986.842000,-1986.842000,2.162271000,1
W8:83,W8,L1,-450,220,1768.750000,-1768.750000,2.296372000,1
W8:82,W8,L1,-450,220,1565.476000,-1565.476000,2.222133000,1
W8:81,W8,L1,-450,220,1392.045000,-1392.045000,2.073797000,1
W8:80,W8,L1,-450,220,1195.652000,-1195.652000,2.103630000,1
W8:79,W8,L1,-450,220,1015.625000,-1015.625000,1.946436000,1
W8:78,W8,L1,-450,220,905.000000,-905.000000,1.596285000,1
W8:77,W8,L1,-450,220,841.346000,-841.346000,1.291985000,1
W8:76,W8,L1,-450,220,763.889000,-763.889000,1.394574000,1
W8:75,W8,L1,-450,220,709.821000,-709.821000,1.215901000,1
W8:74,W8,L1,-450,220,646.552000,-646.552000,1.284799000,1
W8:73,W8,L1,-450,220,625.000000,-625.000000,0.750000000,1
W8:72,W8,L1,-450,220,604.839000,-604.839000,0.750000000,1
W8:71,W8,L1,-450,220,585.938000,-585.938000,0.750000000,1
W8:70,W8,L1,-450,220,545.455000,-545.455000,1.164955000,1
W8:69,W8,L1,-450,220,477.941000,-477.941000,1.342303000,1
W8:68,W8,L1,-450,220,432.143000,-432.143000,1.140612000,1
W8:65,W8,L1,-450,220,384.868000,-384.868000,0.961910000,1
W8:67,W8,L1,-450,220,381.944000,-381.944000,1.128243000,1
W8:66,W8,L1,-450,220,371.622000,-371.622000,0.550000000,1
W8:64,W8,L1,-450,220,368.590000,-368.590000,0.801999000,1
W8:63,W8,L1,-450,220,356.250000,-356.250000,0.711086000,1
W8:60,W8,L1,-450,220,261.628000,-261.628000,0.887879000,1
W8:55,W8,L1,-450,220,260.417000,-260.417000,0.992209000,1
W8:59,W8,L1,-450,220,255.682000,-255.682000,0.450000000,1
W8:54,W8,L1,-450,220,255.102000,-255.102000,0.500000000,1
W8:53|W8:58,W8,L1,-450,220,250.000000,-250.000000,0.475000000,2
W8:57,W8,L1,-450,220,244.565000,-244.565000,0.450000000,1
W8:62,W8,L1,-450,220,243.902000,-243.902000,1.348214000,1
W8:56,W8,L1,-450,220,239.362000,-239.362000,0.450000000,1
W8:61,W8,L1,-450,220,238.095000,-238.095000,0.400000000,1
W8:52,W8,L1,-450,220,220.588000,-220.588000,1.032662000,1
W8:51,W8,L1,-450,220,216.346000,-216.346000,0.450000000,1
W8:50,W8,L1,-450,220,212.264000,-212.264000,0.450000000,1
W8:49,W8,L1,-450,220,208.333000,-208.333000,0.450000000,1
W8:48,W8,L1,-450,220,204.545000,-204.545000,0.450000000,1
W8:47,W8,L1,-450,220,200.893000,-200.893000,0.450000000,1
W8:46,W8,L1,-450,220,197.368000,-197.368000,0.450000000,1
W8:45,W8,L1,-450,220,193.966000,-193.966000,0.450000000,1
W8:44,W8,L1,-450,220,182.203000,-182.203000,0.812806000,1
W8:43,W8,L1,-450,220,175.000000,-175.000000,0.681242000,1
W8:42,W8,L1,-450,220,172.131000,-172.131000,0.420000000,1
W8:40,W8,L1,-450,220,166.667000,-166.667000,0.621316000,1
W8:41,W8,L1,-450,220,165.323000,-165.323000,0.673322000,1
W8:39,W8,L1,-450,220,156.250000,-156.250000,0.784458000,1
W8:38,W8,L1,-450,220,153.846000,-153.846000,0.400000000,1
W8:37,W8,L1,-450,220,151.515000,-151.515000,0.400000000,1
W8:36,W8,L1,-450,220,145.522000,-145.522000,0.658763000,1
W8:35,W8,L1,-450,220,143.382000,-143.382000,0.390000000,1
W8:34,W8,L1,-450,220,137.681000,-137.681000,0.649887000,1
W8:32,W8,L1,-450,220,130.282000,-130.282000,0.587811000,1
W8:33,W8,L1,-450,220,128.571000,-128.571000,0.740490000,1
W8:31,W8,L1,-450,220,128.472000,-128.472000,0.370000000,1
W8:30,W8,L1,-450,220,126.712000,-126.712000,0.370000000,1
W8:29,W8,L1,-450,220,125.000000,-125.000000,0.370000000,1
W8:28,W8,L1,-450,220,116.667000,-116.667000,0.737078000,1
W8:27,W8,L1,-450,220,111.842000,-111.842000,0.609741000,1
W8:26,W8,L1,-450,220,107.143000,-107.143000,0.597764000,1
W8:24,W8,L1,-450,220,98.101000,-98.101000,0.532570000,1
W8:23,W8,L1,-450,220,96.875000,-96.875000,0.310000000,1
W8:25,W8,L1,-450,220,96.154000,-96.154000,0.740895000,1
W8:22,W8,L1,-450,220,92.593000,-92.593000,0.562414000,1
W8:21,W8,L1,-450,220,85.366000,-85.366000,0.638619000,1
W8:20,W8,L1,-450,220,78.313000,-78.313000,0.606653000,1
W8:19,W8,L1,-450,220,74.405000,-74.405000,0.494181000,1
W8:18,W8,L1,-450,220,73.529000,-73.529000,0.250000000,1
W8:17,W8,L1,-450,220,72.674000,-72.674000,0.250000000,1
W8:16,W8,L1,-450,220,71.839000,-71.839000,0.250000000,1
W8:15,W8,L1,-450,220,71.023000,-71.023000,0.250000000,1
W8:14,W8,L1,-450,220,70.225000,-70.225000,0.250000000,1
W8:13,W8,L1,-450,220,69.444000,-69.444000,0.250000000,1
W8:12,W8,L1,-450,220,68.681000,-68.681000,0.250000000,1
W8:11,W8,L1,-450,220,67.935000,-67.935000,0.250000000,1
W8:10,W8,L1,-450,220,67.204000,-67.204000,0.250000000,1
W8:4,W8,L1,-450,220,55.556000,-55.556000,0.438684000,1
W8:5,W8,L1,-450,220,53.571000,-53.571000,0.422441000,1
W8:9,W8,L1,-450,220,53.191000,-53.191000,0.683608000,1
W8:8,W8,L1,-450,220,52.632000,-52.632000,0.200000000,1
W8:7,W8,L1,-450,220,52.083000,-52.083000,0.200000000,1
W8:6,W8,L1,-450,220,51.546000,-51.546000,0.200000000,1
W8:3,W8,L1,-450,220,50.000000,-50.000000,0.524804000,1
W7:90,W7,L1,-200,220,4062.500000,-4062.500000,2.244636000,1
W7:89,W7,L1,-200,220,3740.385000,-3740.385000,2.007203000,1
W7:88,W7,L1,-200,220,3455.357000,-3455.357000,2.062851000,1
W7:87,W7,L1,-200,220,3183.333000,-3183.333000,2.212613000,1
W7:86,W7,L1,-200,220,2968.750000,-2968.750000,2.044044000,1
W7:85,W7,L1,-200,220,2661.765000,-2661.765000,2.656757000,1
W7:84,W7,L1,-200,220,2430.556000,-2430.556000,2.410277000,1
W7:83,W7,L1,-200,220,2236.842000,-2236.842000,2.297475000,1
W7:82,W7,L1,-200,220,2068.750000,-2068.750000,2.224782000,1
W7:81,W7,L1,-200,220,1851.190000,-1851.190000,2.524409000,1
W7:80,W7,L1,-200,220,1659.091000,-1659.091000,2.400631000,1
W7:79,W7,L1,-200,220,1489.130000,-1489.130000,2.279611000,1
W7:78,W7,L1,-200,220,1328.125000,-1328.125000,2.207925000,1
W7:77,W7,L1,-200,220,1000.000000,-1000.000000,2.546736000,1
W7:76,W7,L1,-200,220,913.462000,-913.462000,1.540879000,1
W7:75,W7,L1,-200,220,824.074000,-824.074000,1.543697000,1
W7:74,W7,L1,-200,220,758.929000,-758.929000,1.365202000,1
W7:73,W7,L1,-200,220,732.759000,-732.759000,0.850000000,1
W7:72,W7,L1,-200,220,666.667000,-666.667000,1.394519000,1
W7:71,W7,L1,-200,220,645.161000,-645.161000,0.800000000,1
W7:70,W7,L1,-200,220,625.000000,-625.000000,0.800000000,1
W7:69,W7,L1,-200,220,568.182000,-568.182000,1.357087000,1
W7:68,W7,L1,-200,220,551.471000,-551.471000,0.750000000,1
W7:67,W7,L1,-200,220,535.714000,-535.714000,0.750000000,1
W7:66,W7,L1,-200,220,520.833000,-520.833000,0.750000000,1
W7:65,W7,L1,-200,220,506.757000,-506.757000,0.750000000,1
W7:64,W7,L1,-200,220,476.974000,-476.974000,1.158456000,1
W7:63,W7,L1,-200,220,448.718000,-448.718000,1.133571000,1
W7:61,W7,L1,-200,220,396.341000,-396.341000,1.162556000,1
W7:60,W7,L1,-200,220,386.905000,-386.905000,0.650000000,1
W7:59,W7,L1,-200,220,377.907000,-377.907000,0.650000000,1
W7:62,W7,L1,-200,220,375.000000,-375.000000,1.460472000,1
W7:58,W7,L1,-200,220,357.955000,-357.955000,1.019545000,1
W7:57,W7,L1,-200,220,344.444000,-344.444000,0.875396000,1
W7:56,W7,L1,-200,220,336.957000,-336.957000,0.620000000,1
W7:55,W7,L1,-200,220,308.511000,-308.511000,1.148399000,1
W7:54,W7,L1,-200,220,291.667000,-291.667000,0.948597000,1
W7:53,W7,L1,-200,220,270.408000,-270.408000,1.007777000,1
W7:52,W7,L1,-200,220,250.000000,-250.000000,0.969300000,1
W7:51,W7,L1,-200,220,245.098000,-245.098000,0.500000000,1
W7:50,W7,L1,-200,220,240.385000,-240.385000,0.500000000,1
W7:49,W7,L1,-200,220,226.415000,-226.415000,0.862004000,1
W7:48,W7,L1,-200,220,208.333000,-208.333000,0.912466000,1
W7:47,W7,L1,-200,220,181.818000,-181.818000,0.966599000,1
W7:46,W7,L1,-200,220,169.643000,-169.643000,0.731788000,1
W7:39,W7,L1,-200,220,158.730000,-158.730000,0.895058000,1
W7:45,W7,L1,-200,220,153.509000,-153.509000,0.768157000,1
W7:44,W7,L1,-200,220,150.862000,-150.862000,0.350000000,1
W7:43,W7,L1,-200,220,148.305000,-148.305000,0.350000000,1
W7:36,W7,L1,-200,220,147.727000,-147.727000,0.597609000,1
W7:35,W7,L1,-200,220,147.388000,-147.388000,0.487941000,1
W7:34,W7,L1,-200,220,147.059000,-147.059000,0.494555000,1
W7:37,W7,L1,-200,220,146.154000,-146.154000,0.774102000,1
W7:42,W7,L1,-200,220,145.833000,-145.833000,0.350000000,1
W7:41,W7,L1,-200,220,143.443000,-143.443000,0.350000000,1
W7:40,W7,L1,-200,220,141.129000,-141.129000,0.350000000,1
W7:33,W7,L1,-200,220,137.681000,-137.681000,0.768339000,1
W7:38,W7,L1,-200,220,136.719000,-136.719000,0.912398000,1
W7:32,W7,L1,-200,220,132.143000,-132.143000,0.638711000,1
W7:31,W7,L1,-200,220,126.761000,-126.761000,0.627378000,1
W7:30,W7,L1,-200,220,121.528000,-121.528000,0.615885000,1
W7:29,W7,L1,-200,220,119.863000,-119.863000,0.350000000,1
W7:28,W7,L1,-200,220,118.243000,-118.243000,0.350000000,1
W7:27,W7,L1,-200,220,110.000000,-110.000000,0.705608000,1
W7:26,W7,L1,-200,220,108.553000,-108.553000,0.330000000,1
W7:25,W7,L1,-200,220,103.896000,-103.896000,0.583902000,1
W7:23,W7,L1,-200,220,101.266000,-101.266000,0.545129000,1
W7:24,W7,L1,-200,220,99.359000,-99.359000,0.571637000,1
W7:22,W7,L1,-200,220,93.750000,-93.750000,0.667870000,1
W7:21,W7,L1,-200,220,92.593000,-92.593000,0.300000000,1
W7:20,W7,L1,-200,220,91.463000,-91.463000,0.300000000,1
W7:19,W7,L1,-200,220,90.361000,-90.361000,0.300000000,1
W7:18,W7,L1,-200,220,86.310000,-86.310000,0.552760000,1
W7:17,W7,L1,-200,220,82.353000,-82.353000,0.539757000,1
W7:16,W7,L1,-200,220,78.488000,-78.488000,0.526565000,1
W7:15,W7,L1,-200,220,71.839000,-71.839000,0.596281000,1
W7:14,W7,L1,-200,220,71.023000,-71.023000,0.250000000,1
W7:13,W7,L1,-200,220,70.225000,-70.225000,0.250000000,1
W7:12,W7,L1,-200,220,69.444000,-69.444000,0.250000000,1
W7:11,W7,L1,-200,220,68.681000,-68.681000,0.250000000,1
W7:10,W7,L1,-200,220,67.935000,-67.935000,0.250000000,1
W7:9,W7,L1,-200,220,67.204000,-67.204000,0.250000000,1
W7:8,W7,L1,-200,220,61.170000,-61.170000,0.571848000,1
W7:7,W7,L1,-200,220,57.895000,-57.895000,0.462228000,1
W7:6,W7,L1,-200,220,57.292000,-57.292000,0.220000000,1
W7:4,W7,L1,-200,220,56.122000,-56.122000,0.437502000,1
W7:3,W7,L1,-200,220,55.556000,-55.556000,0.220000000,1
W7:2,W7,L1,-200,220,55.000000,-55.000000,0.220000000,1
W7:5,W7,L1,-200,220,54.124000,-54.124000,0.448678000,1
W26:88,W26,L3,-160,0,3812.500000,-3812.500000,2.375271000,1
W26:87,W26,L3,-160,0,3416.667000,-3416.667000,2.832915000,1
W26:86,W26,L3,-160,0,3125.000000,-3125.000000,2.554415000,1
W26:85,W26,L3,-160,0,2867.647000,-2867.647000,2.525113000,1
W26:84,W26,L3,-160,0,2569.444000,-2569.444000,2.796199000,1
W26:83,W26,L3,-160,0,2302.632000,-2302.632000,2.707491000,1
W26:82,W26,L3,-160,0,2087.500000,-2087.500000,2.511667000,1
W26:81,W26,L3,-160,0,1845.238000,-1845.238000,2.630736000,1
W26:80,W26,L3,-160,0,1659.091000,-1659.091000,2.370309000,1
W26:79,W26,L3,-160,0,1483.696000,-1483.696000,2.302995000,1
W26:78,W26,L3,-160,0,1343.750000,-1343.750000,2.104794000,1
W26:77,W26,L3,-160,0,1200.000000,-1200.000000,2.100438000,1
W26:76,W26,L3,-160,0,1105.769000,-1105.769000,1.786598000,1
W26:75,W26,L3,-160,0,1018.519000,-1018.519000,1.739535000,1
W26:74,W26,L3,-160,0,741.071000,-741.071000,2.304036000,1
W26:73,W26,L3,-160,0,689.655000,-689.655000,1.230704000,1
W26:72,W26,L3,-160,0,625.000000,-625.000000,1.328212000,1
W26:71,W26,L3,-160,0,604.839000,-604.839000,0.750000000,1
W26:70,W26,L3,-160,0,585.938000,-585.938000,0.750000000,1
W26:69,W26,L3,-160,0,534.091000,-534.091000,1.261976000,1
W26:68,W26,L3,-160,0,522.059000,-522.059000,0.339572000,1
W26:67,W26,L3,-160,0,510.714000,-510.714000,0.300502000,1
W26:65,W26,L3,-160,0,506.757000,-506.757000,1.096830000,1
W26:66,W26,L3,-160,0,500.000000,-500.000000,0.229753000,1
W26:64,W26,L3,-160,0,427.632000,-427.632000,1.525717000,1
W26:63,W26,L3,-160,0,416.667000,-416.667000,0.650000000,1
W26:62,W26,L3,-160,0,387.500000,-387.500000,1.083356000,1
W26:61,W26,L3,-160,0,365.854000,-365.854000,0.966974000,1
W26:60,W26,L3,-160,0,357.143000,-357.143000,0.600000000,1
W26:59,W26,L3,-160,0,340.116000,-340.116000,0.899226000,1
W26:58,W26,L3,-160,0,326.705000,-326.705000,0.820278000,1
W26:57,W26,L3,-160,0,316.667000,-316.667000,0.723789000,1
W26:56,W26,L3,-160,0,307.065000,-307.065000,0.720879000,1
W26:55,W26,L3,-160,0,300.532000,-300.532000,0.565000000,1
W26:54,W26,L3,-160,0,289.063000,-289.063000,0.810762000,1
W26:53,W26,L3,-160,0,255.102000,-255.102000,1.133212000,1
W26:52,W26,L3,-160,0,250.000000,-250.000000,0.500000000,1
W26:51,W26,L3,-160,0,220.588000,-220.588000,1.032662000,1
W26:50,W26,L3,-160,0,216.346000,-216.346000,0.450000000,1
W26:49,W26,L3,-160,0,188.679000,-188.679000,0.957955000,1
W26:48,W26,L3,-160,0,162.037000,-162.037000,0.875331000,1
W26:47,W26,L3,-160,0,159.091000,-159.091000,0.350000000,1
W26:46,W26,L3,-160,0,156.250000,-156.250000,0.350000000,1
W26:45,W26,L3,-160,0,153.509000,-153.509000,0.350000000,1
W26:28,W26,L3,-160,0,152.027000,-152.027000,1.023894000,1
W26:41,W26,L3,-160,0,151.639000,-151.639000,0.676233000,1
W26:36,W26,L3,-160,0,151.515000,-151.515000,0.608530000,1
W26:44,W26,L3,-160,0,150.862000,-150.862000,0.350000000,1
W26:39,W26,L3,-160,0,150.794000,-150.794000,0.578583000,1
W26:27|W26:37,W26,L3,-160,0,150.000000,-150.000000,0.522458500,2
W26:35,W26,L3,-160,0,149.254000,-149.254000,0.400000000,1
W26:40,W26,L3,-160,0,149.194000,-149.194000,0.370000000,1
W26:38,W26,L3,-160,0,148.438000,-148.438000,0.380000000,1
W26:43,W26,L3,-160,0,148.305000,-148.305000,0.350000000,1
W26:26,W26,L3,-160,0,148.026000,-148.026000,0.450000000,1
W26:34,W26,L3,-160,0,147.059000,-147.059000,0.400000000,1
W26:25,W26,L3,-160,0,146.104000,-146.104000,0.450000000,1
W26:42,W26,L3,-160,0,145.833000,-145.833000,0.350000000,1
W26:33,W26,L3,-160,0,144.928000,-144.928000,0.400000000,1
W26:32,W26,L3,-160,0,142.857000,-142.857000,0.400000000,1
W26:31,W26,L3,-160,0,140.845000,-140.845000,0.400000000,1
W26:30,W26,L3,-160,0,138.889000,-138.889000,0.400000000,1
W26:29,W26,L3,-160,0,136.986000,-136.986000,0.400000000,1
W26:24,W26,L3,-160,0,128.205000,-128.205000,1.052535000,1
W26:23,W26,L3,-160,0,107.595000,-107.595000,0.994977000,1
W26:12,W26,L3,-160,0,83.333000,-83.333000,0.779571000,1
W26:19,W26,L3,-160,0,82.831000,-82.831000,0.408600000,1
W26:22,W26,L3,-160,0,82.812000,-82.812000,0.907912000,1
W26:11,W26,L3,-160,0,82.418000,-82.418000,0.300000000,1
W26:14,W26,L3,-160,0,82.386000,-82.386000,0.431770000,1
W26:17,W26,L3,-160,0,82.353000,-82.353000,0.416816000,1
W26:20,W26,L3,-160,0,82.317000,-82.317000,0.401862000,1
W26:15,W26,L3,-160,0,81.897000,-81.897000,0.425029000,1
W26:18,W26,L3,-160,0,81.845000,-81.845000,0.275000000,1
W26:21,W26,L3,-160,0,81.790000,-81.790000,0.265000000,1
W26:10,W26,L3,-160,0,81.522000,-81.522000,0.300000000,1
W26:16,W26,L3,-160,0,81.395000,-81.395000,0.280000000,1
W26:9,W26,L3,-160,0,80.645000,-80.645000,0.300000000,1
W26:8,W26,L3,-160,0,79.787000,-79.787000,0.300000000,1
W26:7,W26,L3,-160,0,78.947000,-78.947000,0.300000000,1
W26:6,W26,L3,-160,0,78.125000,-78.125000,0.300000000,1
W26:5,W26,L3,-160,0,77.320000,-77.320000,0.300000000,1
W26:4,W26,L3,-160,0,76.531000,-76.531000,0.300000000,1
W26:3,W26,L3,-160,0,75.758000,-75.758000,0.300000000,1
W26:2,W26,L3,-160,0,75.000000,-75.000000,0.300000000,1
W26:13,W26,L3,-160,0,70.225000,-70.225000,0.731121000,1
W6:89,W6,L1,-50,220,3509.615000,-3509.615000,2.835873000,1
W6:88,W6,L1,-50,220,3169.643000,-3169.643000,2.263708000,1
W6:87,W6,L1,-50,220,2883.333000,-2883.333000,2.201563000,1
W6:86,W6,L1,-50,220,2656.250000,-2656.250000,2.060845000,1
W6:85,W6,L1,-50,220,2433.824000,-2433.824000,2.164495000,1
W6:84,W6,L1,-50,220,2263.889000,-2263.889000,1.969158000,1
W6:83,W6,L1,-50,220,2072.368000,-2072.368000,2.198464000,1
W6:82,W6,L1,-50,220,1918.750000,-1918.750000,2.047816000,1
W6:81,W6,L1,-50,220,1744.048000,-1744.048000,2.223942000,1
W6:80,W6,L1,-50,220,1562.500000,-1562.500000,2.264037000,1
W6:79,W6,L1,-50,220,1358.696000,-1358.696000,2.310563000,1
W6:78,W6,L1,-50,220,1057.292000,-1057.292000,2.417968000,1
W6:77,W6,L1,-50,220,950.000000,-950.000000,1.625759000,1
W6:76,W6,L1,-50,220,841.346000,-841.346000,1.598106000,1
W6:75,W6,L1,-50,220,791.667000,-791.667000,1.179054000,1
W6:74,W6,L1,-50,220,754.464000,-754.464000,1.046128000,1
W6:73,W6,L1,-50,220,719.828000,-719.828000,1.040849000,1
W6:72,W6,L1,-50,220,679.167000,-679.167000,1.156523000,1
W6:71,W6,L1,-50,220,653.226000,-653.226000,0.934619000,1
W6:70,W6,L1,-50,220,617.188000,-617.188000,1.141930000,1
W6:69,W6,L1,-50,220,579.545000,-579.545000,1.173112000,1
W6:68,W6,L1,-50,220,544.118000,-544.118000,1.150004000,1
W6:67,W6,L1,-50,220,517.857000,-517.857000,1.024515000,1
W6:66,W6,L1,-50,220,475.694000,-475.694000,1.223398000,1
W6:65,W6,L1,-50,220,445.946000,-445.946000,1.070951000,1
W6:64,W6,L1,-50,220,417.763000,-417.763000,1.045446000,1
W6:63,W6,L1,-50,220,397.436000,-397.436000,0.923075000,1
W6:62,W6,L1,-50,220,378.125000,-378.125000,0.909929000,1
W6:61,W6,L1,-50,220,365.854000,-365.854000,0.745540000,1
W6:60,W6,L1,-50,220,357.143000,-357.143000,0.600000000,1
W6:59,W6,L1,-50,220,319.767000,-319.767000,1.146786000,1
W6:58,W6,L1,-50,220,312.500000,-312.500000,0.550000000,1
W6:57,W6,L1,-50,220,277.778000,-277.778000,1.081444000,1
W6:56,W6,L1,-50,220,271.739000,-271.739000,0.500000000,1
W6:55,W6,L1,-50,220,212.766000,-212.766000,1.151787000,1
W6:52,W6,L1,-50,220,200.000000,-200.000000,0.842610000,1
W6:51,W6,L1,-50,220,196.078000,-196.078000,0.400000000,1
W6:50,W6,L1,-50,220,192.308000,-192.308000,0.400000000,1
W6:49,W6,L1,-50,220,188.679000,-188.679000,0.400000000,1
W6:48,W6,L1,-50,220,185.185000,-185.185000,0.400000000,1
W6:47,W6,L1,-50,220,184.091000,-184.091000,0.460134000,1
W6:54,W6,L1,-50,220,182.292000,-182.292000,0.850610000,1
W6:53,W6,L1,-50,220,178.571000,-178.571000,0.350000000,1
W6:46,W6,L1,-50,220,160.714000,-160.714000,0.873753000,1
W6:45,W6,L1,-50,220,153.509000,-153.509000,0.584892000,1
W6:43,W6,L1,-50,220,135.593000,-135.593000,0.600779000,1
W6:44,W6,L1,-50,220,129.310000,-129.310000,0.799542000,1
W6:38,W6,L1,-50,220,128.906000,-128.906000,0.525125000,1
W6:39,W6,L1,-50,220,126.984000,-126.984000,0.611491000,1
W6:40,W6,L1,-50,220,120.968000,-120.968000,0.708455000,1
W6:16,W6,L1,-50,220,116.279000,-116.279000,0.970046000,1
W6:37,W6,L1,-50,220,115.385000,-115.385000,0.708832000,1
W6:15,W6,L1,-50,220,114.943000,-114.943000,0.400000000,1
W6:14|W6:36,W6,L1,-50,220,113.636000,-113.636000,0.350000000,2
W6:13,W6,L1,-50,220,112.360000,-112.360000,0.400000000,1
W6:35,W6,L1,-50,220,111.940000,-111.940000,0.300000000,1
W6:12,W6,L1,-50,220,111.111000,-111.111000,0.400000000,1
W6:23,W6,L1,-50,220,110.759000,-110.759000,0.695221000,1
W6:34,W6,L1,-50,220,110.294000,-110.294000,0.300000000,1
W6:22,W6,L1,-50,220,109.375000,-109.375000,0.350000000,1
W6:33,W6,L1,-50,220,108.696000,-108.696000,0.300000000,1
W6:21,W6,L1,-50,220,108.025000,-108.025000,0.350000000,1
W6:32,W6,L1,-50,220,107.143000,-107.143000,0.300000000,1
W6:20,W6,L1,-50,220,106.707000,-106.707000,0.350000000,1
W6:24,W6,L1,-50,220,105.769000,-105.769000,0.555570000,1
W6:31,W6,L1,-50,220,105.634000,-105.634000,0.300000000,1
W6:19,W6,L1,-50,220,105.422000,-105.422000,0.350000000,1
W6:18|W6:30|W6:42,W6,L1,-50,220,104.167000,-104.167000,0.481537333,3
W6:25,W6,L1,-50,220,103.896000,-103.896000,0.645131000,1
W6:17,W6,L1,-50,220,102.941000,-102.941000,0.350000000,1
W6:29,W6,L1,-50,220,102.740000,-102.740000,0.300000000,1
W6:41,W6,L1,-50,220,102.459000,-102.459000,0.250000000,1
W6:28,W6,L1,-50,220,101.351000,-101.351000,0.300000000,1
W6:27,W6,L1,-50,220,100.000000,-100.000000,0.300000000,1
W6:26,W6,L1,-50,220,98.684000,-98.684000,0.300000000,1
W6:11,W6,L1,-50,220,96.154000,-96.154000,0.994718000,1
W6:10,W6,L1,-50,220,95.109000,-95.109000,0.350000000,1
W6:9,W6,L1,-50,220,80.645000,-80.645000,0.898032000,1
W6:8,W6,L1,-50,220,79.787000,-79.787000,0.300000000,1
W6:7,W6,L1,-50,220,78.947000,-78.947000,0.300000000,1
W6:6,W6,L1,-50,220,78.125000,-78.125000,0.300000000,1
W6:5,W6,L1,-50,220,77.320000,-77.320000,0.300000000,1
W6:4,W6,L1,-50,220,68.878000,-68.878000,0.726322000,1
W6:3,W6,L1,-50,220,65.657000,-65.657000,0.528965000,1
W6:2,W6,L1,-50,220,62.500000,-62.500000,0.514841000,1
W12:88,W12,L2,0,-995,3839.286000,-3839.286000,3.000251000,1
W12:87,W12,L2,0,-995,3333.333000,-3333.333000,3.134339000,1
W12:86,W12,L2,0,-995,2968.750000,-2968.750000,2.789151000,1
W12:85,W12,L2,0,-995,2705.882000,-2705.882000,2.485256000,1
W12:84,W12,L2,0,-995,2520.833000,-2520.833000,2.161753000,1
W12:83,W12,L2,0,-995,2361.842000,-2361.842000,2.096545000,1
W12:82,W12,L2,0,-995,2206.250000,-2206.250000,2.195653000,1
W12:81,W12,L2,0,-995,2083.333000,-2083.333000,2.006810000,1
W12:80,W12,L2,0,-995,1931.818000,-1931.818000,2.358504000,1
W12:78,W12,L2,0,-995,989.583000,-989.583000,1.514878000,1
W12:77,W12,L2,0,-995,820.000000,-820.000000,1.756163000,1
W12:76,W12,L2,0,-995,721.154000,-721.154000,1.400311000,1
W12:75,W12,L2,0,-995,694.444000,-694.444000,0.750000000,1
W12:74,W12,L2,0,-995,669.643000,-669.643000,0.750000000,1
W12:73,W12,L2,0,-995,603.448000,-603.448000,1.251479000,1
W12:72,W12,L2,0,-995,583.333000,-583.333000,0.700000000,1
W12:71,W12,L2,0,-995,564.516000,-564.516000,0.700000000,1
W12:70,W12,L2,0,-995,507.813000,-507.813000,1.210834000,1
W12:69,W12,L2,0,-995,492.424000,-492.424000,0.650000000,1
W12:68,W12,L2,0,-995,477.941000,-477.941000,0.650000000,1
W12:67,W12,L2,0,-995,464.286000,-464.286000,0.650000000,1
W12:66,W12,L2,0,-995,451.389000,-451.389000,0.650000000,1
W12:65,W12,L2,0,-995,439.189000,-439.189000,0.650000000,1
W12:64,W12,L2,0,-995,394.737000,-394.737000,1.187425000,1
W12:63,W12,L2,0,-995,384.615000,-384.615000,0.600000000,1
W12:62,W12,L2,0,-995,375.000000,-375.000000,0.600000000,1
W12:61,W12,L2,0,-995,365.854000,-365.854000,0.600000000,1
W12:60,W12,L2,0,-995,327.381000,-327.381000,1.140419000,1
W12:59,W12,L2,0,-995,319.767000,-319.767000,0.550000000,1
W12:58,W12,L2,0,-995,312.500000,-312.500000,0.550000000,1
W12:57,W12,L2,0,-995,305.556000,-305.556000,0.550000000,1
W12:56,W12,L2,0,-995,298.913000,-298.913000,0.550000000,1
W12:55,W12,L2,0,-995,292.553000,-292.553000,0.550000000,1
W12:52,W12,L2,0,-995,262.500000,-262.500000,0.828253000,1
W12:51,W12,L2,0,-995,262.255000,-262.255000,0.686271000,1
W12:54,W12,L2,0,-995,260.417000,-260.417000,1.098249000,1
W12:53,W12,L2,0,-995,257.653000,-257.653000,0.493498000,1
W12:50,W12,L2,0,-995,192.308000,-192.308000,1.311054000,1
W12:49,W12,L2,0,-995,188.679000,-188.679000,0.400000000,1
W12:48,W12,L2,0,-995,162.037000,-162.037000,0.875331000,1
W12:47,W12,L2,0,-995,159.091000,-159.091000,0.350000000,1
W12:46,W12,L2,0,-995,156.250000,-156.250000,0.350000000,1
W12:45,W12,L2,0,-995,153.509000,-153.509000,0.350000000,1
W12:44,W12,L2,0,-995,150.862000,-150.862000,0.350000000,1
W12:43,W12,L2,0,-995,148.305000,-148.305000,0.350000000,1
W12:42,W12,L2,0,-995,145.833000,-145.833000,0.350000000,1
W12:28,W12,L2,0,-995,118.243000,-118.243000,0.839233000,1
W12:27,W12,L2,0,-995,116.667000,-116.667000,0.350000000,1
W12:26,W12,L2,0,-995,115.132000,-115.132000,0.350000000,1
W12:25|W12:36,W12,L2,0,-995,113.636000,-113.636000,0.534983000,2
W12:24,W12,L2,0,-995,112.179000,-112.179000,0.350000000,1
W12:35,W12,L2,0,-995,111.940000,-111.940000,0.300000000,1
W12:34,W12,L2,0,-995,110.294000,-110.294000,0.300000000,1
W12:33,W12,L2,0,-995,108.696000,-108.696000,0.300000000,1
W12:32,W12,L2,0,-995,107.143000,-107.143000,0.300000000,1
W12:31,W12,L2,0,-995,105.634000,-105.634000,0.300000000,1
W12:30,W12,L2,0,-995,104.167000,-104.167000,0.300000000,1
W12:29,W12,L2,0,-995,102.740000,-102.740000,0.300000000,1
W12:41,W12,L2,0,-995,102.459000,-102.459000,0.908422000,1
W12:40,W12,L2,0,-995,100.806000,-100.806000,0.250000000,1
W12:39,W12,L2,0,-995,99.206000,-99.206000,0.250000000,1
W12:38,W12,L2,0,-995,97.656000,-97.656000,0.250000000,1
W12:37,W12,L2,0,-995,96.154000,-96.154000,0.250000000,1
W12:23,W12,L2,0,-995,79.114000,-79.114000,0.968769000,1
W12:22,W12,L2,0,-995,78.125000,-78.125000,0.250000000,1
W12:21,W12,L2,0,-995,77.160000,-77.160000,0.250000000,1
W12:20,W12,L2,0,-995,76.220000,-76.220000,0.250000000,1
W12:19,W12,L2,0,-995,75.301000,-75.301000,0.250000000,1
W12:18,W12,L2,0,-995,74.405000,-74.405000,0.250000000,1
W12:17,W12,L2,0,-995,73.529000,-73.529000,0.250000000,1
W12:16,W12,L2,0,-995,72.674000,-72.674000,0.250000000,1
W12:12,W12,L2,0,-995,55.556000,-55.556000,0.557842000,1
W12:11,W12,L2,0,-995,54.945000,-54.945000,0.200000000,1
W12:10,W12,L2,0,-995,54.348000,-54.348000,0.200000000,1
W12:9,W12,L2,0,-995,53.763000,-53.763000,0.200000000,1
W12:8,W12,L2,0,-995,53.191000,-53.191000,0.200000000,1
W12:7,W12,L2,0,-995,52.632000,-52.632000,0.200000000,1
W12:6,W12,L2,0,-995,52.083000,-52.083000,0.200000000,1
W12:5,W12,L2,0,-995,51.546000,-51.546000,0.200000000,1
W12:4,W12,L2,0,-995,51.020000,-51.020000,0.200000000,1
W12:3,W12,L2,0,-995,50.505000,-50.505000,0.200000000,1
W12:2,W12,L2,0,-995,50.000000,-50.000000,0.200000000,1
W12:15,W12,L2,0,-995,43.103000,-43.103000,0.737794000,1
W12:14,W12,L2,0,-995,42.614000,-42.614000,0.150000000,1
W12:13,W12,L2,0,-995,42.135000,-42.135000,0.150000000,1
W13:89,W13,L2,0,-720,3846.154000,-3846.154000,2.547332000,1
W13:88,W13,L2,0,-720,3482.143000,-3482.143000,2.450050000,1
W13:87,W13,L2,0,-720,3191.667000,-3191.667000,2.312664000,1
W13:86,W13,L2,0,-720,2859.375000,-2859.375000,2.617629000,1
W13:85,W13,L2,0,-720,2661.765000,-2661.765000,2.085925000,1
W13:84,W13,L2,0,-720,2472.222000,-2472.222000,2.178714000,1
W13:83,W13,L2,0,-720,2328.947000,-2328.947000,1.936588000,1
W13:82,W13,L2,0,-720,2156.250000,-2156.250000,2.301737000,1
W13:81,W13,L2,0,-720,2023.810000,-2023.810000,2.085024000,1
W13:80,W13,L2,0,-720,1875.000000,-1875.000000,2.302256000,1
W13:78,W13,L2,0,-720,989.583000,-989.583000,1.514878000,1
W13:77,W13,L2,0,-720,835.000000,-835.000000,1.717221000,1
W13:76,W13,L2,0,-720,721.154000,-721.154000,1.474664000,1
W13:75,W13,L2,0,-720,694.444000,-694.444000,0.750000000,1
W13:74,W13,L2,0,-720,625.000000,-625.000000,1.241631000,1
W13:73,W13,L2,0,-720,603.448000,-603.448000,0.700000000,1
W13:72,W13,L2,0,-720,583.333000,-583.333000,0.700000000,1
W13:71,W13,L2,0,-720,564.516000,-564.516000,0.700000000,1
W13:70,W13,L2,0,-720,546.875000,-546.875000,0.700000000,1
W13:69,W13,L2,0,-720,530.303000,-530.303000,0.700000000,1
W13:68,W13,L2,0,-720,477.941000,-477.941000,1.227821000,1
W13:67,W13,L2,0,-720,464.286000,-464.286000,0.650000000,1
W13:66,W13,L2,0,-720,451.389000,-451.389000,0.650000000,1
W13:65,W13,L2,0,-720,405.405000,-405.405000,1.180054000,1
W13:64,W13,L2,0,-720,394.737000,-394.737000,0.600000000,1
W13:63,W13,L2,0,-720,352.564000,-352.564000,1.120648000,1
W13:62,W13,L2,0,-720,343.750000,-343.750000,0.550000000,1
W13:61,W13,L2,0,-720,335.366000,-335.366000,0.550000000,1
W13:60,W13,L2,0,-720,327.381000,-327.381000,0.550000000,1
W13:59,W13,L2,0,-720,319.767000,-319.767000,0.550000000,1
W13:58,W13,L2,0,-720,312.500000,-312.500000,0.550000000,1
W13:57,W13,L2,0,-720,305.556000,-305.556000,0.550000000,1
W13:56,W13,L2,0,-720,298.913000,-298.913000,0.550000000,1
W13:54,W13,L2,0,-720,286.458000,-286.458000,0.899373000,1
W13:48,W13,L2,0,-720,284.722000,-284.722000,0.873986000,1
W13:49,W13,L2,0,-720,283.019000,-283.019000,0.854019000,1
W13:50,W13,L2,0,-720,281.250000,-281.250000,0.834042000,1
W13:53,W13,L2,0,-720,280.612000,-280.612000,0.550000000,1
W13:51,W13,L2,0,-720,279.412000,-279.412000,1.202438000,1
W13:55,W13,L2,0,-720,279.255000,-279.255000,0.947573000,1
W13:52,W13,L2,0,-720,250.000000,-250.000000,1.109038000,1
W13:47,W13,L2,0,-720,204.545000,-204.545000,1.541992000,1
W13:46,W13,L2,0,-720,178.571000,-178.571000,0.970836000,1
W13:45,W13,L2,0,-720,153.509000,-153.509000,0.886944000,1
W13:44,W13,L2,0,-720,150.862000,-150.862000,0.350000000,1
W13:43,W13,L2,0,-720,148.305000,-148.305000,0.350000000,1
W13:42,W13,L2,0,-720,145.833000,-145.833000,0.350000000,1
W13:41,W13,L2,0,-720,143.443000,-143.443000,0.350000000,1
W13:40,W13,L2,0,-720,141.129000,-141.129000,0.350000000,1
W13:38,W13,L2,0,-720,136.719000,-136.719000,0.808361000,1
W13:39,W13,L2,0,-720,119.048000,-119.048000,0.815922000,1
W13:37,W13,L2,0,-720,115.385000,-115.385000,0.822206000,1
W13:36,W13,L2,0,-720,113.636000,-113.636000,0.300000000,1
W13:35,W13,L2,0,-720,111.940000,-111.940000,0.300000000,1
W13:34,W13,L2,0,-720,110.294000,-110.294000,0.300000000,1
W13:33,W13,L2,0,-720,108.696000,-108.696000,0.300000000,1
W13:32,W13,L2,0,-720,107.143000,-107.143000,0.300000000,1
W13:31,W13,L2,0,-720,105.634000,-105.634000,0.300000000,1
W13:30,W13,L2,0,-720,104.167000,-104.167000,0.300000000,1
W13:29,W13,L2,0,-720,102.740000,-102.740000,0.300000000,1
W13:28,W13,L2,0,-720,101.351000,-101.351000,0.300000000,1
W13:27,W13,L2,0,-720,100.000000,-100.000000,0.300000000,1
W13:26,W13,L2,0,-720,98.684000,-98.684000,0.300000000,1
W13:25,W13,L2,0,-720,97.403000,-97.403000,0.300000000,1
W13:24,W13,L2,0,-720,80.128000,-80.128000,0.758513000,1
W13:23,W13,L2,0,-720,79.114000,-79.114000,0.250000000,1
W13:22,W13,L2,0,-720,78.125000,-78.125000,0.250000000,1
W13:21,W13,L2,0,-720,77.160000,-77.160000,0.250000000,1
W13:20,W13,L2,0,-720,76.220000,-76.220000,0.250000000,1
W13:19,W13,L2,0,-720,75.301000,-75.301000,0.250000000,1
W13:18,W13,L2,0,-720,74.405000,-74.405000,0.250000000,1
W13:17,W13,L2,0,-720,73.529000,-73.529000,0.250000000,1
W13:16,W13,L2,0,-720,72.674000,-72.674000,0.250000000,1
W13:15,W13,L2,0,-720,71.839000,-71.839000,0.250000000,1
W13:14,W13,L2,0,-720,71.023000,-71.023000,0.250000000,1
W13:13,W13,L2,0,-720,70.225000,-70.225000,0.250000000,1
W13:12,W13,L2,0,-720,69.444000,-69.444000,0.250000000,1
W13:11,W13,L2,0,-720,68.681000,-68.681000,0.250000000,1
W13:10,W13,L2,0,-720,67.935000,-67.935000,0.250000000,1
W13:9,W13,L2,0,-720,53.763000,-53.763000,0.681796000,1
W13:8,W13,L2,0,-720,53.191000,-53.191000,0.200000000,1
W13:7,W13,L2,0,-720,52.632000,-52.632000,0.200000000,1
W13:6,W13,L2,0,-720,52.083000,-52.083000,0.200000000,1
W13:5,W13,L2,0,-720,51.546000,-51.546000,0.200000000,1
W13:4,W13,L2,0,-720,51.020000,-51.020000,0.200000000,1
W13:3,W13,L2,0,-720,50.505000,-50.505000,0.200000000,1
W13:2,W13,L2,0,-720,50.000000,-50.000000,0.200000000,1
W14:88,W14,L2,0,-445,3750.000000,-3750.000000,2.914586000,1
W14:87,W14,L2,0,-445,3333.333000,-3333.333000,2.868677000,1
W14:86,W14,L2,0,-445,3007.813000,-3007.813000,2.659482000,1
W14:85,W14,L2,0,-445,2676.471000,-2676.471000,2.758315000,1
W14:84,W14,L2,0,-445,2444.444000,-2444.444000,2.421433000,1
W14:83,W14,L2,0,-445,2250.000000,-2250.000000,2.308517000,1
W14:82,W14,L2,0,-445,2068.750000,-2068.750000,2.309804000,1
W14:81,W14,L2,0,-445,1910.714000,-1910.714000,2.232242000,1
W14:80,W14,L2,0,-445,1761.364000,-1761.364000,2.231082000,1
W14:79,W14,L2,0,-445,1250.000000,-1250.000000,3.116037000,1
W14:78,W14,L2,0,-445,937.500000,-937.500000,2.277094000,1
W14:77,W14,L2,0,-445,845.000000,-845.000000,1.428709000,1
W14:76,W14,L2,0,-445,725.962000,-725.962000,1.505152000,1
W14:75,W14,L2,0,-445,648.148000,-648.148000,1.261247000,1
W14:74,W14,L2,0,-445,625.000000,-625.000000,0.700000000,1
W14:73,W14,L2,0,-445,603.448000,-603.448000,0.700000000,1
W14:72,W14,L2,0,-445,541.667000,-541.667000,1.193100000,1
W14:71,W14,L2,0,-445,524.194000,-524.194000,0.650000000,1
W14:70,W14,L2,0,-445,460.937000,-460.937000,1.182584000,1
W14:69,W14,L2,0,-445,454.545000,-454.545000,0.620741000,1
W14:68,W14,L2,0,-445,444.853000,-444.853000,0.348508000,1
W14:67,W14,L2,0,-445,432.143000,-432.143000,0.605000000,1
W14:66,W14,L2,0,-445,420.139000,-420.139000,0.605000000,1
W14:65,W14,L2,0,-445,405.405000,-405.405000,0.734752000,1
W14:64,W14,L2,0,-445,394.737000,-394.737000,0.600000000,1
W14:63,W14,L2,0,-445,384.615000,-384.615000,0.600000000,1
W14:62,W14,L2,0,-445,375.000000,-375.000000,0.600000000,1
W14:61,W14,L2,0,-445,365.854000,-365.854000,0.600000000,1
W14:60,W14,L2,0,-445,330.357000,-330.357000,1.116357000,1
W14:59,W14,L2,0,-445,319.767000,-319.767000,0.697399000,1
W14:58,W14,L2,0,-445,312.500000,-312.500000,0.550000000,1
W14:57,W14,L2,0,-445,305.556000,-305.556000,0.550000000,1
W14:56,W14,L2,0,-445,298.913000,-298.913000,0.550000000,1
W14:55,W14,L2,0,-445,292.553000,-292.553000,0.550000000,1
W14:54,W14,L2,0,-445,286.458000,-286.458000,0.550000000,1
W14:53,W14,L2,0,-445,285.714000,-285.714000,0.697547000,1
W14:51,W14,L2,0,-445,276.961000,-276.961000,0.809031000,1
W14:52,W14,L2,0,-445,275.000000,-275.000000,0.811396000,1
W14:50,W14,L2,0,-445,240.385000,-240.385000,1.205452000,1
W14:49,W14,L2,0,-445,235.849000,-235.849000,0.500000000,1
W14:48,W14,L2,0,-445,231.481000,-231.481000,0.500000000,1
W14:47,W14,L2,0,-445,159.091000,-159.091000,1.273127000,1
W14:46,W14,L2,0,-445,156.250000,-156.250000,0.350000000,1
W14:45,W14,L2,0,-445,153.509000,-153.509000,0.350000000,1
W14:44,W14,L2,0,-445,150.862000,-150.862000,0.350000000,1
W14:43,W14,L2,0,-445,148.305000,-148.305000,0.350000000,1
W14:42,W14,L2,0,-445,145.833000,-145.833000,0.350000000,1
W14:41,W14,L2,0,-445,143.443000,-143.443000,0.350000000,1
W14:40,W14,L2,0,-445,141.129000,-141.129000,0.350000000,1
W14:39,W14,L2,0,-445,138.889000,-138.889000,0.350000000,1
W14:38,W14,L2,0,-445,136.719000,-136.719000,0.350000000,1
W14:29,W14,L2,0,-445,119.863000,-119.863000,0.836297000,1
W14:28,W14,L2,0,-445,118.243000,-118.243000,0.350000000,1
W14:27,W14,L2,0,-445,116.667000,-116.667000,0.350000000,1
W14:37,W14,L2,0,-445,115.385000,-115.385000,0.822206000,1
W14:26,W14,L2,0,-445,115.132000,-115.132000,0.350000000,1
W14:36,W14,L2,0,-445,113.636000,-113.636000,0.300000000,1
W14:35,W14,L2,0,-445,111.940000,-111.940000,0.300000000,1
W14:34,W14,L2,0,-445,110.294000,-110.294000,0.300000000,1
W14:33,W14,L2,0,-445,108.696000,-108.696000,0.300000000,1
W14:32,W14,L2,0,-445,107.143000,-107.143000,0.300000000,1
W14:31,W14,L2,0,-445,105.634000,-105.634000,0.300000000,1
W14:30,W14,L2,0,-445,104.167000,-104.167000,0.300000000,1
W14:14,W14,L2,0,-445,82.386000,-82.386000,0.431770000,1
W14:17,W14,L2,0,-445,82.353000,-82.353000,0.416816000,1
W14:15,W14,L2,0,-445,81.897000,-81.897000,0.425029000,1
W14:18,W14,L2,0,-445,81.845000,-81.845000,0.618738000,1
W14:16,W14,L2,0,-445,81.395000,-81.395000,0.280000000,1
W14:25,W14,L2,0,-445,81.169000,-81.169000,0.962606000,1
W14:24,W14,L2,0,-445,80.128000,-80.128000,0.250000000,1
W14:23,W14,L2,0,-445,79.114000,-79.114000,0.250000000,1
W14:22,W14,L2,0,-445,78.125000,-78.125000,0.250000000,1
W14:21,W14,L2,0,-445,77.160000,-77.160000,0.250000000,1
W14:20,W14,L2,0,-445,76.220000,-76.220000,0.250000000,1
W14:19,W14,L2,0,-445,75.301000,-75.301000,0.250000000,1
W14:13,W14,L2,0,-445,70.225000,-70.225000,0.731121000,1
W14:12,W14,L2,0,-445,69.444000,-69.444000,0.250000000,1
W14:11,W14,L2,0,-445,68.681000,-68.681000,0.250000000,1
W14:10,W14,L2,0,-445,67.935000,-67.935000,0.250000000,1
W14:9,W14,L2,0,-445,53.763000,-53.763000,0.681796000,1
W14:8,W14,L2,0,-445,53.191000,-53.191000,0.200000000,1
W14:7,W14,L2,0,-445,52.632000,-52.632000,0.200000000,1
W14:6,W14,L2,0,-445,52.083000,-52.083000,0.200000000,1
W14:5,W14,L2,0,-445,51.546000,-51.546000,0.200000000,1
W14:4,W14,L2,0,-445,51.020000,-51.020000,0.200000000,1
W14:3,W14,L2,0,-445,50.505000,-50.505000,0.200000000,1
W14:2,W14,L2,0,-445,50.000000,-50.000000,0.200000000,1
W15:89,W15,L2,0,-195,4086.538000,-4086.538000,2.748700000,1
W15:88,W15,L2,0,-195,3660.714000,-3660.714000,2.734087000,1
W15:87,W15,L2,0,-195,3266.667000,-3266.667000,2.763285000,1
W15:86,W15,L2,0,-195,3000.000000,-3000.000000,2.383657000,1
W15:85,W15,L2,0,-195,2720.588000,-2720.588000,2.569727000,1
W15:84,W15,L2,0,-195,2368.056000,-2368.056000,2.862921000,1
W15:83,W15,L2,0,-195,2190.789000,-2190.789000,2.171398000,1
W15:82,W15,L2,0,-195,2018.750000,-2018.750000,2.223683000,1
W15:81,W15,L2,0,-195,1827.381000,-1827.381000,2.375131000,1
W15:80,W15,L2,0,-195,1693.182000,-1693.182000,2.077664000,1
W15:79,W15,L2,0,-195,1505.435000,-1505.435000,2.386042000,1
W15:78,W15,L2,0,-195,1093.750000,-1093.750000,2.787247000,1
W15:77,W15,L2,0,-195,850.000000,-850.000000,2.055736000,1
W15:76,W15,L2,0,-195,817.308000,-817.308000,0.850000000,1
W15:75,W15,L2,0,-195,740.741000,-740.741000,1.362334000,1
W15:74,W15,L2,0,-195,705.357000,-705.357000,0.987850000,1
W15:73,W15,L2,0,-195,689.655000,-689.655000,0.645186000,1
W15:72,W15,L2,0,-195,650.000000,-650.000000,1.116445000,1
W15:71,W15,L2,0,-195,584.677000,-584.677000,1.336038000,1
W15:70,W15,L2,0,-195,546.875000,-546.875000,1.087352000,1
W15:69,W15,L2,0,-195,530.303000,-530.303000,0.700000000,1
W15:68,W15,L2,0,-195,503.676000,-503.676000,0.973386000,1
W15:67,W15,L2,0,-195,478.571000,-478.571000,0.961493000,1
W15:66,W15,L2,0,-195,427.083000,-427.083000,1.224406000,1
W15:65,W15,L2,0,-195,408.784000,-408.784000,0.827957000,1
W15:64,W15,L2,0,-195,394.737000,-394.737000,0.737493000,1
W15:63,W15,L2,0,-195,384.615000,-384.615000,0.600000000,1
W15:62,W15,L2,0,-195,375.000000,-375.000000,0.600000000,1
W15:61,W15,L2,0,-195,365.854000,-365.854000,0.600000000,1
W15:60,W15,L2,0,-195,357.143000,-357.143000,0.600000000,1
W15:59,W15,L2,0,-195,319.767000,-319.767000,1.146786000,1
W15:58,W15,L2,0,-195,312.500000,-312.500000,0.550000000,1
W15:57,W15,L2,0,-195,277.778000,-277.778000,1.081444000,1
W15:56,W15,L2,0,-195,274.457000,-274.457000,0.476837000,1
W15:55,W15,L2,0,-195,265.957000,-265.957000,0.652955000,1
W15:54,W15,L2,0,-195,255.208000,-255.208000,0.734180000,1
W15:53,W15,L2,0,-195,255.102000,-255.102000,0.647013000,1
W15:52,W15,L2,0,-195,250.000000,-250.000000,0.500000000,1
W15:51,W15,L2,0,-195,245.098000,-245.098000,0.500000000,1
W15:50,W15,L2,0,-195,240.385000,-240.385000,0.500000000,1
W15:48,W15,L2,0,-195,215.278000,-215.278000,0.716523000,1
W15:49,W15,L2,0,-195,212.264000,-212.264000,1.042285000,1
W15:43,W15,L2,0,-195,190.678000,-190.678000,1.105387000,1
W15:42,W15,L2,0,-195,187.500000,-187.500000,0.450000000,1
W15:41,W15,L2,0,-195,184.426000,-184.426000,0.450000000,1
W15:47,W15,L2,0,-195,181.818000,-181.818000,1.044235000,1
W15:40,W15,L2,0,-195,181.452000,-181.452000,0.450000000,1
W15:46,W15,L2,0,-195,178.571000,-178.571000,0.400000000,1
W15:45,W15,L2,0,-195,175.439000,-175.439000,0.400000000,1
W15:44,W15,L2,0,-195,150.862000,-150.862000,0.890716000,1
W15:34,W15,L2,0,-195,147.059000,-147.059000,1.038785000,1
W15:33,W15,L2,0,-195,144.928000,-144.928000,0.400000000,1
W15:32,W15,L2,0,-195,142.857000,-142.857000,0.400000000,1
W15:31,W15,L2,0,-195,140.845000,-140.845000,0.400000000,1
W15:30,W15,L2,0,-195,121.528000,-121.528000,0.939098000,1
W15:29,W15,L2,0,-195,119.863000,-119.863000,0.350000000,1
W15:39,W15,L2,0,-195,119.048000,-119.048000,1.201097000,1
W15:28,W15,L2,0,-195,118.243000,-118.243000,0.350000000,1
W15:38,W15,L2,0,-195,117.188000,-117.188000,0.300000000,1
W15:27,W15,L2,0,-195,116.667000,-116.667000,0.350000000,1
W15:37,W15,L2,0,-195,115.385000,-115.385000,0.300000000,1
W15:26,W15,L2,0,-195,115.132000,-115.132000,0.350000000,1
W15:36,W15,L2,0,-195,113.636000,-113.636000,0.300000000,1
W15:35,W15,L2,0,-195,111.940000,-111.940000,0.300000000,1
W15:25,W15,L2,0,-195,97.403000,-97.403000,0.857185000,1
W15:24,W15,L2,0,-195,96.154000,-96.154000,0.300000000,1
W15:23,W15,L2,0,-195,94.937000,-94.937000,0.300000000,1
W15:22,W15,L2,0,-195,93.750000,-93.750000,0.300000000,1
W15:21,W15,L2,0,-195,92.593000,-92.593000,0.300000000,1
W15:20,W15,L2,0,-195,91.463000,-91.463000,0.300000000,1
W15:13,W15,L2,0,-195,84.270000,-84.270000,0.777349000,1
W15:12,W15,L2,0,-195,83.333000,-83.333000,0.300000000,1
W15:19,W15,L2,0,-195,75.301000,-75.301000,0.770250000,1
W15:18,W15,L2,0,-195,74.405000,-74.405000,0.250000000,1
W15:17,W15,L2,0,-195,73.529000,-73.529000,0.250000000,1
W15:16,W15,L2,0,-195,72.674000,-72.674000,0.250000000,1
W15:15,W15,L2,0,-195,71.839000,-71.839000,0.250000000,1
W15:14,W15,L2,0,-195,71.023000,-71.023000,0.250000000,1
W15:11,W15,L2,0,-195,68.681000,-68.681000,0.787983000,1
W15:10,W15,L2,0,-195,67.935000,-67.935000,0.250000000,1
W15:9,W15,L2,0,-195,67.204000,-67.204000,0.250000000,1
W15:8,W15,L2,0,-195,66.489000,-66.489000,0.250000000,1
W15:7,W15,L2,0,-195,65.789000,-65.789000,0.250000000,1
W15:6,W15,L2,0,-195,65.104000,-65.104000,0.250000000,1
W15:5,W15,L2,0,-195,64.433000,-64.433000,0.250000000,1
W15:4,W15,L2,0,-195,63.776000,-63.776000,0.250000000,1
W15:3,W15,L2,0,-195,63.131000,-63.131000,0.250000000,1
W15:2,W15,L2,0,-195,62.500000,-62.500000,0.250000000,1
W16:89,W16,L2,0,0,3750.000000,-3750.000000,2.459292000,1
W16:88,W16,L2,0,0,3428.571000,-3428.571000,2.252916000,1
W16:87,W16,L2,0,0,3166.667000,-3166.667000,2.150660000,1
W16:86,W16,L2,0,0,2968.750000,-2968.750000,1.900000000,1
W16:85,W16,L2,0,0,2720.588000,-2720.588000,2.417034000,1
W16:84,W16,L2,0,0,2361.111000,-2361.111000,2.880631000,1
W16:83,W16,L2,0,0,2131.579000,-2131.579000,2.427339000,1
W16:82,W16,L2,0,0,1937.500000,-1937.500000,2.301996000,1
W16:81,W16,L2,0,0,1785.714000,-1785.714000,2.113741000,1
W16:80,W16,L2,0,0,1653.409000,-1653.409000,2.038183000,1
W16:79,W16,L2,0,0,1467.391000,-1467.391000,2.340506000,1
W16:78,W16,L2,0,0,989.583000,-989.583000,2.794482000,1
W16:77,W16,L2,0,0,900.000000,-900.000000,1.465792000,1
W16:76,W16,L2,0,0,817.308000,-817.308000,1.414959000,1
W16:75,W16,L2,0,0,763.889000,-763.889000,1.196521000,1
W16:74,W16,L2,0,0,714.286000,-714.286000,1.175875000,1
W16:73,W16,L2,0,0,689.655000,-689.655000,0.800000000,1
W16:72,W16,L2,0,0,666.667000,-666.667000,0.800000000,1
W16:71,W16,L2,0,0,645.161000,-645.161000,0.800000000,1
W16:70,W16,L2,0,0,621.094000,-621.094000,0.922457000,1
W16:69,W16,L2,0,0,594.697000,-594.697000,1.007557000,1
W16:68,W16,L2,0,0,588.235000,-588.235000,0.882256000,1
W16:67,W16,L2,0,0,535.714000,-535.714000,1.375358000,1
W16:66,W16,L2,0,0,520.833000,-520.833000,0.750000000,1
W16:65,W16,L2,0,0,472.973000,-472.973000,1.322976000,1
W16:64,W16,L2,0,0,460.526000,-460.526000,0.700000000,1
W16:63,W16,L2,0,0,448.718000,-448.718000,0.700000000,1
W16:62,W16,L2,0,0,428.125000,-428.125000,1.004294000,1
W16:61,W16,L2,0,0,408.537000,-408.537000,0.991545000,1
W16:60,W16,L2,0,0,377.976000,-377.976000,1.157852000,1
W16:59,W16,L2,0,0,357.558000,-357.558000,0.995751000,1
W16:58,W16,L2,0,0,338.068000,-338.068000,0.975363000,1
W16:57,W16,L2,0,0,316.667000,-316.667000,0.998842000,1
W16:56,W16,L2,0,0,298.913000,-298.913000,0.926853000,1
W16:55,W16,L2,0,0,265.957000,-265.957000,1.092733000,1
W16:54,W16,L2,0,0,234.375000,-234.375000,1.017701000,1
W16:53,W16,L2,0,0,229.592000,-229.592000,0.450000000,1
W16:50,W16,L2,0,0,192.308000,-192.308000,0.851328000,1
W16:49,W16,L2,0,0,186.321000,-186.321000,0.549121000,1
W16:34,W16,L2,0,0,183.824000,-183.824000,1.250677000,1
W16:47,W16,L2,0,0,181.818000,-181.818000,0.575911000,1
W16:33,W16,L2,0,0,181.159000,-181.159000,0.500000000,1
W16:48,W16,L2,0,0,180.556000,-180.556000,0.545336000,1
W16:32,W16,L2,0,0,178.571000,-178.571000,0.500000000,1
W16:31,W16,L2,0,0,176.056000,-176.056000,0.500000000,1
W16:52,W16,L2,0,0,175.000000,-175.000000,1.070858000,1
W16:51,W16,L2,0,0,171.569000,-171.569000,0.350000000,1
W16:30|W16:46,W16,L2,0,0,156.250000,-156.250000,1.002895000,2
W16:45,W16,L2,0,0,153.509000,-153.509000,0.350000000,1
W16:36,W16,L2,0,0,151.515000,-151.515000,0.680098000,1
W16:44,W16,L2,0,0,150.862000,-150.862000,0.350000000,1
W16:35,W16,L2,0,0,149.254000,-149.254000,0.400000000,1
W16:39,W16,L2,0,0,148.810000,-148.810000,0.727869000,1
W16:38,W16,L2,0,0,148.438000,-148.438000,0.468095000,1
W16:43,W16,L2,0,0,148.305000,-148.305000,0.350000000,1
W16:37,W16,L2,0,0,148.077000,-148.077000,0.474712000,1
W16:42,W16,L2,0,0,145.833000,-145.833000,0.350000000,1
W16:41,W16,L2,0,0,143.443000,-143.443000,0.350000000,1
W16:40,W16,L2,0,0,141.129000,-141.129000,0.350000000,1
W16:29,W16,L2,0,0,136.986000,-136.986000,1.035616000,1
W16:28,W16,L2,0,0,118.243000,-118.243000,0.945429000,1
W16:27,W16,L2,0,0,116.667000,-116.667000,0.350000000,1
W16:26,W16,L2,0,0,115.132000,-115.132000,0.350000000,1
W16:25,W16,L2,0,0,113.636000,-113.636000,0.350000000,1
W16:24,W16,L2,0,0,96.154000,-96.154000,0.859913000,1
W16:23,W16,L2,0,0,94.937000,-94.937000,0.300000000,1
W16:22,W16,L2,0,0,93.750000,-93.750000,0.300000000,1
W16:21,W16,L2,0,0,92.593000,-92.593000,0.300000000,1
W16:20,W16,L2,0,0,88.415000,-88.415000,0.549693000,1
W16:19,W16,L2,0,0,82.831000,-82.831000,0.586190000,1
W16:14,W16,L2,0,0,82.386000,-82.386000,0.431770000,1
W16:17,W16,L2,0,0,82.353000,-82.353000,0.416816000,1
W16:15,W16,L2,0,0,81.897000,-81.897000,0.425029000,1
W16:18,W16,L2,0,0,81.845000,-81.845000,0.275000000,1
W16:13,W16,L2,0,0,81.461000,-81.461000,0.290000000,1
W16:16,W16,L2,0,0,81.395000,-81.395000,0.280000000,1
W16:12,W16,L2,0,0,69.444000,-69.444000,0.733138000,1
W16:11,W16,L2,0,0,68.681000,-68.681000,0.250000000,1
W16:10,W16,L2,0,0,67.935000,-67.935000,0.250000000,1
W16:9,W16,L2,0,0,67.204000,-67.204000,0.250000000,1
W16:8,W16,L2,0,0,66.489000,-66.489000,0.250000000,1
W16:7,W16,L2,0,0,65.789000,-65.789000,0.250000000,1
W16:6,W16,L2,0,0,65.104000,-65.104000,0.250000000,1
W16:5,W16,L2,0,0,51.546000,-51.546000,0.688959000,1
W16:4,W16,L2,0,0,51.020000,-51.020000,0.200000000,1
W16:3,W16,L2,0,0,50.505000,-50.505000,0.200000000,1
W16:2,W16,L2,0,0,50.000000,-50.000000,0.200000000,1
W17:89,W17,L2,0,110,3942.308000,-3942.308000,2.490853000,1
W17:88,W17,L2,0,110,3633.929000,-3633.929000,2.220418000,1
W17:87,W17,L2,0,110,3250.000000,-3250.000000,2.721040000,1
W17:86,W17,L2,0,110,2968.750000,-2968.750000,2.447149000,1
W17:85,W17,L2,0,110,2720.588000,-2720.588000,2.417034000,1
W17:84,W17,L2,0,110,2368.056000,-2368.056000,2.862921000,1
W17:83,W17,L2,0,110,2111.842000,-2111.842000,2.532271000,1
W17:82,W17,L2,0,110,1937.500000,-1937.500000,2.191127000,1
W17:81,W17,L2,0,110,1785.714000,-1785.714000,2.113741000,1
W17:80,W17,L2,0,110,1659.091000,-1659.091000,1.998652000,1
W17:79,W17,L2,0,110,1467.391000,-1467.391000,2.367796000,1
W17:78,W17,L2,0,110,989.583000,-989.583000,2.794482000,1
W17:77,W17,L2,0,110,870.000000,-870.000000,1.603620000,1
W17:76,W17,L2,0,110,769.231000,-769.231000,1.468885000,1
W17:75,W17,L2,0,110,722.222000,-722.222000,1.094547000,1
W17:74,W17,L2,0,110,700.893000,-700.893000,0.577748000,1
W17:73,W17,L2,0,110,663.793000,-663.793000,1.039901000,1
W17:72,W17,L2,0,110,629.167000,-629.167000,1.029422000,1
W17:71,W17,L2,0,110,600.806000,-600.806000,0.954831000,1
W17:70,W17,L2,0,110,578.125000,-578.125000,0.865775000,1
W17:69,W17,L2,0,110,553.030000,-553.030000,0.948136000,1
W17:68,W17,L2,0,110,533.088000,-533.088000,0.856480000,1
W17:67,W17,L2,0,110,521.429000,-521.429000,0.346743000,1
W17:66,W17,L2,0,110,503.472000,-503.472000,0.862544000,1
W17:65,W17,L2,0,110,486.486000,-486.486000,0.860324000,1
W17:64,W17,L2,0,110,460.526000,-460.526000,1.073568000,1
W17:63,W17,L2,0,110,439.103000,-439.103000,0.999339000,1
W17:62,W17,L2,0,110,387.500000,-387.500000,1.320886000,1
W17:61,W17,L2,0,110,368.902000,-368.902000,0.914471000,1
W17:59,W17,L2,0,110,357.558000,-357.558000,0.812345000,1
W17:60,W17,L2,0,110,357.143000,-357.143000,0.748165000,1
W17:58,W17,L2,0,110,346.591000,-346.591000,0.763983000,1
W17:57,W17,L2,0,110,333.333000,-333.333000,0.852522000,1
W17:56,W17,L2,0,110,326.087000,-326.087000,0.600000000,1
W17:55,W17,L2,0,110,228.723000,-228.723000,1.457974000,1
W17:52,W17,L2,0,110,225.000000,-225.000000,0.924118000,1
W17:51,W17,L2,0,110,220.588000,-220.588000,0.450000000,1
W17:54,W17,L2,0,110,213.542000,-213.542000,0.747924000,1
W17:53,W17,L2,0,110,204.082000,-204.082000,0.628287000,1
W17:50,W17,L2,0,110,182.692000,-182.692000,1.016798000,1
W17:31,W17,L2,0,110,176.056000,-176.056000,0.882313000,1
W17:30,W17,L2,0,110,173.611000,-173.611000,0.500000000,1
W17:32,W17,L2,0,110,171.429000,-171.429000,0.704997000,1
W17:29,W17,L2,0,110,171.233000,-171.233000,0.500000000,1
W17:33,W17,L2,0,110,170.290000,-170.290000,0.691568000,1
W17:34,W17,L2,0,110,169.118000,-169.118000,0.678129000,1
W17:35,W17,L2,0,110,167.910000,-167.910000,0.887919000,1
W17:49,W17,L2,0,110,165.094000,-165.094000,0.754924000,1
W17:48,W17,L2,0,110,162.037000,-162.037000,0.350000000,1
W17:36|W17:47,W17,L2,0,110,159.091000,-159.091000,0.554823500,2
W17:45,W17,L2,0,110,157.895000,-157.895000,0.540314000,1
W17:43,W17,L2,0,110,156.780000,-156.780000,0.556689000,1
W17:46,W17,L2,0,110,156.250000,-156.250000,0.350000000,1
W17:41,W17,L2,0,110,155.738000,-155.738000,0.573058000,1
W17:44,W17,L2,0,110,155.172000,-155.172000,0.360000000,1
W17:39,W17,L2,0,110,154.762000,-154.762000,0.589420000,1
W17:38,W17,L2,0,110,154.297000,-154.297000,0.479939000,1
W17:42,W17,L2,0,110,154.167000,-154.167000,0.370000000,1
W17:37,W17,L2,0,110,153.846000,-153.846000,0.486575000,1
W17:40,W17,L2,0,110,153.226000,-153.226000,0.380000000,1
W17:28,W17,L2,0,110,152.027000,-152.027000,1.130185000,1
W17:27,W17,L2,0,110,150.000000,-150.000000,0.450000000,1
W17:26,W17,L2,0,110,148.026000,-148.026000,0.450000000,1
W17:25,W17,L2,0,110,146.104000,-146.104000,0.450000000,1
W17:24,W17,L2,0,110,144.231000,-144.231000,0.450000000,1
W17:23,W17,L2,0,110,110.759000,-110.759000,1.199335000,1
W17:22,W17,L2,0,110,93.750000,-93.750000,0.865293000,1
W17:7,W17,L2,0,110,92.105000,-92.105000,0.854538000,1
W17:6,W17,L2,0,110,91.146000,-91.146000,0.350000000,1
W17:5,W17,L2,0,110,90.206000,-90.206000,0.350000000,1
W17:18,W17,L2,0,110,89.286000,-89.286000,0.661857000,1
W17:12,W17,L2,0,110,83.333000,-83.333000,0.779571000,1
W17:19,W17,L2,0,110,82.831000,-82.831000,0.408600000,1
W17:8,W17,L2,0,110,82.447000,-82.447000,0.461678000,1
W17:11,W17,L2,0,110,82.418000,-82.418000,0.300000000,1
W17:14,W17,L2,0,110,82.386000,-82.386000,0.431770000,1
W17:17,W17,L2,0,110,82.353000,-82.353000,0.644171000,1
W17:20,W17,L2,0,110,82.317000,-82.317000,0.401862000,1
W17:9,W17,L2,0,110,81.989000,-81.989000,0.454938000,1
W17:15,W17,L2,0,110,81.897000,-81.897000,0.425029000,1
W17:21,W17,L2,0,110,81.790000,-81.790000,0.715154000,1
W17:10,W17,L2,0,110,81.522000,-81.522000,0.300000000,1
W17:16,W17,L2,0,110,81.395000,-81.395000,0.280000000,1
W17:13,W17,L2,0,110,70.225000,-70.225000,0.731121000,1
W17:4,W17,L2,0,110,51.020000,-51.020000,1.070941000,1
W17:3,W17,L2,0,110,50.505000,-50.505000,0.200000000,1
W17:2,W17,L2,0,110,50.000000,-50.000000,0.200000000,1
W5:90,W5,L1,0,220,3958.333000,-3958.333000,2.377325000,1
W5:89,W5,L1,0,220,3500.000000,-3500.000000,2.478785000,1
W5:88,W5,L1,0,220,3133.929000,-3133.929000,2.345842000,1
W5:87,W5,L1,0,220,2833.333000,-2833.333000,2.244272000,1
W5:86,W5,L1,0,220,2578.125000,-2578.125000,2.176813000,1
W5:85,W5,L1,0,220,2000.000000,-2000.000000,2.905516000,1
W5:84,W5,L1,0,220,1819.444000,-1819.444000,1.842047000,1
W5:83,W5,L1,0,220,1684.211000,-1684.211000,1.662360000,1
W5:82,W5,L1,0,220,1568.750000,-1568.750000,1.600007000,1
W5:81,W5,L1,0,220,1422.619000,-1422.619000,1.833844000,1
W5:80,W5,L1,0,220,1278.409000,-1278.409000,1.830430000,1
W5:79,W5,L1,0,220,1114.130000,-1114.130000,1.882467000,1
W5:78,W5,L1,0,220,953.125000,-953.125000,1.794495000,1
W5:77,W5,L1,0,220,855.000000,-855.000000,1.472247000,1
W5:76,W5,L1,0,220,788.462000,-788.462000,1.268759000,1
W5:75,W5,L1,0,220,740.741000,-740.741000,1.117172000,1
W5:74,W5,L1,0,220,696.429000,-696.429000,1.101992000,1
W5:73,W5,L1,0,220,693.966000,-693.966000,1.005911000,1
W5:72,W5,L1,0,220,666.667000,-666.667000,0.921057000,1
W5:71,W5,L1,0,220,645.161000,-645.161000,0.800000000,1
W5:70,W5,L1,0,220,625.000000,-625.000000,0.800000000,1
W5:69,W5,L1,0,220,606.061000,-606.061000,0.800000000,1
W5:68,W5,L1,0,220,551.471000,-551.471000,1.366314000,1
W5:67,W5,L1,0,220,535.714000,-535.714000,0.750000000,1
W5:66,W5,L1,0,220,520.833000,-520.833000,0.750000000,1
W5:65,W5,L1,0,220,506.757000,-506.757000,0.750000000,1
W5:64,W5,L1,0,220,493.421000,-493.421000,0.750000000,1
W5:63,W5,L1,0,220,477.564000,-477.564000,0.892267000,1
W5:62,W5,L1,0,220,453.125000,-453.125000,1.115274000,1
W5:61,W5,L1,0,220,365.854000,-365.854000,1.574363000,1
W5:60,W5,L1,0,220,357.143000,-357.143000,0.600000000,1
W5:59,W5,L1,0,220,319.767000,-319.767000,1.146786000,1
W5:58,W5,L1,0,220,312.500000,-312.500000,0.550000000,1
W5:57,W5,L1,0,220,294.444000,-294.444000,0.896506000,1
W5:56,W5,L1,0,220,271.739000,-271.739000,0.950762000,1
W5:55,W5,L1,0,220,255.319000,-255.319000,0.839052000,1
W5:54,W5,L1,0,220,234.375000,-234.375000,0.887623000,1
W5:53,W5,L1,0,220,229.592000,-229.592000,0.450000000,1
W5:52,W5,L1,0,220,225.000000,-225.000000,0.450000000,1
W5:51,W5,L1,0,220,220.588000,-220.588000,0.450000000,1
W5:50,W5,L1,0,220,218.750000,-218.750000,0.480942000,1
W5:49,W5,L1,0,220,212.264000,-212.264000,0.610838000,1
W5:48,W5,L1,0,220,208.333000,-208.333000,0.450000000,1
W5:47,W5,L1,0,220,204.545000,-204.545000,0.450000000,1
W5:46,W5,L1,0,220,178.571000,-178.571000,0.970836000,1
W5:45,W5,L1,0,220,175.439000,-175.439000,0.400000000,1
W5:44,W5,L1,0,220,172.414000,-172.414000,0.400000000,1
W5:43,W5,L1,0,220,169.492000,-169.492000,0.400000000,1
W5:42,W5,L1,0,220,158.333000,-158.333000,0.743616000,1
W5:41,W5,L1,0,220,147.541000,-147.541000,0.716916000,1
W5:40,W5,L1,0,220,141.129000,-141.129000,0.595766000,1
W5:39,W5,L1,0,220,138.889000,-138.889000,0.350000000,1
W5:38,W5,L1,0,220,136.719000,-136.719000,0.350000000,1
W5:37,W5,L1,0,220,115.385000,-115.385000,0.822206000,1
W5:36,W5,L1,0,220,113.636000,-113.636000,0.300000000,1
W5:35,W5,L1,0,220,111.940000,-111.940000,0.300000000,1
W5:34,W5,L1,0,220,110.294000,-110.294000,0.300000000,1
W5:30,W5,L1,0,220,104.167000,-104.167000,0.736260000,1
W5:29,W5,L1,0,220,102.740000,-102.740000,0.300000000,1
W5:28,W5,L1,0,220,101.351000,-101.351000,0.300000000,1
W5:27,W5,L1,0,220,100.000000,-100.000000,0.300000000,1
W5:26,W5,L1,0,220,98.684000,-98.684000,0.300000000,1
W5:25,W5,L1,0,220,97.403000,-97.403000,0.300000000,1
W5:24,W5,L1,0,220,96.154000,-96.154000,0.300000000,1
W5:23,W5,L1,0,220,94.937000,-94.937000,0.300000000,1
W5:22,W5,L1,0,220,93.750000,-93.750000,0.300000000,1
W5:33,W5,L1,0,220,90.580000,-90.580000,0.735900000,1
W5:32,W5,L1,0,220,89.286000,-89.286000,0.250000000,1
W5:31,W5,L1,0,220,88.028000,-88.028000,0.250000000,1
W5:21,W5,L1,0,220,61.728000,-61.728000,0.852470000,1
W5:20,W5,L1,0,220,60.976000,-60.976000,0.200000000,1
W5:19,W5,L1,0,220,60.241000,-60.241000,0.200000000,1
W5:18,W5,L1,0,220,59.524000,-59.524000,0.200000000,1
W5:17,W5,L1,0,220,58.824000,-58.824000,0.200000000,1
W5:16,W5,L1,0,220,58.140000,-58.140000,0.200000000,1
W5:15,W5,L1,0,220,57.471000,-57.471000,0.200000000,1
W5:14,W5,L1,0,220,56.818000,-56.818000,0.200000000,1
W5:13,W5,L1,0,220,56.180000,-56.180000,0.200000000,1
W5:12,W5,L1,0,220,55.556000,-55.556000,0.200000000,1
W5:11,W5,L1,0,220,54.945000,-54.945000,0.200000000,1
W5:10,W5,L1,0,220,54.348000,-54.348000,0.200000000,1
W5:9,W5,L1,0,220,53.763000,-53.763000,0.200000000,1
W5:8,W5,L1,0,220,53.191000,-53.191000,0.200000000,1
W5:7,W5,L1,0,220,39.474000,-39.474000,0.568445000,1
W5:6,W5,L1,0,220,39.063000,-39.063000,0.150000000,1
W5:5,W5,L1,0,220,38.660000,-38.660000,0.150000000,1
W5:4,W5,L1,0,220,38.265000,-38.265000,0.150000000,1
W5:3,W5,L1,0,220,37.879000,-37.879000,0.150000000,1
W5:2,W5,L1,0,220,37.500000,-37.500000,0.150000000,1
W18:88,W18,L2,0,710,3660.714000,-3660.714000,2.828706000,1
W18:87,W18,L2,0,710,3333.333000,-3333.333000,2.529128000,1
W18:86,W18,L2,0,710,3015.625000,-3015.625000,2.630457000,1
W18:85,W18,L2,0,710,2705.882000,-2705.882000,2.691479000,1
W18:84,W18,L2,0,710,2416.667000,-2416.667000,2.665679000,1
W18:83,W18,L2,0,710,2203.947000,-2203.947000,2.387160000,1
W18:82,W18,L2,0,710,2012.500000,-2012.500000,2.335848000,1
W18:81,W18,L2,0,710,1845.238000,-1845.238000,2.250649000,1
W18:80,W18,L2,0,710,1647.727000,-1647.727000,2.417457000,1
W18:79,W18,L2,0,710,1195.652000,-1195.652000,2.886928000,1
W18:78,W18,L2,0,710,989.583000,-989.583000,2.012530000,1
W18:77,W18,L2,0,710,805.000000,-805.000000,1.790781000,1
W18:76,W18,L2,0,710,721.154000,-721.154000,1.316971000,1
W18:75,W18,L2,0,710,648.148000,-648.148000,1.231542000,1
W18:74,W18,L2,0,710,625.000000,-625.000000,0.700000000,1
W18:73,W18,L2,0,710,603.448000,-603.448000,0.700000000,1
W18:72,W18,L2,0,710,583.333000,-583.333000,0.700000000,1
W18:71,W18,L2,0,710,564.516000,-564.516000,0.700000000,1
W18:70,W18,L2,0,710,507.813000,-507.813000,1.210834000,1
W18:69,W18,L2,0,710,492.424000,-492.424000,0.650000000,1
W18:68,W18,L2,0,710,477.941000,-477.941000,0.650000000,1
W18:67,W18,L2,0,710,464.286000,-464.286000,0.650000000,1
W18:66,W18,L2,0,710,451.389000,-451.389000,0.650000000,1
W18:65,W18,L2,0,710,439.189000,-439.189000,0.650000000,1
W18:64,W18,L2,0,710,394.737000,-394.737000,1.187425000,1
W18:63,W18,L2,0,710,384.615000,-384.615000,0.600000000,1
W18:62,W18,L2,0,710,375.000000,-375.000000,0.600000000,1
W18:61,W18,L2,0,710,365.854000,-365.854000,0.600000000,1
W18:60,W18,L2,0,710,327.381000,-327.381000,1.140419000,1
W18:59,W18,L2,0,710,319.767000,-319.767000,0.550000000,1
W18:58,W18,L2,0,710,312.500000,-312.500000,0.550000000,1
W18:57,W18,L2,0,710,305.556000,-305.556000,0.550000000,1
W18:56,W18,L2,0,710,271.739000,-271.739000,1.087133000,1
W18:51,W18,L2,0,710,269.608000,-269.608000,1.085382000,1
W18:55,W18,L2,0,710,265.957000,-265.957000,0.500000000,1
W18:54,W18,L2,0,710,260.417000,-260.417000,0.500000000,1
W18:53,W18,L2,0,710,255.102000,-255.102000,0.500000000,1
W18:52,W18,L2,0,710,250.000000,-250.000000,0.500000000,1
W18:50,W18,L2,0,710,240.385000,-240.385000,1.119520000,1
W18:49,W18,L2,0,710,226.415000,-226.415000,0.862004000,1
W18:48,W18,L2,0,710,199.074000,-199.074000,1.013374000,1
W18:47,W18,L2,0,710,172.727000,-172.727000,0.931957000,1
W18:46,W18,L2,0,710,156.250000,-156.250000,0.764913000,1
W18:45,W18,L2,0,710,153.509000,-153.509000,0.350000000,1
W18:44,W18,L2,0,710,150.862000,-150.862000,0.350000000,1
W18:43,W18,L2,0,710,148.305000,-148.305000,0.350000000,1
W18:42,W18,L2,0,710,145.833000,-145.833000,0.350000000,1
W18:41,W18,L2,0,710,143.443000,-143.443000,0.350000000,1
W18:40,W18,L2,0,710,141.129000,-141.129000,0.350000000,1
W18:39,W18,L2,0,710,138.889000,-138.889000,0.350000000,1
W18:29,W18,L2,0,710,119.863000,-119.863000,0.836297000,1
W18:28,W18,L2,0,710,118.243000,-118.243000,0.350000000,1
W18:38,W18,L2,0,710,117.188000,-117.188000,0.819082000,1
W18:27,W18,L2,0,710,116.667000,-116.667000,0.350000000,1
W18:37,W18,L2,0,710,115.385000,-115.385000,0.300000000,1
W18:26,W18,L2,0,710,115.132000,-115.132000,0.350000000,1
W18:25|W18:36,W18,L2,0,710,113.636000,-113.636000,0.325000000,2
W18:35,W18,L2,0,710,111.940000,-111.940000,0.300000000,1
W18:34,W18,L2,0,710,110.294000,-110.294000,0.300000000,1
W18:33,W18,L2,0,710,108.696000,-108.696000,0.300000000,1
W18:32,W18,L2,0,710,107.143000,-107.143000,0.300000000,1
W18:31,W18,L2,0,710,105.634000,-105.634000,0.300000000,1
W18:30,W18,L2,0,710,104.167000,-104.167000,0.300000000,1
W18:24,W18,L2,0,710,96.154000,-96.154000,0.859913000,1
W18:23,W18,L2,0,710,94.937000,-94.937000,0.300000000,1
W18:22,W18,L2,0,710,78.125000,-78.125000,0.763273000,1
W18:21,W18,L2,0,710,77.160000,-77.160000,0.250000000,1
W18:20,W18,L2,0,710,76.220000,-76.220000,0.250000000,1
W18:19,W18,L2,0,710,75.301000,-75.301000,0.250000000,1
W18:18,W18,L2,0,710,74.405000,-74.405000,0.250000000,1
W18:17,W18,L2,0,710,73.529000,-73.529000,0.250000000,1
W18:16,W18,L2,0,710,72.674000,-72.674000,0.250000000,1
W18:15,W18,L2,0,710,71.839000,-71.839000,0.250000000,1
W18:14,W18,L2,0,710,71.023000,-71.023000,0.250000000,1
W18:13,W18,L2,0,710,70.225000,-70.225000,0.250000000,1
W18:12,W18,L2,0,710,69.444000,-69.444000,0.250000000,1
W18:11,W18,L2,0,710,68.681000,-68.681000,0.250000000,1
W18:10,W18,L2,0,710,67.935000,-67.935000,0.250000000,1
W18:9,W18,L2,0,710,67.204000,-67.204000,0.250000000,1
W18:8,W18,L2,0,710,66.489000,-66.489000,0.250000000,1
W18:7,W18,L2,0,710,65.789000,-65.789000,0.250000000,1
W18:6,W18,L2,0,710,65.104000,-65.104000,0.250000000,1
W18:5,W18,L2,0,710,64.433000,-64.433000,0.250000000,1
W18:4,W18,L2,0,710,63.776000,-63.776000,0.250000000,1
W18:3,W18,L2,0,710,63.131000,-63.131000,0.250000000,1
W18:2,W18,L2,0,710,62.500000,-62.500000,0.250000000,1
W19:88,W19,L2,0,1010,3758.929000,-3758.929000,2.574094000,1
W19:87,W19,L2,0,1010,3416.667000,-3416.667000,2.621884000,1
W19:86,W19,L2,0,1010,3054.688000,-3054.688000,2.822419000,1
W19:85,W19,L2,0,1010,2764.706000,-2764.706000,2.638461000,1
W19:84,W19,L2,0,1010,2513.889000,-2513.889000,2.551733000,1
W19:83,W19,L2,0,1010,2302.632000,-2302.632000,2.434095000,1
W19:82,W19,L2,0,1010,2125.000000,-2125.000000,2.318356000,1
W19:81,W19,L2,0,1010,1964.286000,-1964.286000,2.282750000,1
W19:80,W19,L2,0,1010,1818.182000,-1818.182000,2.245810000,1
W19:78,W19,L2,0,1010,989.583000,-989.583000,2.195689000,1
W19:77,W19,L2,0,1010,800.000000,-800.000000,1.801484000,1
W19:76,W19,L2,0,1010,721.154000,-721.154000,1.286517000,1
W19:75,W19,L2,0,1010,694.444000,-694.444000,0.750000000,1
W19:74,W19,L2,0,1010,669.643000,-669.643000,0.750000000,1
W19:73,W19,L2,0,1010,603.448000,-603.448000,1.251479000,1
W19:72,W19,L2,0,1010,583.333000,-583.333000,0.700000000,1
W19:71,W19,L2,0,1010,564.516000,-564.516000,0.700000000,1
W19:70,W19,L2,0,1010,507.813000,-507.813000,1.210834000,1
W19:69,W19,L2,0,1010,492.424000,-492.424000,0.650000000,1
W19:68,W19,L2,0,1010,477.941000,-477.941000,0.650000000,1
W19:67,W19,L2,0,1010,464.286000,-464.286000,0.650000000,1
W19:66,W19,L2,0,1010,416.667000,-416.667000,1.172542000,1
W19:65,W19,L2,0,1010,405.405000,-405.405000,0.600000000,1
W19:64,W19,L2,0,1010,394.737000,-394.737000,0.600000000,1
W19:63,W19,L2,0,1010,384.615000,-384.615000,0.600000000,1
W19:62,W19,L2,0,1010,375.000000,-375.000000,0.600000000,1
W19:61,W19,L2,0,1010,365.854000,-365.854000,0.600000000,1
W19:60,W19,L2,0,1010,357.143000,-357.143000,0.600000000,1
W19:59,W19,L2,0,1010,348.837000,-348.837000,0.600000000,1
W19:58,W19,L2,0,1010,312.500000,-312.500000,1.153049000,1
W19:57,W19,L2,0,1010,305.556000,-305.556000,0.550000000,1
W19:56,W19,L2,0,1010,298.913000,-298.913000,0.550000000,1
W19:55,W19,L2,0,1010,292.553000,-292.553000,0.550000000,1
W19:49,W19,L2,0,1010,283.019000,-283.019000,1.075560000,1
W19:50,W19,L2,0,1010,271.635000,-271.635000,1.181270000,1
W19:53,W19,L2,0,1010,255.102000,-255.102000,0.883378000,1
W19:52,W19,L2,0,1010,250.000000,-250.000000,0.500000000,1
W19:51,W19,L2,0,1010,245.098000,-245.098000,0.500000000,1
W19:54,W19,L2,0,1010,244.792000,-244.792000,1.203636000,1
W19:48,W19,L2,0,1010,194.444000,-194.444000,1.520800000,1
W19:47,W19,L2,0,1010,181.818000,-181.818000,0.757373000,1
W19:46,W19,L2,0,1010,156.250000,-156.250000,0.883124000,1
W19:45,W19,L2,0,1010,153.509000,-153.509000,0.350000000,1
W19:44,W19,L2,0,1010,150.862000,-150.862000,0.350000000,1
W19:43,W19,L2,0,1010,148.305000,-148.305000,0.350000000,1
W19:42,W19,L2,0,1010,145.833000,-145.833000,0.350000000,1
W19:41,W19,L2,0,1010,143.443000,-143.443000,0.350000000,1
W19:32,W19,L2,0,1010,142.857000,-142.857000,1.046504000,1
W19:40,W19,L2,0,1010,141.129000,-141.129000,0.350000000,1
W19:31,W19,L2,0,1010,140.845000,-140.845000,0.400000000,1
W19:39,W19,L2,0,1010,138.889000,-138.889000,0.350000000,1
W19:30,W19,L2,0,1010,131.944000,-131.944000,0.776074000,1
W19:29,W19,L2,0,1010,119.863000,-119.863000,0.815233000,1
W19:28,W19,L2,0,1010,118.243000,-118.243000,0.350000000,1
W19:38,W19,L2,0,1010,117.188000,-117.188000,0.819082000,1
W19:27,W19,L2,0,1010,116.667000,-116.667000,0.350000000,1
W19:37,W19,L2,0,1010,115.385000,-115.385000,0.300000000,1
W19:26,W19,L2,0,1010,115.132000,-115.132000,0.350000000,1
W19:25|W19:36,W19,L2,0,1010,113.636000,-113.636000,0.325000000,2
W19:24,W19,L2,0,1010,112.179000,-112.179000,0.350000000,1
W19:35,W19,L2,0,1010,111.940000,-111.940000,0.300000000,1
W19:34,W19,L2,0,1010,110.294000,-110.294000,0.300000000,1
W19:33,W19,L2,0,1010,108.696000,-108.696000,0.300000000,1
W19:23,W19,L2,0,1010,94.937000,-94.937000,0.862616000,1
W19:22,W19,L2,0,1010,78.125000,-78.125000,0.763273000,1
W19:21,W19,L2,0,1010,77.160000,-77.160000,0.250000000,1
W19:20,W19,L2,0,1010,76.220000,-76.220000,0.250000000,1
W19:19,W19,L2,0,1010,75.301000,-75.301000,0.250000000,1
W19:18,W19,L2,0,1010,74.405000,-74.405000,0.250000000,1
W19:17,W19,L2,0,1010,73.529000,-73.529000,0.250000000,1
W19:16,W19,L2,0,1010,72.674000,-72.674000,0.250000000,1
W19:15,W19,L2,0,1010,71.839000,-71.839000,0.250000000,1
W19:14,W19,L2,0,1010,71.023000,-71.023000,0.250000000,1
W19:13,W19,L2,0,1010,70.225000,-70.225000,0.250000000,1
W19:12,W19,L2,0,1010,69.444000,-69.444000,0.250000000,1
W19:11,W19,L2,0,1010,68.681000,-68.681000,0.250000000,1
W19:10,W19,L2,0,1010,67.935000,-67.935000,0.250000000,1
W19:9,W19,L2,0,1010,67.204000,-67.204000,0.250000000,1
W19:8,W19,L2,0,1010,66.489000,-66.489000,0.250000000,1
W19:7,W19,L2,0,1010,65.789000,-65.789000,0.250000000,1
W19:6,W19,L2,0,1010,65.104000,-65.104000,0.250000000,1
W19:5,W19,L2,0,1010,64.433000,-64.433000,0.250000000,1
W19:4,W19,L2,0,1010,63.776000,-63.776000,0.250000000,1
W19:3,W19,L2,0,1010,63.131000,-63.131000,0.250000000,1
W19:2,W19,L2,0,1010,62.500000,-62.500000,0.250000000,1
W20:88,W20,L2,0,1310,3928.571000,-3928.571000,2.714212000,1
W20:87,W20,L2,0,1310,3525.000000,-3525.000000,2.905311000,1
W20:86,W20,L2,0,1310,3164.063000,-3164.063000,2.870872000,1
W20:85,W20,L2,0,1310,2867.647000,-2867.647000,2.717222000,1
W20:84,W20,L2,0,1310,2611.111000,-2611.111000,2.630754000,1
W20:83,W20,L2,0,1310,2407.895000,-2407.895000,2.440516000,1
W20:82,W20,L2,0,1310,2250.000000,-2250.000000,2.232666000,1
W20:81,W20,L2,0,1310,2142.857000,-2142.857000,1.800000000,1
W20:80,W20,L2,0,1310,1988.636000,-1988.636000,2.414562000,1
W20:78,W20,L2,0,1310,885.417000,-885.417000,1.214512000,1
W20:77,W20,L2,0,1310,760.000000,-760.000000,1.498571000,1
W20:76,W20,L2,0,1310,673.077000,-673.077000,1.278485000,1
W20:75,W20,L2,0,1310,648.148000,-648.148000,0.700000000,1
W20:74,W20,L2,0,1310,625.000000,-625.000000,0.700000000,1
W20:73,W20,L2,0,1310,603.448000,-603.448000,0.700000000,1
W20:72,W20,L2,0,1310,583.333000,-583.333000,0.700000000,1
W20:71,W20,L2,0,1310,564.516000,-564.516000,0.700000000,1
W20:70,W20,L2,0,1310,546.875000,-546.875000,0.700000000,1
W20:69,W20,L2,0,1310,530.303000,-530.303000,0.700000000,1
W20:68,W20,L2,0,1310,477.941000,-477.941000,1.227821000,1
W20:67,W20,L2,0,1310,464.286000,-464.286000,0.650000000,1
W20:66,W20,L2,0,1310,451.389000,-451.389000,0.650000000,1
W20:65,W20,L2,0,1310,439.189000,-439.189000,0.650000000,1
W20:64,W20,L2,0,1310,394.737000,-394.737000,1.187425000,1
W20:63,W20,L2,0,1310,384.615000,-384.615000,0.600000000,1
W20:62,W20,L2,0,1310,375.000000,-375.000000,0.600000000,1
W20:61,W20,L2,0,1310,365.854000,-365.854000,0.600000000,1
W20:60,W20,L2,0,1310,357.143000,-357.143000,0.600000000,1
W20:59,W20,L2,0,1310,319.767000,-319.767000,1.146786000,1
W20:58,W20,L2,0,1310,312.500000,-312.500000,0.550000000,1
W20:57,W20,L2,0,1310,305.556000,-305.556000,0.550000000,1
W20:56,W20,L2,0,1310,298.913000,-298.913000,0.550000000,1
W20:49,W20,L2,0,1310,283.019000,-283.019000,1.111614000,1
W20:50,W20,L2,0,1310,269.231000,-269.231000,1.152717000,1
W20:55,W20,L2,0,1310,265.957000,-265.957000,1.092733000,1
W20:52,W20,L2,0,1310,250.000000,-250.000000,1.155467000,1
W20:51,W20,L2,0,1310,245.098000,-245.098000,0.500000000,1
W20:54,W20,L2,0,1310,244.792000,-244.792000,0.916823000,1
W20:48,W20,L2,0,1310,231.481000,-231.481000,1.385594000,1
W20:53,W20,L2,0,1310,204.082000,-204.082000,1.038303000,1
W20:47,W20,L2,0,1310,159.091000,-159.091000,1.273127000,1
W20:46,W20,L2,0,1310,156.250000,-156.250000,0.350000000,1
W20:45,W20,L2,0,1310,153.509000,-153.509000,0.350000000,1
W20:44,W20,L2,0,1310,150.862000,-150.862000,0.350000000,1
W20:42,W20,L2,0,1310,145.833000,-145.833000,0.794957000,1
W20:7,W20,L2,0,1310,144.737000,-144.737000,1.277577000,1
W20:41,W20,L2,0,1310,143.443000,-143.443000,0.350000000,1
W20:6,W20,L2,0,1310,143.229000,-143.229000,0.550000000,1
W20:40,W20,L2,0,1310,141.129000,-141.129000,0.350000000,1
W20:9,W20,L2,0,1310,134.409000,-134.409000,1.179641000,1
W20:8,W20,L2,0,1310,132.979000,-132.979000,0.500000000,1
W20:5,W20,L2,0,1310,128.866000,-128.866000,1.302271000,1
W20:4,W20,L2,0,1310,127.551000,-127.551000,0.500000000,1
W20:43,W20,L2,0,1310,127.119000,-127.119000,0.802899000,1
W20:33,W20,L2,0,1310,126.812000,-126.812000,0.824231000,1
W20:31,W20,L2,0,1310,123.239000,-123.239000,0.830330000,1
W20:10,W20,L2,0,1310,122.283000,-122.283000,1.238263000,1
W20:30,W20,L2,0,1310,121.528000,-121.528000,0.350000000,1
W20:29,W20,L2,0,1310,119.863000,-119.863000,0.350000000,1
W20:39,W20,L2,0,1310,119.048000,-119.048000,0.815922000,1
W20:28,W20,L2,0,1310,118.243000,-118.243000,0.350000000,1
W20:38,W20,L2,0,1310,117.188000,-117.188000,0.300000000,1
W20:27,W20,L2,0,1310,116.667000,-116.667000,0.350000000,1
W20:37,W20,L2,0,1310,115.385000,-115.385000,0.300000000,1
W20:3|W20:36,W20,L2,0,1310,113.636000,-113.636000,0.756777000,2
W20:35,W20,L2,0,1310,111.940000,-111.940000,0.300000000,1
W20:34,W20,L2,0,1310,110.294000,-110.294000,0.300000000,1
W20:32,W20,L2,0,1310,107.143000,-107.143000,0.837316000,1
W20:19,W20,L2,0,1310,105.422000,-105.422000,0.864370000,1
W20:18,W20,L2,0,1310,104.167000,-104.167000,0.350000000,1
W20:16,W20,L2,0,1310,101.744000,-101.744000,0.872282000,1
W20:15,W20,L2,0,1310,100.575000,-100.575000,0.350000000,1
W20:2,W20,L2,0,1310,100.000000,-100.000000,1.118700000,1
W20:14,W20,L2,0,1310,99.432000,-99.432000,0.350000000,1
W20:13,W20,L2,0,1310,98.315000,-98.315000,0.350000000,1
W20:12,W20,L2,0,1310,97.222000,-97.222000,0.350000000,1
W20:11,W20,L2,0,1310,96.154000,-96.154000,0.350000000,1
W20:20,W20,L2,0,1310,91.463000,-91.463000,0.761230000,1
W20:17,W20,L2,0,1310,88.235000,-88.235000,0.878321000,1
W20:26,W20,L2,0,1310,82.237000,-82.237000,0.959480000,1
W20:25,W20,L2,0,1310,81.169000,-81.169000,0.250000000,1
W20:24,W20,L2,0,1310,80.128000,-80.128000,0.250000000,1
W20:23,W20,L2,0,1310,79.114000,-79.114000,0.250000000,1
W20:22,W20,L2,0,1310,78.125000,-78.125000,0.250000000,1
W20:21,W20,L2,0,1310,77.160000,-77.160000,0.250000000,1
W4:89,W4,L1,50,220,3653.846000,-3653.846000,2.536714000,1
W4:88,W4,L1,50,220,3303.571000,-3303.571000,2.343730000,1
W4:87,W4,L1,50,220,3000.000000,-3000.000000,2.315300000,1
W4:86,W4,L1,50,220,2734.375000,-2734.375000,2.285352000,1
W4:85,W4,L1,50,220,2147.059000,-2147.059000,3.051808000,1
W4:84,W4,L1,50,220,1972.222000,-1972.222000,1.886557000,1
W4:83,W4,L1,50,220,1802.632000,-1802.632000,1.928854000,1
W4:82,W4,L1,50,220,1668.750000,-1668.750000,1.782924000,1
W4:81,W4,L1,50,220,1488.095000,-1488.095000,2.056174000,1
W4:80,W4,L1,50,220,1323.864000,-1323.864000,1.968897000,1
W4:79,W4,L1,50,220,1125.000000,-1125.000000,2.034173000,1
W4:78,W4,L1,50,220,973.958000,-973.958000,1.776604000,1
W4:77,W4,L1,50,220,850.000000,-850.000000,1.601523000,1
W4:76,W4,L1,50,220,783.654000,-783.654000,1.262718000,1
W4:75,W4,L1,50,220,726.852000,-726.852000,1.194991000,1
W4:74,W4,L1,50,220,709.821000,-709.821000,0.625187000,1
W4:73,W4,L1,50,220,672.414000,-672.414000,1.050968000,1
W4:72,W4,L1,50,220,666.667000,-666.667000,0.937927000,1
W4:71,W4,L1,50,220,645.161000,-645.161000,0.800000000,1
W4:70,W4,L1,50,220,625.000000,-625.000000,0.800000000,1
W4:69,W4,L1,50,220,606.061000,-606.061000,0.800000000,1
W4:68,W4,L1,50,220,551.471000,-551.471000,1.366314000,1
W4:67,W4,L1,50,220,535.714000,-535.714000,0.750000000,1
W4:66,W4,L1,50,220,520.833000,-520.833000,0.750000000,1
W4:65,W4,L1,50,220,506.757000,-506.757000,0.750000000,1
W4:64,W4,L1,50,220,486.842000,-486.842000,0.981599000,1
W4:63,W4,L1,50,220,464.744000,-464.744000,1.045775000,1
W4:62,W4,L1,50,220,437.500000,-437.500000,1.139731000,1
W4:61,W4,L1,50,220,396.341000,-396.341000,1.282318000,1
W4:60,W4,L1,50,220,357.143000,-357.143000,1.215616000,1
W4:59,W4,L1,50,220,348.837000,-348.837000,0.600000000,1
W4:58,W4,L1,50,220,312.500000,-312.500000,1.153049000,1
W4:57,W4,L1,50,220,277.778000,-277.778000,1.081444000,1
W4:56,W4,L1,50,220,260.870000,-260.870000,0.835039000,1
W4:55,W4,L1,50,220,244.681000,-244.681000,0.812276000,1
W4:54,W4,L1,50,220,234.375000,-234.375000,0.686329000,1
W4:53,W4,L1,50,220,229.592000,-229.592000,0.450000000,1
W4:52,W4,L1,50,220,225.000000,-225.000000,0.450000000,1
W4:51,W4,L1,50,220,220.588000,-220.588000,0.450000000,1
W4:50,W4,L1,50,220,192.308000,-192.308000,0.953543000,1
W4:49,W4,L1,50,220,188.679000,-188.679000,0.400000000,1
W4:45,W4,L1,50,220,186.404000,-186.404000,0.607630000,1
W4:47,W4,L1,50,220,186.364000,-186.364000,0.585988000,1
W4:46,W4,L1,50,220,185.268000,-185.268000,0.470377000,1
W4:48,W4,L1,50,220,185.185000,-185.185000,0.400000000,1
W4:44,W4,L1,50,220,163.793000,-163.793000,0.915912000,1
W4:43,W4,L1,50,220,161.017000,-161.017000,0.380000000,1
W4:42,W4,L1,50,220,154.167000,-154.167000,0.617428000,1
W4:41,W4,L1,50,220,147.541000,-147.541000,0.606680000,1
W4:40,W4,L1,50,220,141.129000,-141.129000,0.595766000,1
W4:39,W4,L1,50,220,138.889000,-138.889000,0.350000000,1
W4:38,W4,L1,50,220,136.719000,-136.719000,0.350000000,1
W4:37,W4,L1,50,220,126.923000,-126.923000,0.682060000,1
W4:36,W4,L1,50,220,121.212000,-121.212000,0.563928000,1
W4:35,W4,L1,50,220,111.940000,-111.940000,0.640166000,1
W4:34,W4,L1,50,220,102.941000,-102.941000,0.610574000,1
W4:28,W4,L1,50,220,101.351000,-101.351000,0.741459000,1
W4:27,W4,L1,50,220,100.000000,-100.000000,0.300000000,1
W4:26,W4,L1,50,220,98.684000,-98.684000,0.300000000,1
W4:25,W4,L1,50,220,97.403000,-97.403000,0.300000000,1
W4:24,W4,L1,50,220,96.154000,-96.154000,0.300000000,1
W4:23,W4,L1,50,220,94.937000,-94.937000,0.300000000,1
W4:33,W4,L1,50,220,94.203000,-94.203000,0.580261000,1
W4:22,W4,L1,50,220,93.750000,-93.750000,0.300000000,1
W4:32,W4,L1,50,220,89.286000,-89.286000,0.473701000,1
W4:31,W4,L1,50,220,88.028000,-88.028000,0.250000000,1
W4:30,W4,L1,50,220,86.806000,-86.806000,0.250000000,1
W4:29,W4,L1,50,220,85.616000,-85.616000,0.250000000,1
W4:21,W4,L1,50,220,77.160000,-77.160000,0.765620000,1
W4:20,W4,L1,50,220,76.220000,-76.220000,0.250000000,1
W4:19,W4,L1,50,220,75.301000,-75.301000,0.250000000,1
W4:18,W4,L1,50,220,74.405000,-74.405000,0.250000000,1
W4:17,W4,L1,50,220,73.529000,-73.529000,0.250000000,1
W4:16,W4,L1,50,220,72.674000,-72.674000,0.250000000,1
W4:15,W4,L1,50,220,71.839000,-71.839000,0.250000000,1
W4:14,W4,L1,50,220,71.023000,-71.023000,0.250000000,1
W4:13,W4,L1,50,220,70.225000,-70.225000,0.250000000,1
W4:12,W4,L1,50,220,69.444000,-69.444000,0.250000000,1
W4:11,W4,L1,50,220,68.681000,-68.681000,0.250000000,1
W4:10,W4,L1,50,220,67.935000,-67.935000,0.250000000,1
W4:9,W4,L1,50,220,53.763000,-53.763000,0.681796000,1
W4:8,W4,L1,50,220,53.191000,-53.191000,0.200000000,1
W4:7,W4,L1,50,220,52.632000,-52.632000,0.200000000,1
W4:6,W4,L1,50,220,52.083000,-52.083000,0.200000000,1
W4:5,W4,L1,50,220,46.392000,-46.392000,0.482998000,1
W4:4,W4,L1,50,220,45.918000,-45.918000,0.180000000,1
W4:3,W4,L1,50,220,45.455000,-45.455000,0.180000000,1
W4:2,W4,L1,50,220,45.000000,-45.000000,0.180000000,1
W3:88,W3,L1,150,220,2964.286000,-2964.286000,2.635611000,1
W3:87,W3,L1,150,220,2750.000000,-2750.000000,1.784114000,1
W3:86,W3,L1,150,220,2500.000000,-2500.000000,2.122317000,1
W3:85,W3,L1,150,220,2279.412000,-2279.412000,2.089419000,1
W3:84,W3,L1,150,220,2013.889000,-2013.889000,2.315528000,1
W3:83,W3,L1,150,220,1776.316000,-1776.316000,2.218018000,1
W3:82,W3,L1,150,220,1668.750000,-1668.750000,1.570271000,1
W3:81,W3,L1,150,220,1505.952000,-1505.952000,1.983819000,1
W3:80,W3,L1,150,220,1306.818000,-1306.818000,2.104269000,1
W3:79,W3,L1,150,220,1135.870000,-1135.870000,1.934051000,1
W3:78,W3,L1,150,220,984.375000,-984.375000,1.790516000,1
W3:77,W3,L1,150,220,835.000000,-835.000000,1.695827000,1
W3:76,W3,L1,150,220,754.808000,-754.808000,1.331787000,1
W3:75,W3,L1,150,220,694.444000,-694.444000,1.193088000,1
W3:74,W3,L1,150,220,660.714000,-660.714000,0.934611000,1
W3:73,W3,L1,150,220,646.552000,-646.552000,0.635661000,1
W3:72,W3,L1,150,220,625.000000,-625.000000,0.750000000,1
W3:71,W3,L1,150,220,588.710000,-588.710000,1.065549000,1
W3:70,W3,L1,150,220,578.125000,-578.125000,0.675655000,1
W3:69,W3,L1,150,220,568.182000,-568.182000,0.692090000,1
W3:68,W3,L1,150,220,551.471000,-551.471000,0.750000000,1
W3:67,W3,L1,150,220,535.714000,-535.714000,0.750000000,1
W3:66,W3,L1,150,220,520.833000,-520.833000,0.750000000,1
W3:65,W3,L1,150,220,476.351000,-476.351000,1.295161000,1
W3:64,W3,L1,150,220,457.237000,-457.237000,0.932059000,1
W3:63,W3,L1,150,220,445.513000,-445.513000,0.695000000,1
W3:62,W3,L1,150,220,428.125000,-428.125000,0.929304000,1
W3:61,W3,L1,150,220,408.537000,-408.537000,0.991545000,1
W3:59,W3,L1,150,220,406.977000,-406.977000,1.245758000,1
W3:60,W3,L1,150,220,386.905000,-386.905000,1.034366000,1
W3:58,W3,L1,150,220,369.318000,-369.318000,1.303686000,1
W3:57,W3,L1,150,220,361.111000,-361.111000,0.650000000,1
W3:56,W3,L1,150,220,326.087000,-326.087000,1.241972000,1
W3:55,W3,L1,150,220,292.553000,-292.553000,1.171251000,1
W3:54,W3,L1,150,220,270.833000,-270.833000,0.988772000,1
W3:53,W3,L1,150,220,234.694000,-234.694000,1.094209000,1
W3:52,W3,L1,150,220,200.000000,-200.000000,0.996059000,1
W3:51,W3,L1,150,220,196.078000,-196.078000,0.400000000,1
W3:50,W3,L1,150,220,192.308000,-192.308000,0.400000000,1
W3:49,W3,L1,150,220,188.679000,-188.679000,0.400000000,1
W3:48,W3,L1,150,220,185.185000,-185.185000,0.400000000,1
W3:47,W3,L1,150,220,181.818000,-181.818000,0.400000000,1
W3:46,W3,L1,150,220,178.571000,-178.571000,0.400000000,1
W3:45,W3,L1,150,220,175.439000,-175.439000,0.400000000,1
W3:44,W3,L1,150,220,163.793000,-163.793000,0.737773000,1
W3:43,W3,L1,150,220,148.305000,-148.305000,0.774526000,1
W3:42,W3,L1,150,220,145.833000,-145.833000,0.350000000,1
W3:41,W3,L1,150,220,143.443000,-143.443000,0.350000000,1
W3:40,W3,L1,150,220,141.129000,-141.129000,0.350000000,1
W3:39,W3,L1,150,220,138.889000,-138.889000,0.350000000,1
W3:38,W3,L1,150,220,136.719000,-136.719000,0.350000000,1
W3:29,W3,L1,150,220,119.863000,-119.863000,0.749159000,1
W3:28,W3,L1,150,220,118.243000,-118.243000,0.350000000,1
W3:27,W3,L1,150,220,116.667000,-116.667000,0.350000000,1
W3:37,W3,L1,150,220,115.385000,-115.385000,0.822206000,1
W3:26,W3,L1,150,220,115.132000,-115.132000,0.350000000,1
W3:25|W3:36,W3,L1,150,220,113.636000,-113.636000,0.325000000,2
W3:31,W3,L1,150,220,112.676000,-112.676000,0.631369000,1
W3:35,W3,L1,150,220,111.940000,-111.940000,0.300000000,1
W3:30,W3,L1,150,220,111.111000,-111.111000,0.320000000,1
W3:34,W3,L1,150,220,110.294000,-110.294000,0.300000000,1
W3:33,W3,L1,150,220,108.696000,-108.696000,0.300000000,1
W3:32,W3,L1,150,220,107.143000,-107.143000,0.300000000,1
W3:24,W3,L1,150,220,96.154000,-96.154000,0.859913000,1
W3:23,W3,L1,150,220,94.937000,-94.937000,0.300000000,1
W3:22,W3,L1,150,220,78.125000,-78.125000,0.763273000,1
W3:21,W3,L1,150,220,77.160000,-77.160000,0.250000000,1
W3:20,W3,L1,150,220,76.220000,-76.220000,0.250000000,1
W3:19,W3,L1,150,220,75.301000,-75.301000,0.250000000,1
W3:18,W3,L1,150,220,74.405000,-74.405000,0.250000000,1
W3:17,W3,L1,150,220,73.529000,-73.529000,0.250000000,1
W3:16,W3,L1,150,220,58.140000,-58.140000,0.668688000,1
W3:15,W3,L1,150,220,57.471000,-57.471000,0.200000000,1
W3:14,W3,L1,150,220,42.614000,-42.614000,0.557725000,1
W3:13,W3,L1,150,220,42.135000,-42.135000,0.150000000,1
W3:12,W3,L1,150,220,41.667000,-41.667000,0.150000000,1
W3:11,W3,L1,150,220,41.209000,-41.209000,0.150000000,1
W3:10,W3,L1,150,220,40.761000,-40.761000,0.150000000,1
W3:9,W3,L1,150,220,40.323000,-40.323000,0.150000000,1
W3:8,W3,L1,150,220,39.894000,-39.894000,0.150000000,1
W3:7,W3,L1,150,220,39.474000,-39.474000,0.150000000,1
W3:6,W3,L1,150,220,39.063000,-39.063000,0.150000000,1
W3:5,W3,L1,150,220,38.660000,-38.660000,0.150000000,1
W3:4,W3,L1,150,220,38.265000,-38.265000,0.150000000,1
W3:3,W3,L1,150,220,37.879000,-37.879000,0.150000000,1
W3:2,W3,L1,150,220,37.500000,-37.500000,0.150000000,1
W25:89,W25,L3,160,0,4000.000000,-4000.000000,2.254034000,1
W25:88,W25,L3,160,0,3660.714000,-3660.714000,2.386828000,1
W25:87,W25,L3,160,0,3266.667000,-3266.667000,2.763285000,1
W25:86,W25,L3,160,0,3046.875000,-3046.875000,2.094391000,1
W25:85,W25,L3,160,0,2720.588000,-2720.588000,2.764261000,1
W25:84,W25,L3,160,0,2430.556000,-2430.556000,2.677592000,1
W25:83,W25,L3,160,0,2171.053000,-2171.053000,2.586894000,1
W25:82,W25,L3,160,0,2000.000000,-2000.000000,2.206920000,1
W25:81,W25,L3,160,0,1839.286000,-1839.286000,2.205665000,1
W25:80,W25,L3,160,0,1642.045000,-1642.045000,2.411119000,1
W25:79,W25,L3,160,0,1467.391000,-1467.391000,2.283788000,1
W25:78,W25,L3,160,0,1041.667000,-1041.667000,2.744269000,1
W25:77,W25,L3,160,0,950.000000,-950.000000,1.528044000,1
W25:76,W25,L3,160,0,913.462000,-913.462000,0.950000000,1
W25:75,W25,L3,160,0,833.333000,-833.333000,1.490319000,1
W25:74,W25,L3,160,0,803.571000,-803.571000,0.900000000,1
W25:73,W25,L3,160,0,732.759000,-732.759000,1.449197000,1
W25:72,W25,L3,160,0,708.333000,-708.333000,0.850000000,1
W25:71,W25,L3,160,0,685.484000,-685.484000,0.850000000,1
W25:70,W25,L3,160,0,664.063000,-664.063000,0.850000000,1
W25:69,W25,L3,160,0,643.939000,-643.939000,0.850000000,1
W25:68,W25,L3,160,0,588.235000,-588.235000,1.434238000,1
W25:67,W25,L3,160,0,571.429000,-571.429000,0.800000000,1
W25:66,W25,L3,160,0,541.667000,-541.667000,1.156733000,1
W25:65,W25,L3,160,0,513.514000,-513.514000,1.139363000,1
W25:64,W25,L3,160,0,493.421000,-493.421000,0.992566000,1
W25:63,W25,L3,160,0,416.667000,-416.667000,1.535332000,1
W25:62,W25,L3,160,0,412.500000,-412.500000,0.714003000,1
W25:61,W25,L3,160,0,408.537000,-408.537000,0.727950000,1
W25:59,W25,L3,160,0,401.163000,-401.163000,0.961652000,1
W25:60,W25,L3,160,0,398.810000,-398.810000,0.670000000,1
W25:58,W25,L3,160,0,397.727000,-397.727000,0.769581000,1
W25:57,W25,L3,160,0,361.111000,-361.111000,1.310581000,1
W25:56,W25,L3,160,0,342.391000,-342.391000,1.029301000,1
W25:55,W25,L3,160,0,321.809000,-321.809000,1.055479000,1
W25:54,W25,L3,160,0,315.104000,-315.104000,0.605000000,1
W25:53,W25,L3,160,0,298.469000,-298.469000,0.985456000,1
W25:52,W25,L3,160,0,285.000000,-285.000000,0.909238000,1
W25:51,W25,L3,160,0,269.608000,-269.608000,0.948170000,1
W25:50,W25,L3,160,0,254.808000,-254.808000,0.925658000,1
W25:49,W25,L3,160,0,250.000000,-250.000000,0.530000000,1
W25:48,W25,L3,160,0,240.741000,-240.741000,0.788067000,1
W25:47,W25,L3,160,0,227.273000,-227.273000,0.896651000,1
W25:46,W25,L3,160,0,178.571000,-178.571000,1.202653000,1
W25:45,W25,L3,160,0,175.439000,-175.439000,0.400000000,1
W25:44,W25,L3,160,0,150.862000,-150.862000,0.890716000,1
W25:43,W25,L3,160,0,148.305000,-148.305000,0.350000000,1
W25:42,W25,L3,160,0,145.833000,-145.833000,0.350000000,1
W25:41,W25,L3,160,0,143.443000,-143.443000,0.350000000,1
W25:40,W25,L3,160,0,141.129000,-141.129000,0.350000000,1
W25:31,W25,L3,160,0,140.845000,-140.845000,0.923246000,1
W25:30|W25:39,W25,L3,160,0,138.889000,-138.889000,0.375000000,2
W25:29,W25,L3,160,0,136.986000,-136.986000,0.400000000,1
W25:38,W25,L3,160,0,136.719000,-136.719000,0.350000000,1
W25:28,W25,L3,160,0,135.135000,-135.135000,0.400000000,1
W25:37,W25,L3,160,0,134.615000,-134.615000,0.350000000,1
W25:27,W25,L3,160,0,133.333000,-133.333000,0.400000000,1
W25:36,W25,L3,160,0,132.576000,-132.576000,0.350000000,1
W25:35,W25,L3,160,0,130.597000,-130.597000,0.350000000,1
W25:34,W25,L3,160,0,128.676000,-128.676000,0.350000000,1
W25:33,W25,L3,160,0,126.812000,-126.812000,0.350000000,1
W25:32,W25,L3,160,0,125.000000,-125.000000,0.350000000,1
W25:26,W25,L3,160,0,98.684000,-98.684000,1.075529000,1
W25:25,W25,L3,160,0,97.403000,-97.403000,0.300000000,1
W25:24,W25,L3,160,0,96.154000,-96.154000,0.300000000,1
W25:23,W25,L3,160,0,94.937000,-94.937000,0.300000000,1
W25:22,W25,L3,160,0,93.750000,-93.750000,0.300000000,1
W25:21,W25,L3,160,0,92.593000,-92.593000,0.300000000,1
W25:20,W25,L3,160,0,91.463000,-91.463000,0.300000000,1
W25:19,W25,L3,160,0,90.361000,-90.361000,0.300000000,1
W25:18,W25,L3,160,0,89.286000,-89.286000,0.300000000,1
W25:17,W25,L3,160,0,88.235000,-88.235000,0.300000000,1
W25:16,W25,L3,160,0,87.209000,-87.209000,0.300000000,1
W25:15,W25,L3,160,0,86.207000,-86.207000,0.300000000,1
W25:14,W25,L3,160,0,85.227000,-85.227000,0.300000000,1
W25:13,W25,L3,160,0,84.270000,-84.270000,0.300000000,1
W25:12,W25,L3,160,0,83.333000,-83.333000,0.300000000,1
W25:11,W25,L3,160,0,82.418000,-82.418000,0.300000000,1
W25:10,W25,L3,160,0,81.522000,-81.522000,0.300000000,1
W25:9,W25,L3,160,0,80.645000,-80.645000,0.300000000,1
W25:8,W25,L3,160,0,79.787000,-79.787000,0.300000000,1
W25:7,W25,L3,160,0,78.947000,-78.947000,0.300000000,1
W25:6,W25,L3,160,0,78.125000,-78.125000,0.300000000,1
W25:5,W25,L3,160,0,77.320000,-77.320000,0.300000000,1
W25:4,W25,L3,160,0,76.531000,-76.531000,0.300000000,1
W25:3,W25,L3,160,0,75.758000,-75.758000,0.300000000,1
W25:2,W25,L3,160,0,75.000000,-75.000000,0.300000000,1
W2:88,W2,L1,250,220,3214.286000,-3214.286000,2.849809000,1
W2:87,W2,L1,250,220,2758.333000,-2758.333000,2.690915000,1
W2:86,W2,L1,250,220,2390.625000,-2390.625000,2.480189000,1
W2:85,W2,L1,250,220,2154.412000,-2154.412000,2.100222000,1
W2:84,W2,L1,250,220,2027.778000,-2027.778000,1.543096000,1
W2:83,W2,L1,250,220,1921.053000,-1921.053000,1.460000000,1
W2:82,W2,L1,250,220,1825.000000,-1825.000000,1.460000000,1
W2:81,W2,L1,250,220,1678.571000,-1678.571000,2.011379000,1
W2:80,W2,L1,250,220,1511.364000,-1511.364000,2.146956000,1
W2:79,W2,L1,250,220,1277.174000,-1277.174000,2.340979000,1
W2:78,W2,L1,250,220,1093.750000,-1093.750000,2.053744000,1
W2:77,W2,L1,250,220,950.000000,-950.000000,1.814481000,1
W2:76,W2,L1,250,220,831.731000,-831.731000,1.636999000,1
W2:75,W2,L1,250,220,768.519000,-768.519000,1.290850000,1
W2:74,W2,L1,250,220,727.679000,-727.679000,1.083079000,1
W2:73,W2,L1,250,220,681.034000,-681.034000,1.172294000,1
W2:72,W2,L1,250,220,650.000000,-650.000000,0.987429000,1
W2:71,W2,L1,250,220,645.161000,-645.161000,0.949658000,1
W2:70,W2,L1,250,220,621.094000,-621.094000,0.922457000,1
W2:69,W2,L1,250,220,587.121000,-587.121000,1.131306000,1
W2:68,W2,L1,250,220,562.500000,-562.500000,0.990722000,1
W2:67,W2,L1,250,220,535.714000,-535.714000,1.052962000,1
W2:66,W2,L1,250,220,520.833000,-520.833000,0.750000000,1
W2:65,W2,L1,250,220,469.595000,-469.595000,1.348601000,1
W2:64,W2,L1,250,220,444.079000,-444.079000,1.043331000,1
W2:63,W2,L1,250,220,442.308000,-442.308000,0.848092000,1
W2:62,W2,L1,250,220,428.125000,-428.125000,0.832417000,1
W2:61,W2,L1,250,220,414.634000,-414.634000,0.829966000,1
W2:60,W2,L1,250,220,395.833000,-395.833000,0.990386000,1
W2:59,W2,L1,250,220,375.000000,-375.000000,1.033295000,1
W2:58,W2,L1,250,220,355.114000,-355.114000,1.013259000,1
W2:57,W2,L1,250,220,280.556000,-280.556000,1.414637000,1
W2:56,W2,L1,250,220,244.565000,-244.565000,1.034759000,1
W2:55,W2,L1,250,220,239.362000,-239.362000,0.450000000,1
W2:54,W2,L1,250,220,234.375000,-234.375000,0.450000000,1
W2:53,W2,L1,250,220,229.592000,-229.592000,0.450000000,1
W2:52,W2,L1,250,220,225.000000,-225.000000,0.450000000,1
W2:51,W2,L1,250,220,220.588000,-220.588000,0.450000000,1
W2:50,W2,L1,250,220,192.308000,-192.308000,0.953543000,1
W2:49,W2,L1,250,220,188.679000,-188.679000,0.400000000,1
W2:48,W2,L1,250,220,185.185000,-185.185000,0.400000000,1
W2:47,W2,L1,250,220,181.818000,-181.818000,0.400000000,1
W2:46,W2,L1,250,220,178.571000,-178.571000,0.400000000,1
W2:45,W2,L1,250,220,175.439000,-175.439000,0.400000000,1
W2:44,W2,L1,250,220,172.414000,-172.414000,0.400000000,1
W2:43,W2,L1,250,220,169.492000,-169.492000,0.400000000,1
W2:42,W2,L1,250,220,166.667000,-166.667000,0.400000000,1
W2:41,W2,L1,250,220,163.934000,-163.934000,0.400000000,1
W2:40,W2,L1,250,220,120.968000,-120.968000,1.022504000,1
W2:39,W2,L1,250,220,119.048000,-119.048000,0.300000000,1
W2:38,W2,L1,250,220,117.188000,-117.188000,0.300000000,1
W2:37,W2,L1,250,220,115.385000,-115.385000,0.300000000,1
W2:36,W2,L1,250,220,113.636000,-113.636000,0.300000000,1
W2:35,W2,L1,250,220,111.940000,-111.940000,0.300000000,1
W2:34,W2,L1,250,220,110.294000,-110.294000,0.300000000,1
W2:33,W2,L1,250,220,101.449000,-101.449000,0.612708000,1
W2:30,W2,L1,250,220,100.694000,-100.694000,0.494132000,1
W2:32,W2,L1,250,220,100.000000,-100.000000,0.280000000,1
W2:31,W2,L1,250,220,98.592000,-98.592000,0.280000000,1
W2:29,W2,L1,250,220,92.466000,-92.466000,0.604665000,1
W2:28,W2,L1,250,220,87.838000,-87.838000,0.494249000,1
W2:27,W2,L1,250,220,83.333000,-83.333000,0.481318000,1
W2:26,W2,L1,250,220,82.237000,-82.237000,0.250000000,1
W2:25,W2,L1,250,220,81.169000,-81.169000,0.250000000,1
W2:24,W2,L1,250,220,80.128000,-80.128000,0.250000000,1
W2:23,W2,L1,250,220,79.114000,-79.114000,0.250000000,1
W2:22,W2,L1,250,220,78.125000,-78.125000,0.250000000,1
W2:21,W2,L1,250,220,77.160000,-77.160000,0.250000000,1
W2:20,W2,L1,250,220,76.220000,-76.220000,0.250000000,1
W2:19,W2,L1,250,220,60.241000,-60.241000,0.662827000,1
W2:18,W2,L1,250,220,59.524000,-59.524000,0.200000000,1
W2:17,W2,L1,250,220,58.824000,-58.824000,0.200000000,1
W2:16,W2,L1,250,220,58.140000,-58.140000,0.200000000,1
W2:15,W2,L1,250,220,57.471000,-57.471000,0.200000000,1
W2:14,W2,L1,250,220,56.818000,-56.818000,0.200000000,1
W2:13,W2,L1,250,220,56.180000,-56.180000,0.200000000,1
W2:12,W2,L1,250,220,50.000000,-50.000000,0.474216000,1
W2:11,W2,L1,250,220,49.451000,-49.451000,0.180000000,1
W2:10,W2,L1,250,220,48.913000,-48.913000,0.180000000,1
W2:9,W2,L1,250,220,48.387000,-48.387000,0.180000000,1
W2:8,W2,L1,250,220,47.872000,-47.872000,0.180000000,1
W2:7,W2,L1,250,220,39.474000,-39.474000,0.477851000,1
W2:6,W2,L1,250,220,39.063000,-39.063000,0.150000000,1
W2:5,W2,L1,250,220,38.660000,-38.660000,0.150000000,1
W2:4,W2,L1,250,220,38.265000,-38.265000,0.150000000,1
W2:3,W2,L1,250,220,37.879000,-37.879000,0.150000000,1
W2:2,W2,L1,250,220,37.500000,-37.500000,0.150000000,1
W1:90,W1,L1,400,220,4062.500000,-4062.500000,2.395890000,1
W1:89,W1,L1,400,220,3365.385000,-3365.385000,2.946944000,1
W1:88,W1,L1,400,220,3035.714000,-3035.714000,2.183420000,1
W1:87,W1,L1,400,220,2750.000000,-2750.000000,2.153661000,1
W1:86,W1,L1,400,220,2578.125000,-2578.125000,1.650000000,1
W1:85,W1,L1,400,220,2279.412000,-2279.412000,2.408534000,1
W1:84,W1,L1,400,220,2069.444000,-2069.444000,2.117533000,1
W1:83,W1,L1,400,220,1940.789000,-1940.789000,1.704851000,1
W1:82,W1,L1,400,220,1787.500000,-1787.500000,1.975042000,1
W1:81,W1,L1,400,220,1589.286000,-1589.286000,2.219961000,1
W1:80,W1,L1,400,220,1420.455000,-1420.455000,2.076990000,1
W1:79,W1,L1,400,220,1250.000000,-1250.000000,2.050383000,1
W1:78,W1,L1,400,220,1041.667000,-1041.667000,2.087142000,1
W1:77,W1,L1,400,220,950.000000,-950.000000,1.528044000,1
W1:76,W1,L1,400,220,812.500000,-812.500000,1.704019000,1
W1:75,W1,L1,400,220,754.630000,-754.630000,1.230741000,1
W1:74,W1,L1,400,220,723.214000,-723.214000,0.924604000,1
W1:73,W1,L1,400,220,689.655000,-689.655000,1.003667000,1
W1:71,W1,L1,400,220,657.258000,-657.258000,1.100003000,1
W1:72,W1,L1,400,220,654.167000,-654.167000,1.062772000,1
W1:70,W1,L1,400,220,621.094000,-621.094000,1.147709000,1
W1:69,W1,L1,400,220,583.333000,-583.333000,1.179129000,1
W1:68,W1,L1,400,220,551.471000,-551.471000,1.108637000,1
W1:67,W1,L1,400,220,521.429000,-521.429000,1.091394000,1
W1:66,W1,L1,400,220,506.944000,-506.944000,0.730000000,1
W1:65,W1,L1,400,220,489.865000,-489.865000,0.865528000,1
W1:64,W1,L1,400,220,476.974000,-476.974000,0.725000000,1
W1:63,W1,L1,400,220,464.744000,-464.744000,0.725000000,1
W1:62,W1,L1,400,220,437.500000,-437.500000,1.139731000,1
W1:61,W1,L1,400,220,426.829000,-426.829000,0.700000000,1
W1:60,W1,L1,400,220,386.905000,-386.905000,1.289559000,1
W1:59,W1,L1,400,220,377.907000,-377.907000,0.650000000,1
W1:58,W1,L1,400,220,340.909000,-340.909000,1.229006000,1
W1:57,W1,L1,400,220,333.333000,-333.333000,0.600000000,1
W1:56,W1,L1,400,220,315.217000,-315.217000,0.965555000,1
W1:55,W1,L1,400,220,292.553000,-292.553000,1.026310000,1
W1:54,W1,L1,400,220,276.042000,-276.042000,0.909344000,1
W1:53,W1,L1,400,220,255.102000,-255.102000,0.964765000,1
W1:52,W1,L1,400,220,225.000000,-225.000000,1.027747000,1
W1:51,W1,L1,400,220,220.588000,-220.588000,0.450000000,1
W1:50,W1,L1,400,220,216.346000,-216.346000,0.450000000,1
W1:49,W1,L1,400,220,188.679000,-188.679000,0.957955000,1
W1:48,W1,L1,400,220,185.185000,-185.185000,0.400000000,1
W1:47,W1,L1,400,220,181.818000,-181.818000,0.400000000,1
W1:46,W1,L1,400,220,178.571000,-178.571000,0.400000000,1
W1:45,W1,L1,400,220,175.439000,-175.439000,0.400000000,1
W1:44,W1,L1,400,220,172.414000,-172.414000,0.400000000,1
W1:43,W1,L1,400,220,169.492000,-169.492000,0.400000000,1
W1:42,W1,L1,400,220,166.667000,-166.667000,0.400000000,1
W1:41,W1,L1,400,220,163.934000,-163.934000,0.400000000,1
W1:40,W1,L1,400,220,161.290000,-161.290000,0.400000000,1
W1:39,W1,L1,400,220,158.730000,-158.730000,0.400000000,1
W1:38,W1,L1,400,220,156.250000,-156.250000,0.400000000,1
W1:37,W1,L1,400,220,153.846000,-153.846000,0.400000000,1
W1:36,W1,L1,400,220,151.515000,-151.515000,0.400000000,1
W1:35,W1,L1,400,220,149.254000,-149.254000,0.400000000,1
W1:34,W1,L1,400,220,147.059000,-147.059000,0.400000000,1
W1:33,W1,L1,400,220,144.928000,-144.928000,0.400000000,1
W1:32,W1,L1,400,220,142.857000,-142.857000,0.400000000,1
W1:31,W1,L1,400,220,140.845000,-140.845000,0.400000000,1
W1:30,W1,L1,400,220,138.889000,-138.889000,0.400000000,1
W1:29,W1,L1,400,220,136.986000,-136.986000,0.400000000,1
W1:28,W1,L1,400,220,135.135000,-135.135000,0.400000000,1
W1:27,W1,L1,400,220,133.333000,-133.333000,0.400000000,1
W1:26,W1,L1,400,220,131.579000,-131.579000,0.400000000,1
W1:25,W1,L1,400,220,113.636000,-113.636000,0.954694000,1
W1:24,W1,L1,400,220,112.179000,-112.179000,0.350000000,1
W1:23,W1,L1,400,220,110.759000,-110.759000,0.350000000,1
W1:22,W1,L1,400,220,103.125000,-103.125000,0.716548000,1
W1:21,W1,L1,400,220,98.765000,-98.765000,0.590682000,1
W1:20,W1,L1,400,220,97.561000,-97.561000,0.320000000,1
W1:19,W1,L1,400,220,90.361000,-90.361000,0.673797000,1
W1:18,W1,L1,400,220,89.286000,-89.286000,0.300000000,1
W1:17,W1,L1,400,220,88.235000,-88.235000,0.300000000,1
W1:16,W1,L1,400,220,87.209000,-87.209000,0.300000000,1
W1:15,W1,L1,400,220,86.207000,-86.207000,0.300000000,1
W1:14,W1,L1,400,220,85.227000,-85.227000,0.300000000,1
W1:13,W1,L1,400,220,84.270000,-84.270000,0.300000000,1
W1:12,W1,L1,400,220,77.778000,-77.778000,0.653118000,1
W1:11,W1,L1,400,220,76.923000,-76.923000,0.280000000,1
W1:10,W1,L1,400,220,70.652000,-70.652000,0.621954000,1
W1:9,W1,L1,400,220,67.204000,-67.204000,0.506112000,1
W1:8,W1,L1,400,220,61.170000,-61.170000,0.571848000,1
W1:7,W1,L1,400,220,60.526000,-60.526000,0.230000000,1
W1:6,W1,L1,400,220,52.083000,-52.083000,0.584411000,1
W1:5,W1,L1,400,220,51.546000,-51.546000,0.200000000,1
W1:4,W1,L1,400,220,51.020000,-51.020000,0.200000000,1
W1:3,W1,L1,400,220,50.505000,-50.505000,0.200000000,1
W1:2,W1,L1,400,220,50.000000,-50.000000,0.200000000,1
W24:89,W24,L3,960,0,4086.538000,-4086.538000,2.529213000,1
W24:88,W24,L3,960,0,3741.071000,-3741.071000,2.433101000,1
W24:87,W24,L3,960,0,3333.333000,-3333.333000,2.838899000,1
W24:86,W24,L3,960,0,3046.875000,-3046.875000,2.500838000,1
W24:85,W24,L3,960,0,2794.118000,-2794.118000,2.471136000,1
W24:84,W24,L3,960,0,2500.000000,-2500.000000,2.737012000,1
W24:83,W24,L3,960,0,2171.053000,-2171.053000,2.850683000,1
W24:82,W24,L3,960,0,1993.750000,-1993.750000,2.242102000,1
W24:81,W24,L3,960,0,1821.429000,-1821.429000,2.264954000,1
W24:80,W24,L3,960,0,1630.682000,-1630.682000,2.369206000,1
W24:79,W24,L3,960,0,1467.391000,-1467.391000,2.223809000,1
W24:78,W24,L3,960,0,1093.750000,-1093.750000,2.682239000,1
W24:77,W24,L3,960,0,950.000000,-950.000000,1.814481000,1
W24:76,W24,L3,960,0,865.385000,-865.385000,1.478208000,1
W24:75,W24,L3,960,0,787.037000,-787.037000,1.426647000,1
W24:74,W24,L3,960,0,758.929000,-758.929000,0.850000000,1
W24:73,W24,L3,960,0,732.759000,-732.759000,0.850000000,1
W24:72,W24,L3,960,0,666.667000,-666.667000,1.394519000,1
W24:71,W24,L3,960,0,645.161000,-645.161000,0.800000000,1
W24:70,W24,L3,960,0,625.000000,-625.000000,0.800000000,1
W24:69,W24,L3,960,0,606.061000,-606.061000,0.800000000,1
W24:68,W24,L3,960,0,551.471000,-551.471000,1.366314000,1
W24:67,W24,L3,960,0,535.714000,-535.714000,0.750000000,1
W24:66,W24,L3,960,0,520.833000,-520.833000,0.750000000,1
W24:65,W24,L3,960,0,506.757000,-506.757000,0.750000000,1
W24:64,W24,L3,960,0,460.526000,-460.526000,1.331139000,1
W24:63,W24,L3,960,0,448.718000,-448.718000,0.700000000,1
W24:62,W24,L3,960,0,437.500000,-437.500000,0.700000000,1
W24:61,W24,L3,960,0,426.829000,-426.829000,0.700000000,1
W24:60,W24,L3,960,0,416.667000,-416.667000,0.700000000,1
W24:59,W24,L3,960,0,404.070000,-404.070000,0.851276000,1
W24:58,W24,L3,960,0,397.727000,-397.727000,0.491845000,1
W24:57,W24,L3,960,0,361.111000,-361.111000,1.310581000,1
W24:56,W24,L3,960,0,353.261000,-353.261000,0.650000000,1
W24:55,W24,L3,960,0,332.447000,-332.447000,1.082031000,1
W24:54,W24,L3,960,0,330.729000,-330.729000,0.750665000,1
W24:53,W24,L3,960,0,308.673000,-308.673000,1.113293000,1
W24:52,W24,L3,960,0,282.500000,-282.500000,1.142762000,1
W24:51,W24,L3,960,0,279.412000,-279.412000,0.533263000,1
W24:50,W24,L3,960,0,240.385000,-240.385000,1.231710000,1
W24:49,W24,L3,960,0,188.679000,-188.679000,1.186418000,1
W24:48,W24,L3,960,0,185.185000,-185.185000,0.400000000,1
W24:47,W24,L3,960,0,159.091000,-159.091000,0.879253000,1
W24:46,W24,L3,960,0,156.250000,-156.250000,0.350000000,1
W24:37,W24,L3,960,0,153.846000,-153.846000,0.902355000,1
W24:45,W24,L3,960,0,153.509000,-153.509000,0.350000000,1
W24:36,W24,L3,960,0,151.515000,-151.515000,0.400000000,1
W24:44,W24,L3,960,0,150.862000,-150.862000,0.350000000,1
W24:35,W24,L3,960,0,149.254000,-149.254000,0.400000000,1
W24:43,W24,L3,960,0,148.305000,-148.305000,0.350000000,1
W24:34,W24,L3,960,0,147.059000,-147.059000,0.400000000,1
W24:42,W24,L3,960,0,145.833000,-145.833000,0.350000000,1
W24:33,W24,L3,960,0,144.928000,-144.928000,0.400000000,1
W24:41,W24,L3,960,0,143.443000,-143.443000,0.350000000,1
W24:32,W24,L3,960,0,142.857000,-142.857000,0.400000000,1
W24:40,W24,L3,960,0,141.129000,-141.129000,0.350000000,1
W24:31,W24,L3,960,0,140.845000,-140.845000,0.400000000,1
W24:30|W24:39,W24,L3,960,0,138.889000,-138.889000,0.375000000,2
W24:29,W24,L3,960,0,136.986000,-136.986000,0.400000000,1
W24:38,W24,L3,960,0,136.719000,-136.719000,0.350000000,1
W24:28,W24,L3,960,0,135.135000,-135.135000,0.400000000,1
W24:27,W24,L3,960,0,116.667000,-116.667000,0.948548000,1
W24:26,W24,L3,960,0,115.132000,-115.132000,0.350000000,1
W24:25,W24,L3,960,0,97.403000,-97.403000,0.857185000,1
W24:24,W24,L3,960,0,80.128000,-80.128000,0.758513000,1
W24:23,W24,L3,960,0,79.114000,-79.114000,0.250000000,1
W24:22,W24,L3,960,0,78.125000,-78.125000,0.250000000,1
W24:21,W24,L3,960,0,77.160000,-77.160000,0.250000000,1
W24:20,W24,L3,960,0,76.220000,-76.220000,0.250000000,1
W24:19,W24,L3,960,0,75.301000,-75.301000,0.250000000,1
W24:18,W24,L3,960,0,74.405000,-74.405000,0.250000000,1
W24:17,W24,L3,960,0,73.529000,-73.529000,0.250000000,1
W24:16,W24,L3,960,0,72.674000,-72.674000,0.250000000,1
W24:15,W24,L3,960,0,71.839000,-71.839000,0.250000000,1
W24:14,W24,L3,960,0,71.023000,-71.023000,0.250000000,1
W24:13,W24,L3,960,0,70.225000,-70.225000,0.250000000,1
W24:12,W24,L3,960,0,69.444000,-69.444000,0.250000000,1
W24:11,W24,L3,960,0,54.945000,-54.945000,0.678128000,1
W24:10,W24,L3,960,0,54.348000,-54.348000,0.200000000,1
W24:9,W24,L3,960,0,53.763000,-53.763000,0.200000000,1
W24:8,W24,L3,960,0,53.191000,-53.191000,0.200000000,1
W24:7,W24,L3,960,0,52.632000,-52.632000,0.200000000,1
W24:6,W24,L3,960,0,52.083000,-52.083000,0.200000000,1
W24:5,W24,L3,960,0,51.546000,-51.546000,0.200000000,1
W24:4,W24,L3,960,0,51.020000,-51.020000,0.200000000,1
W24:3,W24,L3,960,0,50.505000,-50.505000,0.200000000,1
W24:2,W24,L3,960,0,50.000000,-50.000000,0.200000000,1
